jahr,demographie_szenario,rentenalter_szenario,korridor,beitragssatz,regelaltersgrenze,entlastete_rentner_mio,zusatz_beitragsbasis_mrd_euro,referenzausgaben_adj_mrd_euro,beitragsbasis_adj_mrd_euro,bestandsschutz_zuschuss_mrd_euro,sonstige_einnahmen_mrd_euro,leistbares_budget_mrd_euro,budgetsaldo_vs_referenz_mrd_euro,rentenwert_budgetfaktor,notiz
2027,jung,status_quo_67,ziel_20_prozent,0.200000,67.000,0.000,0.000,431.952,1789.493,99.104,3.356,460.358,28.407,1.000000,"Formel: Rentenwertfaktor = min(1, (Beitragsbasis x Korridor + Bestandsschutz + sonstige Einnahmen) / Referenzausgaben)."
2027,jung,status_quo_67,stabil_22_prozent,0.220000,67.000,0.000,0.000,431.952,1789.493,99.104,3.356,496.148,64.197,1.000000,"Formel: Rentenwertfaktor = min(1, (Beitragsbasis x Korridor + Bestandsschutz + sonstige Einnahmen) / Referenzausgaben)."
2027,jung,status_quo_67,obergrenze_24_prozent,0.240000,67.000,0.000,0.000,431.952,1789.493,99.104,3.356,531.938,99.986,1.000000,"Formel: Rentenwertfaktor = min(1, (Beitragsbasis x Korridor + Bestandsschutz + sonstige Einnahmen) / Referenzausgaben)."
2027,jung,lebenserwartung_gekoppelt_2zu1,ziel_20_prozent,0.200000,67.000,0.000,0.000,431.952,1789.493,99.104,3.356,460.358,28.407,1.000000,"Formel: Rentenwertfaktor = min(1, (Beitragsbasis x Korridor + Bestandsschutz + sonstige Einnahmen) / Referenzausgaben)."
2027,jung,lebenserwartung_gekoppelt_2zu1,stabil_22_prozent,0.220000,67.000,0.000,0.000,431.952,1789.493,99.104,3.356,496.148,64.197,1.000000,"Formel: Rentenwertfaktor = min(1, (Beitragsbasis x Korridor + Bestandsschutz + sonstige Einnahmen) / Referenzausgaben)."
2027,jung,lebenserwartung_gekoppelt_2zu1,obergrenze_24_prozent,0.240000,67.000,0.000,0.000,431.952,1789.493,99.104,3.356,531.938,99.986,1.000000,"Formel: Rentenwertfaktor = min(1, (Beitragsbasis x Korridor + Bestandsschutz + sonstige Einnahmen) / Referenzausgaben)."
2027,jung,daenemarknah,ziel_20_prozent,0.200000,67.000,0.000,0.000,431.952,1789.493,99.104,3.356,460.358,28.407,1.000000,"Formel: Rentenwertfaktor = min(1, (Beitragsbasis x Korridor + Bestandsschutz + sonstige Einnahmen) / Referenzausgaben)."
2027,jung,daenemarknah,stabil_22_prozent,0.220000,67.000,0.000,0.000,431.952,1789.493,99.104,3.356,496.148,64.197,1.000000,"Formel: Rentenwertfaktor = min(1, (Beitragsbasis x Korridor + Bestandsschutz + sonstige Einnahmen) / Referenzausgaben)."
2027,jung,daenemarknah,obergrenze_24_prozent,0.240000,67.000,0.000,0.000,431.952,1789.493,99.104,3.356,531.938,99.986,1.000000,"Formel: Rentenwertfaktor = min(1, (Beitragsbasis x Korridor + Bestandsschutz + sonstige Einnahmen) / Referenzausgaben)."
2028,jung,status_quo_67,ziel_20_prozent,0.200000,67.000,0.000,0.000,450.516,1825.074,103.363,3.440,471.818,21.302,1.000000,"Formel: Rentenwertfaktor = min(1, (Beitragsbasis x Korridor + Bestandsschutz + sonstige Einnahmen) / Referenzausgaben)."
2028,jung,status_quo_67,stabil_22_prozent,0.220000,67.000,0.000,0.000,450.516,1825.074,103.363,3.440,508.319,57.803,1.000000,"Formel: Rentenwertfaktor = min(1, (Beitragsbasis x Korridor + Bestandsschutz + sonstige Einnahmen) / Referenzausgaben)."
2028,jung,status_quo_67,obergrenze_24_prozent,0.240000,67.000,0.000,0.000,450.516,1825.074,103.363,3.440,544.820,94.305,1.000000,"Formel: Rentenwertfaktor = min(1, (Beitragsbasis x Korridor + Bestandsschutz + sonstige Einnahmen) / Referenzausgaben)."
2028,jung,lebenserwartung_gekoppelt_2zu1,ziel_20_prozent,0.200000,67.125,0.126,0.779,447.350,1825.852,103.363,3.440,471.973,24.624,1.000000,"Formel: Rentenwertfaktor = min(1, (Beitragsbasis x Korridor + Bestandsschutz + sonstige Einnahmen) / Referenzausgaben)."
2028,jung,lebenserwartung_gekoppelt_2zu1,stabil_22_prozent,0.220000,67.125,0.126,0.779,447.350,1825.852,103.363,3.440,508.490,61.141,1.000000,"Formel: Rentenwertfaktor = min(1, (Beitragsbasis x Korridor + Bestandsschutz + sonstige Einnahmen) / Referenzausgaben)."
2028,jung,lebenserwartung_gekoppelt_2zu1,obergrenze_24_prozent,0.240000,67.125,0.126,0.779,447.350,1825.852,103.363,3.440,545.007,97.658,1.000000,"Formel: Rentenwertfaktor = min(1, (Beitragsbasis x Korridor + Bestandsschutz + sonstige Einnahmen) / Referenzausgaben)."
2028,jung,daenemarknah,ziel_20_prozent,0.200000,67.333,0.336,2.077,442.072,1827.150,103.363,3.440,472.233,30.161,1.000000,"Formel: Rentenwertfaktor = min(1, (Beitragsbasis x Korridor + Bestandsschutz + sonstige Einnahmen) / Referenzausgaben)."
2028,jung,daenemarknah,stabil_22_prozent,0.220000,67.333,0.336,2.077,442.072,1827.150,103.363,3.440,508.776,66.704,1.000000,"Formel: Rentenwertfaktor = min(1, (Beitragsbasis x Korridor + Bestandsschutz + sonstige Einnahmen) / Referenzausgaben)."
2028,jung,daenemarknah,obergrenze_24_prozent,0.240000,67.333,0.336,2.077,442.072,1827.150,103.363,3.440,545.319,103.247,1.000000,"Formel: Rentenwertfaktor = min(1, (Beitragsbasis x Korridor + Bestandsschutz + sonstige Einnahmen) / Referenzausgaben)."
2029,jung,status_quo_67,ziel_20_prozent,0.200000,67.000,0.000,0.000,469.781,1861.315,107.783,3.526,483.572,13.791,1.000000,"Formel: Rentenwertfaktor = min(1, (Beitragsbasis x Korridor + Bestandsschutz + sonstige Einnahmen) / Referenzausgaben)."
2029,jung,status_quo_67,stabil_22_prozent,0.220000,67.000,0.000,0.000,469.781,1861.315,107.783,3.526,520.798,51.017,1.000000,"Formel: Rentenwertfaktor = min(1, (Beitragsbasis x Korridor + Bestandsschutz + sonstige Einnahmen) / Referenzausgaben)."
2029,jung,status_quo_67,obergrenze_24_prozent,0.240000,67.000,0.000,0.000,469.781,1861.315,107.783,3.526,558.024,88.243,1.000000,"Formel: Rentenwertfaktor = min(1, (Beitragsbasis x Korridor + Bestandsschutz + sonstige Einnahmen) / Referenzausgaben)."
2029,jung,lebenserwartung_gekoppelt_2zu1,ziel_20_prozent,0.200000,67.250,0.256,1.619,463.178,1862.934,107.783,3.526,483.896,20.718,1.000000,"Formel: Rentenwertfaktor = min(1, (Beitragsbasis x Korridor + Bestandsschutz + sonstige Einnahmen) / Referenzausgaben)."
2029,jung,lebenserwartung_gekoppelt_2zu1,stabil_22_prozent,0.220000,67.250,0.256,1.619,463.178,1862.934,107.783,3.526,521.154,57.977,1.000000,"Formel: Rentenwertfaktor = min(1, (Beitragsbasis x Korridor + Bestandsschutz + sonstige Einnahmen) / Referenzausgaben)."
2029,jung,lebenserwartung_gekoppelt_2zu1,obergrenze_24_prozent,0.240000,67.250,0.256,1.619,463.178,1862.934,107.783,3.526,558.413,95.235,1.000000,"Formel: Rentenwertfaktor = min(1, (Beitragsbasis x Korridor + Bestandsschutz + sonstige Einnahmen) / Referenzausgaben)."
2029,jung,daenemarknah,ziel_20_prozent,0.200000,67.667,0.682,4.318,452.172,1865.633,107.783,3.526,484.436,32.264,1.000000,"Formel: Rentenwertfaktor = min(1, (Beitragsbasis x Korridor + Bestandsschutz + sonstige Einnahmen) / Referenzausgaben)."
2029,jung,daenemarknah,stabil_22_prozent,0.220000,67.667,0.682,4.318,452.172,1865.633,107.783,3.526,521.748,69.576,1.000000,"Formel: Rentenwertfaktor = min(1, (Beitragsbasis x Korridor + Bestandsschutz + sonstige Einnahmen) / Referenzausgaben)."
2029,jung,daenemarknah,obergrenze_24_prozent,0.240000,67.667,0.682,4.318,452.172,1865.633,107.783,3.526,559.061,106.889,1.000000,"Formel: Rentenwertfaktor = min(1, (Beitragsbasis x Korridor + Bestandsschutz + sonstige Einnahmen) / Referenzausgaben)."
2030,jung,status_quo_67,ziel_20_prozent,0.200000,67.000,0.000,0.000,489.772,1917.438,97.858,3.614,484.959,-4.813,0.990173,"Formel: Rentenwertfaktor = min(1, (Beitragsbasis x Korridor + Bestandsschutz + sonstige Einnahmen) / Referenzausgaben)."
2030,jung,status_quo_67,stabil_22_prozent,0.220000,67.000,0.000,0.000,489.772,1917.438,97.858,3.614,523.308,33.536,1.000000,"Formel: Rentenwertfaktor = min(1, (Beitragsbasis x Korridor + Bestandsschutz + sonstige Einnahmen) / Referenzausgaben)."
2030,jung,status_quo_67,obergrenze_24_prozent,0.240000,67.000,0.000,0.000,489.772,1917.438,97.858,3.614,561.657,71.884,1.000000,"Formel: Rentenwertfaktor = min(1, (Beitragsbasis x Korridor + Bestandsschutz + sonstige Einnahmen) / Referenzausgaben)."
2030,jung,lebenserwartung_gekoppelt_2zu1,ziel_20_prozent,0.200000,67.375,0.389,2.551,479.446,1919.988,97.858,3.614,485.469,6.024,1.000000,"Formel: Rentenwertfaktor = min(1, (Beitragsbasis x Korridor + Bestandsschutz + sonstige Einnahmen) / Referenzausgaben)."
2030,jung,lebenserwartung_gekoppelt_2zu1,stabil_22_prozent,0.220000,67.375,0.389,2.551,479.446,1919.988,97.858,3.614,523.869,44.424,1.000000,"Formel: Rentenwertfaktor = min(1, (Beitragsbasis x Korridor + Bestandsschutz + sonstige Einnahmen) / Referenzausgaben)."
2030,jung,lebenserwartung_gekoppelt_2zu1,obergrenze_24_prozent,0.240000,67.375,0.389,2.551,479.446,1919.988,97.858,3.614,562.269,82.823,1.000000,"Formel: Rentenwertfaktor = min(1, (Beitragsbasis x Korridor + Bestandsschutz + sonstige Einnahmen) / Referenzausgaben)."
2030,jung,daenemarknah,ziel_20_prozent,0.200000,68.000,1.037,6.802,462.234,1924.240,97.858,3.614,486.320,24.085,1.000000,"Formel: Rentenwertfaktor = min(1, (Beitragsbasis x Korridor + Bestandsschutz + sonstige Einnahmen) / Referenzausgaben)."
2030,jung,daenemarknah,stabil_22_prozent,0.220000,68.000,1.037,6.802,462.234,1924.240,97.858,3.614,524.804,62.570,1.000000,"Formel: Rentenwertfaktor = min(1, (Beitragsbasis x Korridor + Bestandsschutz + sonstige Einnahmen) / Referenzausgaben)."
2030,jung,daenemarknah,obergrenze_24_prozent,0.240000,68.000,1.037,6.802,462.234,1924.240,97.858,3.614,563.289,101.055,1.000000,"Formel: Rentenwertfaktor = min(1, (Beitragsbasis x Korridor + Bestandsschutz + sonstige Einnahmen) / Referenzausgaben)."
2031,jung,status_quo_67,ziel_20_prozent,0.200000,67.000,0.000,0.000,510.515,1975.004,93.199,3.704,491.904,-18.611,0.963546,"Formel: Rentenwertfaktor = min(1, (Beitragsbasis x Korridor + Bestandsschutz + sonstige Einnahmen) / Referenzausgaben)."
2031,jung,status_quo_67,stabil_22_prozent,0.220000,67.000,0.000,0.000,510.515,1975.004,93.199,3.704,531.404,20.890,1.000000,"Formel: Rentenwertfaktor = min(1, (Beitragsbasis x Korridor + Bestandsschutz + sonstige Einnahmen) / Referenzausgaben)."
2031,jung,status_quo_67,obergrenze_24_prozent,0.240000,67.000,0.000,0.000,510.515,1975.004,93.199,3.704,570.904,60.390,1.000000,"Formel: Rentenwertfaktor = min(1, (Beitragsbasis x Korridor + Bestandsschutz + sonstige Einnahmen) / Referenzausgaben)."
2031,jung,lebenserwartung_gekoppelt_2zu1,ziel_20_prozent,0.200000,67.500,0.526,3.570,496.162,1978.574,93.199,3.704,492.618,-3.544,0.992856,"Formel: Rentenwertfaktor = min(1, (Beitragsbasis x Korridor + Bestandsschutz + sonstige Einnahmen) / Referenzausgaben)."
2031,jung,lebenserwartung_gekoppelt_2zu1,stabil_22_prozent,0.220000,67.500,0.526,3.570,496.162,1978.574,93.199,3.704,532.190,36.027,1.000000,"Formel: Rentenwertfaktor = min(1, (Beitragsbasis x Korridor + Bestandsschutz + sonstige Einnahmen) / Referenzausgaben)."
2031,jung,lebenserwartung_gekoppelt_2zu1,obergrenze_24_prozent,0.240000,67.500,0.526,3.570,496.162,1978.574,93.199,3.704,571.761,75.599,1.000000,"Formel: Rentenwertfaktor = min(1, (Beitragsbasis x Korridor + Bestandsschutz + sonstige Einnahmen) / Referenzausgaben)."
2031,jung,daenemarknah,ziel_20_prozent,0.200000,68.200,1.262,8.140,476.069,1983.144,93.199,3.704,493.532,17.463,1.000000,"Formel: Rentenwertfaktor = min(1, (Beitragsbasis x Korridor + Bestandsschutz + sonstige Einnahmen) / Referenzausgaben)."
2031,jung,daenemarknah,stabil_22_prozent,0.220000,68.200,1.262,8.140,476.069,1983.144,93.199,3.704,533.195,57.125,1.000000,"Formel: Rentenwertfaktor = min(1, (Beitragsbasis x Korridor + Bestandsschutz + sonstige Einnahmen) / Referenzausgaben)."
2031,jung,daenemarknah,obergrenze_24_prozent,0.240000,68.200,1.262,8.140,476.069,1983.144,93.199,3.704,572.858,96.788,1.000000,"Formel: Rentenwertfaktor = min(1, (Beitragsbasis x Korridor + Bestandsschutz + sonstige Einnahmen) / Referenzausgaben)."
2032,jung,status_quo_67,ziel_20_prozent,0.200000,67.000,0.000,0.000,532.034,2034.046,88.574,3.797,499.180,-32.854,0.938248,"Formel: Rentenwertfaktor = min(1, (Beitragsbasis x Korridor + Bestandsschutz + sonstige Einnahmen) / Referenzausgaben)."
2032,jung,status_quo_67,stabil_22_prozent,0.220000,67.000,0.000,0.000,532.034,2034.046,88.574,3.797,539.861,7.826,1.000000,"Formel: Rentenwertfaktor = min(1, (Beitragsbasis x Korridor + Bestandsschutz + sonstige Einnahmen) / Referenzausgaben)."
2032,jung,status_quo_67,obergrenze_24_prozent,0.240000,67.000,0.000,0.000,532.034,2034.046,88.574,3.797,580.542,48.507,1.000000,"Formel: Rentenwertfaktor = min(1, (Beitragsbasis x Korridor + Bestandsschutz + sonstige Einnahmen) / Referenzausgaben)."
2032,jung,lebenserwartung_gekoppelt_2zu1,ziel_20_prozent,0.200000,67.625,0.666,4.683,513.338,2038.729,88.574,3.797,500.117,-13.221,0.974244,"Formel: Rentenwertfaktor = min(1, (Beitragsbasis x Korridor + Bestandsschutz + sonstige Einnahmen) / Referenzausgaben)."
2032,jung,lebenserwartung_gekoppelt_2zu1,stabil_22_prozent,0.220000,67.625,0.666,4.683,513.338,2038.729,88.574,3.797,540.891,27.553,1.000000,"Formel: Rentenwertfaktor = min(1, (Beitragsbasis x Korridor + Bestandsschutz + sonstige Einnahmen) / Referenzausgaben)."
2032,jung,lebenserwartung_gekoppelt_2zu1,obergrenze_24_prozent,0.240000,67.625,0.666,4.683,513.338,2038.729,88.574,3.797,581.666,68.328,1.000000,"Formel: Rentenwertfaktor = min(1, (Beitragsbasis x Korridor + Bestandsschutz + sonstige Einnahmen) / Referenzausgaben)."
2032,jung,daenemarknah,ziel_20_prozent,0.200000,68.400,1.492,9.591,490.154,2043.636,88.574,3.797,501.098,10.944,1.000000,"Formel: Rentenwertfaktor = min(1, (Beitragsbasis x Korridor + Bestandsschutz + sonstige Einnahmen) / Referenzausgaben)."
2032,jung,daenemarknah,stabil_22_prozent,0.220000,68.400,1.492,9.591,490.154,2043.636,88.574,3.797,541.971,51.817,1.000000,"Formel: Rentenwertfaktor = min(1, (Beitragsbasis x Korridor + Bestandsschutz + sonstige Einnahmen) / Referenzausgaben)."
2032,jung,daenemarknah,obergrenze_24_prozent,0.240000,68.400,1.492,9.591,490.154,2043.636,88.574,3.797,582.844,92.689,1.000000,"Formel: Rentenwertfaktor = min(1, (Beitragsbasis x Korridor + Bestandsschutz + sonstige Einnahmen) / Referenzausgaben)."
2033,jung,status_quo_67,ziel_20_prozent,0.200000,67.000,0.000,0.000,554.359,2094.595,83.992,3.892,506.803,-47.556,0.914214,"Formel: Rentenwertfaktor = min(1, (Beitragsbasis x Korridor + Bestandsschutz + sonstige Einnahmen) / Referenzausgaben)."
2033,jung,status_quo_67,stabil_22_prozent,0.220000,67.000,0.000,0.000,554.359,2094.595,83.992,3.892,548.695,-5.665,0.989782,"Formel: Rentenwertfaktor = min(1, (Beitragsbasis x Korridor + Bestandsschutz + sonstige Einnahmen) / Referenzausgaben)."
2033,jung,status_quo_67,obergrenze_24_prozent,0.240000,67.000,0.000,0.000,554.359,2094.595,83.992,3.892,590.586,36.227,1.000000,"Formel: Rentenwertfaktor = min(1, (Beitragsbasis x Korridor + Bestandsschutz + sonstige Einnahmen) / Referenzausgaben)."
2033,jung,lebenserwartung_gekoppelt_2zu1,ziel_20_prozent,0.200000,67.750,0.810,5.896,530.982,2100.491,83.992,3.892,507.982,-23.000,0.956684,"Formel: Rentenwertfaktor = min(1, (Beitragsbasis x Korridor + Bestandsschutz + sonstige Einnahmen) / Referenzausgaben)."
2033,jung,lebenserwartung_gekoppelt_2zu1,stabil_22_prozent,0.220000,67.750,0.810,5.896,530.982,2100.491,83.992,3.892,549.992,19.010,1.000000,"Formel: Rentenwertfaktor = min(1, (Beitragsbasis x Korridor + Bestandsschutz + sonstige Einnahmen) / Referenzausgaben)."
2033,jung,lebenserwartung_gekoppelt_2zu1,obergrenze_24_prozent,0.240000,67.750,0.810,5.896,530.982,2100.491,83.992,3.892,592.001,61.019,1.000000,"Formel: Rentenwertfaktor = min(1, (Beitragsbasis x Korridor + Bestandsschutz + sonstige Einnahmen) / Referenzausgaben)."
2033,jung,daenemarknah,ziel_20_prozent,0.200000,68.600,1.728,11.163,504.488,2105.758,83.992,3.892,509.035,4.547,1.000000,"Formel: Rentenwertfaktor = min(1, (Beitragsbasis x Korridor + Bestandsschutz + sonstige Einnahmen) / Referenzausgaben)."
2033,jung,daenemarknah,stabil_22_prozent,0.220000,68.600,1.728,11.163,504.488,2105.758,83.992,3.892,551.150,46.662,1.000000,"Formel: Rentenwertfaktor = min(1, (Beitragsbasis x Korridor + Bestandsschutz + sonstige Einnahmen) / Referenzausgaben)."
2033,jung,daenemarknah,obergrenze_24_prozent,0.240000,68.600,1.728,11.163,504.488,2105.758,83.992,3.892,593.266,88.778,1.000000,"Formel: Rentenwertfaktor = min(1, (Beitragsbasis x Korridor + Bestandsschutz + sonstige Einnahmen) / Referenzausgaben)."
2034,jung,status_quo_67,ziel_20_prozent,0.200000,67.000,0.000,0.000,577.517,2156.686,79.464,3.989,514.790,-62.727,0.891385,"Formel: Rentenwertfaktor = min(1, (Beitragsbasis x Korridor + Bestandsschutz + sonstige Einnahmen) / Referenzausgaben)."
2034,jung,status_quo_67,stabil_22_prozent,0.220000,67.000,0.000,0.000,577.517,2156.686,79.464,3.989,557.924,-19.593,0.966074,"Formel: Rentenwertfaktor = min(1, (Beitragsbasis x Korridor + Bestandsschutz + sonstige Einnahmen) / Referenzausgaben)."
2034,jung,status_quo_67,obergrenze_24_prozent,0.240000,67.000,0.000,0.000,577.517,2156.686,79.464,3.989,601.058,23.541,1.000000,"Formel: Rentenwertfaktor = min(1, (Beitragsbasis x Korridor + Bestandsschutz + sonstige Einnahmen) / Referenzausgaben)."
2034,jung,lebenserwartung_gekoppelt_2zu1,ziel_20_prozent,0.200000,67.875,0.958,7.214,549.104,2163.900,79.464,3.989,516.233,-32.871,0.940137,"Formel: Rentenwertfaktor = min(1, (Beitragsbasis x Korridor + Bestandsschutz + sonstige Einnahmen) / Referenzausgaben)."
2034,jung,lebenserwartung_gekoppelt_2zu1,stabil_22_prozent,0.220000,67.875,0.958,7.214,549.104,2163.900,79.464,3.989,559.511,10.407,1.000000,"Formel: Rentenwertfaktor = min(1, (Beitragsbasis x Korridor + Bestandsschutz + sonstige Einnahmen) / Referenzausgaben)."
2034,jung,lebenserwartung_gekoppelt_2zu1,obergrenze_24_prozent,0.240000,67.875,0.958,7.214,549.104,2163.900,79.464,3.989,602.789,53.685,1.000000,"Formel: Rentenwertfaktor = min(1, (Beitragsbasis x Korridor + Bestandsschutz + sonstige Einnahmen) / Referenzausgaben)."
2034,jung,daenemarknah,ziel_20_prozent,0.200000,68.800,1.971,12.862,519.068,2169.548,79.464,3.989,517.363,-1.705,0.996715,"Formel: Rentenwertfaktor = min(1, (Beitragsbasis x Korridor + Bestandsschutz + sonstige Einnahmen) / Referenzausgaben)."
2034,jung,daenemarknah,stabil_22_prozent,0.220000,68.800,1.971,12.862,519.068,2169.548,79.464,3.989,560.754,41.686,1.000000,"Formel: Rentenwertfaktor = min(1, (Beitragsbasis x Korridor + Bestandsschutz + sonstige Einnahmen) / Referenzausgaben)."
2034,jung,daenemarknah,obergrenze_24_prozent,0.240000,68.800,1.971,12.862,519.068,2169.548,79.464,3.989,604.144,85.077,1.000000,"Formel: Rentenwertfaktor = min(1, (Beitragsbasis x Korridor + Bestandsschutz + sonstige Einnahmen) / Referenzausgaben)."
2035,jung,status_quo_67,ziel_20_prozent,0.200000,67.000,0.000,0.000,601.537,2220.352,75.003,4.089,523.162,-78.375,0.869709,"Formel: Rentenwertfaktor = min(1, (Beitragsbasis x Korridor + Bestandsschutz + sonstige Einnahmen) / Referenzausgaben)."
2035,jung,status_quo_67,stabil_22_prozent,0.220000,67.000,0.000,0.000,601.537,2220.352,75.003,4.089,567.569,-33.968,0.943532,"Formel: Rentenwertfaktor = min(1, (Beitragsbasis x Korridor + Bestandsschutz + sonstige Einnahmen) / Referenzausgaben)."
2035,jung,status_quo_67,obergrenze_24_prozent,0.240000,67.000,0.000,0.000,601.537,2220.352,75.003,4.089,611.976,10.440,1.000000,"Formel: Rentenwertfaktor = min(1, (Beitragsbasis x Korridor + Bestandsschutz + sonstige Einnahmen) / Referenzausgaben)."
2035,jung,lebenserwartung_gekoppelt_2zu1,ziel_20_prozent,0.200000,68.000,1.109,8.645,567.715,2228.997,75.003,4.089,524.891,-42.823,0.924569,"Formel: Rentenwertfaktor = min(1, (Beitragsbasis x Korridor + Bestandsschutz + sonstige Einnahmen) / Referenzausgaben)."
2035,jung,lebenserwartung_gekoppelt_2zu1,stabil_22_prozent,0.220000,68.000,1.109,8.645,567.715,2228.997,75.003,4.089,569.471,1.757,1.000000,"Formel: Rentenwertfaktor = min(1, (Beitragsbasis x Korridor + Bestandsschutz + sonstige Einnahmen) / Referenzausgaben)."
2035,jung,lebenserwartung_gekoppelt_2zu1,obergrenze_24_prozent,0.240000,68.000,1.109,8.645,567.715,2228.997,75.003,4.089,614.051,46.337,1.000000,"Formel: Rentenwertfaktor = min(1, (Beitragsbasis x Korridor + Bestandsschutz + sonstige Einnahmen) / Referenzausgaben)."
2035,jung,daenemarknah,ziel_20_prozent,0.200000,69.000,2.218,14.697,533.892,2235.049,75.003,4.089,526.102,-7.791,0.985408,"Formel: Rentenwertfaktor = min(1, (Beitragsbasis x Korridor + Bestandsschutz + sonstige Einnahmen) / Referenzausgaben)."
2035,jung,daenemarknah,stabil_22_prozent,0.220000,69.000,2.218,14.697,533.892,2235.049,75.003,4.089,570.803,36.910,1.000000,"Formel: Rentenwertfaktor = min(1, (Beitragsbasis x Korridor + Bestandsschutz + sonstige Einnahmen) / Referenzausgaben)."
2035,jung,daenemarknah,obergrenze_24_prozent,0.240000,69.000,2.218,14.697,533.892,2235.049,75.003,4.089,615.504,81.611,1.000000,"Formel: Rentenwertfaktor = min(1, (Beitragsbasis x Korridor + Bestandsschutz + sonstige Einnahmen) / Referenzausgaben)."
2036,jung,status_quo_67,ziel_20_prozent,0.200000,67.000,0.000,0.000,626.449,2266.001,70.625,4.191,528.016,-98.434,0.842871,"Formel: Rentenwertfaktor = min(1, (Beitragsbasis x Korridor + Bestandsschutz + sonstige Einnahmen) / Referenzausgaben)."
2036,jung,status_quo_67,stabil_22_prozent,0.220000,67.000,0.000,0.000,626.449,2266.001,70.625,4.191,573.336,-53.114,0.915215,"Formel: Rentenwertfaktor = min(1, (Beitragsbasis x Korridor + Bestandsschutz + sonstige Einnahmen) / Referenzausgaben)."
2036,jung,status_quo_67,obergrenze_24_prozent,0.240000,67.000,0.000,0.000,626.449,2266.001,70.625,4.191,618.656,-7.794,0.987559,"Formel: Rentenwertfaktor = min(1, (Beitragsbasis x Korridor + Bestandsschutz + sonstige Einnahmen) / Referenzausgaben)."
2036,jung,lebenserwartung_gekoppelt_2zu1,ziel_20_prozent,0.200000,68.100,1.236,9.614,587.704,2275.615,70.625,4.191,529.938,-57.766,0.901710,"Formel: Rentenwertfaktor = min(1, (Beitragsbasis x Korridor + Bestandsschutz + sonstige Einnahmen) / Referenzausgaben)."
2036,jung,lebenserwartung_gekoppelt_2zu1,stabil_22_prozent,0.220000,68.100,1.236,9.614,587.704,2275.615,70.625,4.191,575.451,-12.253,0.979150,"Formel: Rentenwertfaktor = min(1, (Beitragsbasis x Korridor + Bestandsschutz + sonstige Einnahmen) / Referenzausgaben)."
2036,jung,lebenserwartung_gekoppelt_2zu1,obergrenze_24_prozent,0.240000,68.100,1.236,9.614,587.704,2275.615,70.625,4.191,620.963,33.259,1.000000,"Formel: Rentenwertfaktor = min(1, (Beitragsbasis x Korridor + Bestandsschutz + sonstige Einnahmen) / Referenzausgaben)."
2036,jung,daenemarknah,ziel_20_prozent,0.200000,69.200,2.472,16.173,548.959,2282.174,70.625,4.191,531.250,-17.709,0.967741,"Formel: Rentenwertfaktor = min(1, (Beitragsbasis x Korridor + Bestandsschutz + sonstige Einnahmen) / Referenzausgaben)."
2036,jung,daenemarknah,stabil_22_prozent,0.220000,69.200,2.472,16.173,548.959,2282.174,70.625,4.191,576.894,27.935,1.000000,"Formel: Rentenwertfaktor = min(1, (Beitragsbasis x Korridor + Bestandsschutz + sonstige Einnahmen) / Referenzausgaben)."
2036,jung,daenemarknah,obergrenze_24_prozent,0.240000,69.200,2.472,16.173,548.959,2282.174,70.625,4.191,622.537,73.578,1.000000,"Formel: Rentenwertfaktor = min(1, (Beitragsbasis x Korridor + Bestandsschutz + sonstige Einnahmen) / Referenzausgaben)."
2037,jung,status_quo_67,ziel_20_prozent,0.200000,67.000,0.000,0.000,652.285,2312.524,66.341,4.296,533.141,-119.144,0.817344,"Formel: Rentenwertfaktor = min(1, (Beitragsbasis x Korridor + Bestandsschutz + sonstige Einnahmen) / Referenzausgaben)."
2037,jung,status_quo_67,stabil_22_prozent,0.220000,67.000,0.000,0.000,652.285,2312.524,66.341,4.296,579.392,-72.893,0.888250,"Formel: Rentenwertfaktor = min(1, (Beitragsbasis x Korridor + Bestandsschutz + sonstige Einnahmen) / Referenzausgaben)."
2037,jung,status_quo_67,obergrenze_24_prozent,0.240000,67.000,0.000,0.000,652.285,2312.524,66.341,4.296,625.642,-26.643,0.959155,"Formel: Rentenwertfaktor = min(1, (Beitragsbasis x Korridor + Bestandsschutz + sonstige Einnahmen) / Referenzausgaben)."
2037,jung,lebenserwartung_gekoppelt_2zu1,ziel_20_prozent,0.200000,68.200,1.366,10.643,608.274,2323.167,66.341,4.296,535.270,-73.004,0.879981,"Formel: Rentenwertfaktor = min(1, (Beitragsbasis x Korridor + Bestandsschutz + sonstige Einnahmen) / Referenzausgaben)."
2037,jung,lebenserwartung_gekoppelt_2zu1,stabil_22_prozent,0.220000,68.200,1.366,10.643,608.274,2323.167,66.341,4.296,581.733,-26.541,0.956367,"Formel: Rentenwertfaktor = min(1, (Beitragsbasis x Korridor + Bestandsschutz + sonstige Einnahmen) / Referenzausgaben)."
2037,jung,lebenserwartung_gekoppelt_2zu1,obergrenze_24_prozent,0.240000,68.200,1.366,10.643,608.274,2323.167,66.341,4.296,628.197,19.922,1.000000,"Formel: Rentenwertfaktor = min(1, (Beitragsbasis x Korridor + Bestandsschutz + sonstige Einnahmen) / Referenzausgaben)."
2037,jung,daenemarknah,ziel_20_prozent,0.200000,69.400,2.732,17.739,564.264,2330.263,66.341,4.296,536.689,-27.574,0.951132,"Formel: Rentenwertfaktor = min(1, (Beitragsbasis x Korridor + Bestandsschutz + sonstige Einnahmen) / Referenzausgaben)."
2037,jung,daenemarknah,stabil_22_prozent,0.220000,69.400,2.732,17.739,564.264,2330.263,66.341,4.296,583.294,19.031,1.000000,"Formel: Rentenwertfaktor = min(1, (Beitragsbasis x Korridor + Bestandsschutz + sonstige Einnahmen) / Referenzausgaben)."
2037,jung,daenemarknah,obergrenze_24_prozent,0.240000,69.400,2.732,17.739,564.264,2330.263,66.341,4.296,629.900,65.636,1.000000,"Formel: Rentenwertfaktor = min(1, (Beitragsbasis x Korridor + Bestandsschutz + sonstige Einnahmen) / Referenzausgaben)."
2038,jung,status_quo_67,ziel_20_prozent,0.200000,67.000,0.000,0.000,679.077,2359.935,62.165,4.403,538.555,-140.521,0.793070,"Formel: Rentenwertfaktor = min(1, (Beitragsbasis x Korridor + Bestandsschutz + sonstige Einnahmen) / Referenzausgaben)."
2038,jung,status_quo_67,stabil_22_prozent,0.220000,67.000,0.000,0.000,679.077,2359.935,62.165,4.403,585.754,-93.323,0.862574,"Formel: Rentenwertfaktor = min(1, (Beitragsbasis x Korridor + Bestandsschutz + sonstige Einnahmen) / Referenzausgaben)."
2038,jung,status_quo_67,obergrenze_24_prozent,0.240000,67.000,0.000,0.000,679.077,2359.935,62.165,4.403,632.953,-46.124,0.932078,"Formel: Rentenwertfaktor = min(1, (Beitragsbasis x Korridor + Bestandsschutz + sonstige Einnahmen) / Referenzausgaben)."
2038,jung,lebenserwartung_gekoppelt_2zu1,ziel_20_prozent,0.200000,68.300,1.498,11.737,629.440,2371.671,62.165,4.403,540.903,-88.537,0.859339,"Formel: Rentenwertfaktor = min(1, (Beitragsbasis x Korridor + Bestandsschutz + sonstige Einnahmen) / Referenzausgaben)."
2038,jung,lebenserwartung_gekoppelt_2zu1,stabil_22_prozent,0.220000,68.300,1.498,11.737,629.440,2371.671,62.165,4.403,588.336,-41.104,0.934698,"Formel: Rentenwertfaktor = min(1, (Beitragsbasis x Korridor + Bestandsschutz + sonstige Einnahmen) / Referenzausgaben)."
2038,jung,lebenserwartung_gekoppelt_2zu1,obergrenze_24_prozent,0.240000,68.300,1.498,11.737,629.440,2371.671,62.165,4.403,635.769,6.329,1.000000,"Formel: Rentenwertfaktor = min(1, (Beitragsbasis x Korridor + Bestandsschutz + sonstige Einnahmen) / Referenzausgaben)."
2038,jung,daenemarknah,ziel_20_prozent,0.200000,69.600,2.997,19.399,579.803,2379.334,62.165,4.403,542.435,-37.368,0.935550,"Formel: Rentenwertfaktor = min(1, (Beitragsbasis x Korridor + Bestandsschutz + sonstige Einnahmen) / Referenzausgaben)."
2038,jung,daenemarknah,stabil_22_prozent,0.220000,69.600,2.997,19.399,579.803,2379.334,62.165,4.403,590.022,10.218,1.000000,"Formel: Rentenwertfaktor = min(1, (Beitragsbasis x Korridor + Bestandsschutz + sonstige Einnahmen) / Referenzausgaben)."
2038,jung,daenemarknah,obergrenze_24_prozent,0.240000,69.600,2.997,19.399,579.803,2379.334,62.165,4.403,637.608,57.805,1.000000,"Formel: Rentenwertfaktor = min(1, (Beitragsbasis x Korridor + Bestandsschutz + sonstige Einnahmen) / Referenzausgaben)."
2039,jung,status_quo_67,ziel_20_prozent,0.200000,67.000,0.000,0.000,697.665,2417.269,58.108,4.513,546.075,-151.590,0.782718,"Formel: Rentenwertfaktor = min(1, (Beitragsbasis x Korridor + Bestandsschutz + sonstige Einnahmen) / Referenzausgaben)."
2039,jung,status_quo_67,stabil_22_prozent,0.220000,67.000,0.000,0.000,697.665,2417.269,58.108,4.513,594.420,-103.245,0.852014,"Formel: Rentenwertfaktor = min(1, (Beitragsbasis x Korridor + Bestandsschutz + sonstige Einnahmen) / Referenzausgaben)."
2039,jung,status_quo_67,obergrenze_24_prozent,0.240000,67.000,0.000,0.000,697.665,2417.269,58.108,4.513,642.766,-54.899,0.921310,"Formel: Rentenwertfaktor = min(1, (Beitragsbasis x Korridor + Bestandsschutz + sonstige Einnahmen) / Referenzausgaben)."
2039,jung,lebenserwartung_gekoppelt_2zu1,ziel_20_prozent,0.200000,68.400,1.613,12.729,642.747,2429.998,58.108,4.513,548.621,-94.126,0.853556,"Formel: Rentenwertfaktor = min(1, (Beitragsbasis x Korridor + Bestandsschutz + sonstige Einnahmen) / Referenzausgaben)."
2039,jung,lebenserwartung_gekoppelt_2zu1,stabil_22_prozent,0.220000,68.400,1.613,12.729,642.747,2429.998,58.108,4.513,597.221,-45.526,0.929169,"Formel: Rentenwertfaktor = min(1, (Beitragsbasis x Korridor + Bestandsschutz + sonstige Einnahmen) / Referenzausgaben)."
2039,jung,lebenserwartung_gekoppelt_2zu1,obergrenze_24_prozent,0.240000,68.400,1.613,12.729,642.747,2429.998,58.108,4.513,645.821,3.074,1.000000,"Formel: Rentenwertfaktor = min(1, (Beitragsbasis x Korridor + Bestandsschutz + sonstige Einnahmen) / Referenzausgaben)."
2039,jung,daenemarknah,ziel_20_prozent,0.200000,69.800,3.225,20.884,587.829,2438.153,58.108,4.513,550.252,-37.577,0.936074,"Formel: Rentenwertfaktor = min(1, (Beitragsbasis x Korridor + Bestandsschutz + sonstige Einnahmen) / Referenzausgaben)."
2039,jung,daenemarknah,stabil_22_prozent,0.220000,69.800,3.225,20.884,587.829,2438.153,58.108,4.513,599.015,11.186,1.000000,"Formel: Rentenwertfaktor = min(1, (Beitragsbasis x Korridor + Bestandsschutz + sonstige Einnahmen) / Referenzausgaben)."
2039,jung,daenemarknah,obergrenze_24_prozent,0.240000,69.800,3.225,20.884,587.829,2438.153,58.108,4.513,647.778,59.949,1.000000,"Formel: Rentenwertfaktor = min(1, (Beitragsbasis x Korridor + Bestandsschutz + sonstige Einnahmen) / Referenzausgaben)."
2040,jung,status_quo_67,ziel_20_prozent,0.200000,67.000,0.000,0.000,713.276,2475.988,54.176,4.626,553.999,-159.277,0.776697,"Formel: Rentenwertfaktor = min(1, (Beitragsbasis x Korridor + Bestandsschutz + sonstige Einnahmen) / Referenzausgaben)."
2040,jung,status_quo_67,stabil_22_prozent,0.220000,67.000,0.000,0.000,713.276,2475.988,54.176,4.626,603.519,-109.757,0.846123,"Formel: Rentenwertfaktor = min(1, (Beitragsbasis x Korridor + Bestandsschutz + sonstige Einnahmen) / Referenzausgaben)."
2040,jung,status_quo_67,obergrenze_24_prozent,0.240000,67.000,0.000,0.000,713.276,2475.988,54.176,4.626,653.039,-60.237,0.915549,"Formel: Rentenwertfaktor = min(1, (Beitragsbasis x Korridor + Bestandsschutz + sonstige Einnahmen) / Referenzausgaben)."
2040,jung,lebenserwartung_gekoppelt_2zu1,ziel_20_prozent,0.200000,68.500,1.727,13.765,653.119,2489.753,54.176,4.626,556.752,-96.366,0.852452,"Formel: Rentenwertfaktor = min(1, (Beitragsbasis x Korridor + Bestandsschutz + sonstige Einnahmen) / Referenzausgaben)."
2040,jung,lebenserwartung_gekoppelt_2zu1,stabil_22_prozent,0.220000,68.500,1.727,13.765,653.119,2489.753,54.176,4.626,606.547,-46.571,0.928694,"Formel: Rentenwertfaktor = min(1, (Beitragsbasis x Korridor + Bestandsschutz + sonstige Einnahmen) / Referenzausgaben)."
2040,jung,lebenserwartung_gekoppelt_2zu1,obergrenze_24_prozent,0.240000,68.500,1.727,13.765,653.119,2489.753,54.176,4.626,656.342,3.224,1.000000,"Formel: Rentenwertfaktor = min(1, (Beitragsbasis x Korridor + Bestandsschutz + sonstige Einnahmen) / Referenzausgaben)."
2040,jung,daenemarknah,ziel_20_prozent,0.200000,70.000,3.454,22.431,592.961,2498.419,54.176,4.626,558.485,-34.476,0.941858,"Formel: Rentenwertfaktor = min(1, (Beitragsbasis x Korridor + Bestandsschutz + sonstige Einnahmen) / Referenzausgaben)."
2040,jung,daenemarknah,stabil_22_prozent,0.220000,70.000,3.454,22.431,592.961,2498.419,54.176,4.626,608.454,15.493,1.000000,"Formel: Rentenwertfaktor = min(1, (Beitragsbasis x Korridor + Bestandsschutz + sonstige Einnahmen) / Referenzausgaben)."
2040,jung,daenemarknah,obergrenze_24_prozent,0.240000,70.000,3.454,22.431,592.961,2498.419,54.176,4.626,658.422,65.461,1.000000,"Formel: Rentenwertfaktor = min(1, (Beitragsbasis x Korridor + Bestandsschutz + sonstige Einnahmen) / Referenzausgaben)."
2041,jung,status_quo_67,ziel_20_prozent,0.200000,67.000,0.000,0.000,729.236,2536.126,50.374,4.742,562.340,-166.895,0.771137,"Formel: Rentenwertfaktor = min(1, (Beitragsbasis x Korridor + Bestandsschutz + sonstige Einnahmen) / Referenzausgaben)."
2041,jung,status_quo_67,stabil_22_prozent,0.220000,67.000,0.000,0.000,729.236,2536.126,50.374,4.742,613.063,-116.173,0.840692,"Formel: Rentenwertfaktor = min(1, (Beitragsbasis x Korridor + Bestandsschutz + sonstige Einnahmen) / Referenzausgaben)."
2041,jung,status_quo_67,obergrenze_24_prozent,0.240000,67.000,0.000,0.000,729.236,2536.126,50.374,4.742,663.785,-65.450,0.910248,"Formel: Rentenwertfaktor = min(1, (Beitragsbasis x Korridor + Bestandsschutz + sonstige Einnahmen) / Referenzausgaben)."
2041,jung,lebenserwartung_gekoppelt_2zu1,ziel_20_prozent,0.200000,68.600,1.841,14.844,663.632,2550.970,50.374,4.742,565.309,-98.323,0.851841,"Formel: Rentenwertfaktor = min(1, (Beitragsbasis x Korridor + Bestandsschutz + sonstige Einnahmen) / Referenzausgaben)."
2041,jung,lebenserwartung_gekoppelt_2zu1,stabil_22_prozent,0.220000,68.600,1.841,14.844,663.632,2550.970,50.374,4.742,616.329,-47.304,0.928720,"Formel: Rentenwertfaktor = min(1, (Beitragsbasis x Korridor + Bestandsschutz + sonstige Einnahmen) / Referenzausgaben)."
2041,jung,lebenserwartung_gekoppelt_2zu1,obergrenze_24_prozent,0.240000,68.600,1.841,14.844,663.632,2550.970,50.374,4.742,667.348,3.716,1.000000,"Formel: Rentenwertfaktor = min(1, (Beitragsbasis x Korridor + Bestandsschutz + sonstige Einnahmen) / Referenzausgaben)."
2041,jung,daenemarknah,ziel_20_prozent,0.200000,70.067,3.528,23.242,603.496,2559.368,50.374,4.742,566.989,-36.507,0.939508,"Formel: Rentenwertfaktor = min(1, (Beitragsbasis x Korridor + Bestandsschutz + sonstige Einnahmen) / Referenzausgaben)."
2041,jung,daenemarknah,stabil_22_prozent,0.220000,70.067,3.528,23.242,603.496,2559.368,50.374,4.742,618.176,14.681,1.000000,"Formel: Rentenwertfaktor = min(1, (Beitragsbasis x Korridor + Bestandsschutz + sonstige Einnahmen) / Referenzausgaben)."
2041,jung,daenemarknah,obergrenze_24_prozent,0.240000,70.067,3.528,23.242,603.496,2559.368,50.374,4.742,669.363,65.868,1.000000,"Formel: Rentenwertfaktor = min(1, (Beitragsbasis x Korridor + Bestandsschutz + sonstige Einnahmen) / Referenzausgaben)."
2042,jung,status_quo_67,ziel_20_prozent,0.200000,67.000,0.000,0.000,745.552,2597.716,46.704,4.860,571.107,-174.446,0.766018,"Formel: Rentenwertfaktor = min(1, (Beitragsbasis x Korridor + Bestandsschutz + sonstige Einnahmen) / Referenzausgaben)."
2042,jung,status_quo_67,stabil_22_prozent,0.220000,67.000,0.000,0.000,745.552,2597.716,46.704,4.860,623.061,-122.491,0.835704,"Formel: Rentenwertfaktor = min(1, (Beitragsbasis x Korridor + Bestandsschutz + sonstige Einnahmen) / Referenzausgaben)."
2042,jung,status_quo_67,obergrenze_24_prozent,0.240000,67.000,0.000,0.000,745.552,2597.716,46.704,4.860,675.015,-70.537,0.905390,"Formel: Rentenwertfaktor = min(1, (Beitragsbasis x Korridor + Bestandsschutz + sonstige Einnahmen) / Referenzausgaben)."
2042,jung,lebenserwartung_gekoppelt_2zu1,ziel_20_prozent,0.200000,68.700,1.955,15.969,674.289,2613.685,46.704,4.860,574.301,-99.988,0.851713,"Formel: Rentenwertfaktor = min(1, (Beitragsbasis x Korridor + Bestandsschutz + sonstige Einnahmen) / Referenzausgaben)."
2042,jung,lebenserwartung_gekoppelt_2zu1,stabil_22_prozent,0.220000,68.700,1.955,15.969,674.289,2613.685,46.704,4.860,626.574,-47.715,0.929237,"Formel: Rentenwertfaktor = min(1, (Beitragsbasis x Korridor + Bestandsschutz + sonstige Einnahmen) / Referenzausgaben)."
2042,jung,lebenserwartung_gekoppelt_2zu1,obergrenze_24_prozent,0.240000,68.700,1.955,15.969,674.289,2613.685,46.704,4.860,678.848,4.559,1.000000,"Formel: Rentenwertfaktor = min(1, (Beitragsbasis x Korridor + Bestandsschutz + sonstige Einnahmen) / Referenzausgaben)."
2042,jung,daenemarknah,ziel_20_prozent,0.200000,70.133,3.603,24.079,614.204,2621.795,46.704,4.860,575.923,-38.282,0.937673,"Formel: Rentenwertfaktor = min(1, (Beitragsbasis x Korridor + Bestandsschutz + sonstige Einnahmen) / Referenzausgaben)."
2042,jung,daenemarknah,stabil_22_prozent,0.220000,70.133,3.603,24.079,614.204,2621.795,46.704,4.860,628.358,14.154,1.000000,"Formel: Rentenwertfaktor = min(1, (Beitragsbasis x Korridor + Bestandsschutz + sonstige Einnahmen) / Referenzausgaben)."
2042,jung,daenemarknah,obergrenze_24_prozent,0.240000,70.133,3.603,24.079,614.204,2621.795,46.704,4.860,680.794,66.590,1.000000,"Formel: Rentenwertfaktor = min(1, (Beitragsbasis x Korridor + Bestandsschutz + sonstige Einnahmen) / Referenzausgaben)."
2043,jung,status_quo_67,ziel_20_prozent,0.200000,67.000,0.000,0.000,762.234,2660.793,43.166,4.982,580.306,-181.928,0.761323,"Formel: Rentenwertfaktor = min(1, (Beitragsbasis x Korridor + Bestandsschutz + sonstige Einnahmen) / Referenzausgaben)."
2043,jung,status_quo_67,stabil_22_prozent,0.220000,67.000,0.000,0.000,762.234,2660.793,43.166,4.982,633.522,-128.712,0.831138,"Formel: Rentenwertfaktor = min(1, (Beitragsbasis x Korridor + Bestandsschutz + sonstige Einnahmen) / Referenzausgaben)."
2043,jung,status_quo_67,obergrenze_24_prozent,0.240000,67.000,0.000,0.000,762.234,2660.793,43.166,4.982,686.738,-75.496,0.900954,"Formel: Rentenwertfaktor = min(1, (Beitragsbasis x Korridor + Bestandsschutz + sonstige Einnahmen) / Referenzausgaben)."
2043,jung,lebenserwartung_gekoppelt_2zu1,ziel_20_prozent,0.200000,68.800,2.068,17.142,685.090,2677.935,43.166,4.982,583.734,-101.356,0.852055,"Formel: Rentenwertfaktor = min(1, (Beitragsbasis x Korridor + Bestandsschutz + sonstige Einnahmen) / Referenzausgaben)."
2043,jung,lebenserwartung_gekoppelt_2zu1,stabil_22_prozent,0.220000,68.800,2.068,17.142,685.090,2677.935,43.166,4.982,637.293,-47.797,0.930232,"Formel: Rentenwertfaktor = min(1, (Beitragsbasis x Korridor + Bestandsschutz + sonstige Einnahmen) / Referenzausgaben)."
2043,jung,lebenserwartung_gekoppelt_2zu1,obergrenze_24_prozent,0.240000,68.800,2.068,17.142,685.090,2677.935,43.166,4.982,690.852,5.761,1.000000,"Formel: Rentenwertfaktor = min(1, (Beitragsbasis x Korridor + Bestandsschutz + sonstige Einnahmen) / Referenzausgaben)."
2043,jung,daenemarknah,ziel_20_prozent,0.200000,70.200,3.677,24.944,625.090,2685.736,43.166,4.982,585.295,-39.795,0.936337,"Formel: Rentenwertfaktor = min(1, (Beitragsbasis x Korridor + Bestandsschutz + sonstige Einnahmen) / Referenzausgaben)."
2043,jung,daenemarknah,stabil_22_prozent,0.220000,70.200,3.677,24.944,625.090,2685.736,43.166,4.982,639.009,13.920,1.000000,"Formel: Rentenwertfaktor = min(1, (Beitragsbasis x Korridor + Bestandsschutz + sonstige Einnahmen) / Referenzausgaben)."
2043,jung,daenemarknah,obergrenze_24_prozent,0.240000,70.200,3.677,24.944,625.090,2685.736,43.166,4.982,692.724,67.635,1.000000,"Formel: Rentenwertfaktor = min(1, (Beitragsbasis x Korridor + Bestandsschutz + sonstige Einnahmen) / Referenzausgaben)."
2044,jung,status_quo_67,ziel_20_prozent,0.200000,67.000,0.000,0.000,779.288,2725.393,39.759,5.106,589.944,-189.344,0.757029,"Formel: Rentenwertfaktor = min(1, (Beitragsbasis x Korridor + Bestandsschutz + sonstige Einnahmen) / Referenzausgaben)."
2044,jung,status_quo_67,stabil_22_prozent,0.220000,67.000,0.000,0.000,779.288,2725.393,39.759,5.106,644.452,-134.837,0.826975,"Formel: Rentenwertfaktor = min(1, (Beitragsbasis x Korridor + Bestandsschutz + sonstige Einnahmen) / Referenzausgaben)."
2044,jung,status_quo_67,obergrenze_24_prozent,0.240000,67.000,0.000,0.000,779.288,2725.393,39.759,5.106,698.960,-80.329,0.896921,"Formel: Rentenwertfaktor = min(1, (Beitragsbasis x Korridor + Bestandsschutz + sonstige Einnahmen) / Referenzausgaben)."
2044,jung,lebenserwartung_gekoppelt_2zu1,ziel_20_prozent,0.200000,68.900,2.182,18.364,696.037,2743.756,39.759,5.106,593.617,-102.420,0.852852,"Formel: Rentenwertfaktor = min(1, (Beitragsbasis x Korridor + Bestandsschutz + sonstige Einnahmen) / Referenzausgaben)."
2044,jung,lebenserwartung_gekoppelt_2zu1,stabil_22_prozent,0.220000,68.900,2.182,18.364,696.037,2743.756,39.759,5.106,648.492,-47.545,0.931692,"Formel: Rentenwertfaktor = min(1, (Beitragsbasis x Korridor + Bestandsschutz + sonstige Einnahmen) / Referenzausgaben)."
2044,jung,lebenserwartung_gekoppelt_2zu1,obergrenze_24_prozent,0.240000,68.900,2.182,18.364,696.037,2743.756,39.759,5.106,703.367,7.330,1.000000,"Formel: Rentenwertfaktor = min(1, (Beitragsbasis x Korridor + Bestandsschutz + sonstige Einnahmen) / Referenzausgaben)."
2044,jung,daenemarknah,ziel_20_prozent,0.200000,70.267,3.752,25.837,636.154,2751.229,39.759,5.106,595.111,-41.043,0.935483,"Formel: Rentenwertfaktor = min(1, (Beitragsbasis x Korridor + Bestandsschutz + sonstige Einnahmen) / Referenzausgaben)."
2044,jung,daenemarknah,stabil_22_prozent,0.220000,70.267,3.752,25.837,636.154,2751.229,39.759,5.106,650.136,13.982,1.000000,"Formel: Rentenwertfaktor = min(1, (Beitragsbasis x Korridor + Bestandsschutz + sonstige Einnahmen) / Referenzausgaben)."
2044,jung,daenemarknah,obergrenze_24_prozent,0.240000,70.267,3.752,25.837,636.154,2751.229,39.759,5.106,705.161,69.006,1.000000,"Formel: Rentenwertfaktor = min(1, (Beitragsbasis x Korridor + Bestandsschutz + sonstige Einnahmen) / Referenzausgaben)."
2045,jung,status_quo_67,ziel_20_prozent,0.200000,67.000,0.000,0.000,796.724,2791.552,36.483,5.234,600.027,-196.697,0.753118,"Formel: Rentenwertfaktor = min(1, (Beitragsbasis x Korridor + Bestandsschutz + sonstige Einnahmen) / Referenzausgaben)."
2045,jung,status_quo_67,stabil_22_prozent,0.220000,67.000,0.000,0.000,796.724,2791.552,36.483,5.234,655.858,-140.866,0.823193,"Formel: Rentenwertfaktor = min(1, (Beitragsbasis x Korridor + Bestandsschutz + sonstige Einnahmen) / Referenzausgaben)."
2045,jung,status_quo_67,obergrenze_24_prozent,0.240000,67.000,0.000,0.000,796.724,2791.552,36.483,5.234,711.689,-85.035,0.893269,"Formel: Rentenwertfaktor = min(1, (Beitragsbasis x Korridor + Bestandsschutz + sonstige Einnahmen) / Referenzausgaben)."
2045,jung,lebenserwartung_gekoppelt_2zu1,ziel_20_prozent,0.200000,69.000,2.295,19.636,707.130,2811.188,36.483,5.234,603.954,-103.176,0.854092,"Formel: Rentenwertfaktor = min(1, (Beitragsbasis x Korridor + Bestandsschutz + sonstige Einnahmen) / Referenzausgaben)."
2045,jung,lebenserwartung_gekoppelt_2zu1,stabil_22_prozent,0.220000,69.000,2.295,19.636,707.130,2811.188,36.483,5.234,660.178,-46.952,0.933602,"Formel: Rentenwertfaktor = min(1, (Beitragsbasis x Korridor + Bestandsschutz + sonstige Einnahmen) / Referenzausgaben)."
2045,jung,lebenserwartung_gekoppelt_2zu1,obergrenze_24_prozent,0.240000,69.000,2.295,19.636,707.130,2811.188,36.483,5.234,716.402,9.271,1.000000,"Formel: Rentenwertfaktor = min(1, (Beitragsbasis x Korridor + Bestandsschutz + sonstige Einnahmen) / Referenzausgaben)."
2045,jung,daenemarknah,ziel_20_prozent,0.200000,70.333,3.826,26.759,647.401,2818.311,36.483,5.234,605.379,-42.022,0.935091,"Formel: Rentenwertfaktor = min(1, (Beitragsbasis x Korridor + Bestandsschutz + sonstige Einnahmen) / Referenzausgaben)."
2045,jung,daenemarknah,stabil_22_prozent,0.220000,70.333,3.826,26.759,647.401,2818.311,36.483,5.234,661.745,14.344,1.000000,"Formel: Rentenwertfaktor = min(1, (Beitragsbasis x Korridor + Bestandsschutz + sonstige Einnahmen) / Referenzausgaben)."
2045,jung,daenemarknah,obergrenze_24_prozent,0.240000,70.333,3.826,26.759,647.401,2818.311,36.483,5.234,718.111,70.710,1.000000,"Formel: Rentenwertfaktor = min(1, (Beitragsbasis x Korridor + Bestandsschutz + sonstige Einnahmen) / Referenzausgaben)."
2046,jung,status_quo_67,ziel_20_prozent,0.200000,67.000,0.000,0.000,814.550,2858.946,33.337,5.365,610.490,-204.059,0.749482,"Formel: Rentenwertfaktor = min(1, (Beitragsbasis x Korridor + Bestandsschutz + sonstige Einnahmen) / Referenzausgaben)."
2046,jung,status_quo_67,stabil_22_prozent,0.220000,67.000,0.000,0.000,814.550,2858.946,33.337,5.365,667.669,-146.880,0.819679,"Formel: Rentenwertfaktor = min(1, (Beitragsbasis x Korridor + Bestandsschutz + sonstige Einnahmen) / Referenzausgaben)."
2046,jung,status_quo_67,obergrenze_24_prozent,0.240000,67.000,0.000,0.000,814.550,2858.946,33.337,5.365,724.848,-89.701,0.889876,"Formel: Rentenwertfaktor = min(1, (Beitragsbasis x Korridor + Bestandsschutz + sonstige Einnahmen) / Referenzausgaben)."
2046,jung,lebenserwartung_gekoppelt_2zu1,ziel_20_prozent,0.200000,69.100,2.409,20.721,718.371,2879.667,33.337,5.365,614.635,-103.737,0.855595,"Formel: Rentenwertfaktor = min(1, (Beitragsbasis x Korridor + Bestandsschutz + sonstige Einnahmen) / Referenzausgaben)."
2046,jung,lebenserwartung_gekoppelt_2zu1,stabil_22_prozent,0.220000,69.100,2.409,20.721,718.371,2879.667,33.337,5.365,672.228,-46.143,0.935767,"Formel: Rentenwertfaktor = min(1, (Beitragsbasis x Korridor + Bestandsschutz + sonstige Einnahmen) / Referenzausgaben)."
2046,jung,lebenserwartung_gekoppelt_2zu1,obergrenze_24_prozent,0.240000,69.100,2.409,20.721,718.371,2879.667,33.337,5.365,729.821,11.450,1.000000,"Formel: Rentenwertfaktor = min(1, (Beitragsbasis x Korridor + Bestandsschutz + sonstige Einnahmen) / Referenzausgaben)."
2046,jung,daenemarknah,ziel_20_prozent,0.200000,70.400,3.900,27.707,658.833,2886.653,33.337,5.365,616.032,-42.801,0.935036,"Formel: Rentenwertfaktor = min(1, (Beitragsbasis x Korridor + Bestandsschutz + sonstige Einnahmen) / Referenzausgaben)."
2046,jung,daenemarknah,stabil_22_prozent,0.220000,70.400,3.900,27.707,658.833,2886.653,33.337,5.365,673.765,14.932,1.000000,"Formel: Rentenwertfaktor = min(1, (Beitragsbasis x Korridor + Bestandsschutz + sonstige Einnahmen) / Referenzausgaben)."
2046,jung,daenemarknah,obergrenze_24_prozent,0.240000,70.400,3.900,27.707,658.833,2886.653,33.337,5.365,731.498,72.665,1.000000,"Formel: Rentenwertfaktor = min(1, (Beitragsbasis x Korridor + Bestandsschutz + sonstige Einnahmen) / Referenzausgaben)."
2047,jung,status_quo_67,ziel_20_prozent,0.200000,67.000,0.000,0.000,832.774,2927.958,30.322,5.499,621.412,-211.362,0.746196,"Formel: Rentenwertfaktor = min(1, (Beitragsbasis x Korridor + Bestandsschutz + sonstige Einnahmen) / Referenzausgaben)."
2047,jung,status_quo_67,stabil_22_prozent,0.220000,67.000,0.000,0.000,832.774,2927.958,30.322,5.499,679.971,-152.803,0.816514,"Formel: Rentenwertfaktor = min(1, (Beitragsbasis x Korridor + Bestandsschutz + sonstige Einnahmen) / Referenzausgaben)."
2047,jung,status_quo_67,obergrenze_24_prozent,0.240000,67.000,0.000,0.000,832.774,2927.958,30.322,5.499,738.530,-94.243,0.886832,"Formel: Rentenwertfaktor = min(1, (Beitragsbasis x Korridor + Bestandsschutz + sonstige Einnahmen) / Referenzausgaben)."
2047,jung,lebenserwartung_gekoppelt_2zu1,ziel_20_prozent,0.200000,69.200,2.522,21.849,729.761,2949.807,30.322,5.499,625.782,-103.980,0.857516,"Formel: Rentenwertfaktor = min(1, (Beitragsbasis x Korridor + Bestandsschutz + sonstige Einnahmen) / Referenzausgaben)."
2047,jung,lebenserwartung_gekoppelt_2zu1,stabil_22_prozent,0.220000,69.200,2.522,21.849,729.761,2949.807,30.322,5.499,684.778,-44.983,0.938359,"Formel: Rentenwertfaktor = min(1, (Beitragsbasis x Korridor + Bestandsschutz + sonstige Einnahmen) / Referenzausgaben)."
2047,jung,lebenserwartung_gekoppelt_2zu1,obergrenze_24_prozent,0.240000,69.200,2.522,21.849,729.761,2949.807,30.322,5.499,743.774,14.013,1.000000,"Formel: Rentenwertfaktor = min(1, (Beitragsbasis x Korridor + Bestandsschutz + sonstige Einnahmen) / Referenzausgaben)."
2047,jung,daenemarknah,ziel_20_prozent,0.200000,70.467,3.974,28.687,670.451,2956.645,30.322,5.499,627.149,-43.302,0.935414,"Formel: Rentenwertfaktor = min(1, (Beitragsbasis x Korridor + Bestandsschutz + sonstige Einnahmen) / Referenzausgaben)."
2047,jung,daenemarknah,stabil_22_prozent,0.220000,70.467,3.974,28.687,670.451,2956.645,30.322,5.499,686.282,15.831,1.000000,"Formel: Rentenwertfaktor = min(1, (Beitragsbasis x Korridor + Bestandsschutz + sonstige Einnahmen) / Referenzausgaben)."
2047,jung,daenemarknah,obergrenze_24_prozent,0.240000,70.467,3.974,28.687,670.451,2956.645,30.322,5.499,745.415,74.964,1.000000,"Formel: Rentenwertfaktor = min(1, (Beitragsbasis x Korridor + Bestandsschutz + sonstige Einnahmen) / Referenzausgaben)."
2048,jung,status_quo_67,ziel_20_prozent,0.200000,67.000,0.000,0.000,851.405,2998.627,27.441,5.636,632.803,-218.602,0.743245,"Formel: Rentenwertfaktor = min(1, (Beitragsbasis x Korridor + Bestandsschutz + sonstige Einnahmen) / Referenzausgaben)."
2048,jung,status_quo_67,stabil_22_prozent,0.220000,67.000,0.000,0.000,851.405,2998.627,27.441,5.636,692.775,-158.630,0.813685,"Formel: Rentenwertfaktor = min(1, (Beitragsbasis x Korridor + Bestandsschutz + sonstige Einnahmen) / Referenzausgaben)."
2048,jung,status_quo_67,obergrenze_24_prozent,0.240000,67.000,0.000,0.000,851.405,2998.627,27.441,5.636,752.748,-98.657,0.884124,"Formel: Rentenwertfaktor = min(1, (Beitragsbasis x Korridor + Bestandsschutz + sonstige Einnahmen) / Referenzausgaben)."
2048,jung,lebenserwartung_gekoppelt_2zu1,ziel_20_prozent,0.200000,69.300,2.635,23.020,741.301,3021.647,27.441,5.636,637.407,-103.894,0.859849,"Formel: Rentenwertfaktor = min(1, (Beitragsbasis x Korridor + Bestandsschutz + sonstige Einnahmen) / Referenzausgaben)."
2048,jung,lebenserwartung_gekoppelt_2zu1,stabil_22_prozent,0.220000,69.300,2.635,23.020,741.301,3021.647,27.441,5.636,697.840,-43.461,0.941372,"Formel: Rentenwertfaktor = min(1, (Beitragsbasis x Korridor + Bestandsschutz + sonstige Einnahmen) / Referenzausgaben)."
2048,jung,lebenserwartung_gekoppelt_2zu1,obergrenze_24_prozent,0.240000,69.300,2.635,23.020,741.301,3021.647,27.441,5.636,758.273,16.972,1.000000,"Formel: Rentenwertfaktor = min(1, (Beitragsbasis x Korridor + Bestandsschutz + sonstige Einnahmen) / Referenzausgaben)."
2048,jung,daenemarknah,ziel_20_prozent,0.200000,70.533,4.048,29.698,682.260,3028.325,27.441,5.636,638.742,-43.517,0.936216,"Formel: Rentenwertfaktor = min(1, (Beitragsbasis x Korridor + Bestandsschutz + sonstige Einnahmen) / Referenzausgaben)."
2048,jung,daenemarknah,stabil_22_prozent,0.220000,70.533,4.048,29.698,682.260,3028.325,27.441,5.636,699.309,17.049,1.000000,"Formel: Rentenwertfaktor = min(1, (Beitragsbasis x Korridor + Bestandsschutz + sonstige Einnahmen) / Referenzausgaben)."
2048,jung,daenemarknah,obergrenze_24_prozent,0.240000,70.533,4.048,29.698,682.260,3028.325,27.441,5.636,759.875,77.616,1.000000,"Formel: Rentenwertfaktor = min(1, (Beitragsbasis x Korridor + Bestandsschutz + sonstige Einnahmen) / Referenzausgaben)."
2049,jung,status_quo_67,ziel_20_prozent,0.200000,67.000,0.000,0.000,870.453,3070.992,24.700,5.777,644.675,-225.778,0.740620,"Formel: Rentenwertfaktor = min(1, (Beitragsbasis x Korridor + Bestandsschutz + sonstige Einnahmen) / Referenzausgaben)."
2049,jung,status_quo_67,stabil_22_prozent,0.220000,67.000,0.000,0.000,870.453,3070.992,24.700,5.777,706.095,-164.358,0.811181,"Formel: Rentenwertfaktor = min(1, (Beitragsbasis x Korridor + Bestandsschutz + sonstige Einnahmen) / Referenzausgaben)."
2049,jung,status_quo_67,obergrenze_24_prozent,0.240000,67.000,0.000,0.000,870.453,3070.992,24.700,5.777,767.515,-102.938,0.881742,"Formel: Rentenwertfaktor = min(1, (Beitragsbasis x Korridor + Bestandsschutz + sonstige Einnahmen) / Referenzausgaben)."
2049,jung,lebenserwartung_gekoppelt_2zu1,ziel_20_prozent,0.200000,69.400,2.748,24.236,752.991,3095.228,24.700,5.777,649.523,-103.469,0.862589,"Formel: Rentenwertfaktor = min(1, (Beitragsbasis x Korridor + Bestandsschutz + sonstige Einnahmen) / Referenzausgaben)."
2049,jung,lebenserwartung_gekoppelt_2zu1,stabil_22_prozent,0.220000,69.400,2.748,24.236,752.991,3095.228,24.700,5.777,711.427,-41.564,0.944801,"Formel: Rentenwertfaktor = min(1, (Beitragsbasis x Korridor + Bestandsschutz + sonstige Einnahmen) / Referenzausgaben)."
2049,jung,lebenserwartung_gekoppelt_2zu1,obergrenze_24_prozent,0.240000,69.400,2.748,24.236,752.991,3095.228,24.700,5.777,773.332,20.340,1.000000,"Formel: Rentenwertfaktor = min(1, (Beitragsbasis x Korridor + Bestandsschutz + sonstige Einnahmen) / Referenzausgaben)."
2049,jung,daenemarknah,ziel_20_prozent,0.200000,70.600,4.122,30.742,694.261,3101.734,24.700,5.777,650.824,-43.437,0.937434,"Formel: Rentenwertfaktor = min(1, (Beitragsbasis x Korridor + Bestandsschutz + sonstige Einnahmen) / Referenzausgaben)."
2049,jung,daenemarknah,stabil_22_prozent,0.220000,70.600,4.122,30.742,694.261,3101.734,24.700,5.777,712.858,18.598,1.000000,"Formel: Rentenwertfaktor = min(1, (Beitragsbasis x Korridor + Bestandsschutz + sonstige Einnahmen) / Referenzausgaben)."
2049,jung,daenemarknah,obergrenze_24_prozent,0.240000,70.600,4.122,30.742,694.261,3101.734,24.700,5.777,774.893,80.632,1.000000,"Formel: Rentenwertfaktor = min(1, (Beitragsbasis x Korridor + Bestandsschutz + sonstige Einnahmen) / Referenzausgaben)."
2050,jung,status_quo_67,ziel_20_prozent,0.200000,67.000,0.000,0.000,889.927,3145.094,22.104,5.921,657.044,-232.882,0.738313,"Formel: Rentenwertfaktor = min(1, (Beitragsbasis x Korridor + Bestandsschutz + sonstige Einnahmen) / Referenzausgaben)."
2050,jung,status_quo_67,stabil_22_prozent,0.220000,67.000,0.000,0.000,889.927,3145.094,22.104,5.921,719.946,-169.981,0.808995,"Formel: Rentenwertfaktor = min(1, (Beitragsbasis x Korridor + Bestandsschutz + sonstige Einnahmen) / Referenzausgaben)."
2050,jung,status_quo_67,obergrenze_24_prozent,0.240000,67.000,0.000,0.000,889.927,3145.094,22.104,5.921,782.848,-107.079,0.879677,"Formel: Rentenwertfaktor = min(1, (Beitragsbasis x Korridor + Bestandsschutz + sonstige Einnahmen) / Referenzausgaben)."
2050,jung,lebenserwartung_gekoppelt_2zu1,ziel_20_prozent,0.200000,69.500,2.861,25.499,764.834,3170.593,22.104,5.921,662.144,-102.689,0.865736,"Formel: Rentenwertfaktor = min(1, (Beitragsbasis x Korridor + Bestandsschutz + sonstige Einnahmen) / Referenzausgaben)."
2050,jung,lebenserwartung_gekoppelt_2zu1,stabil_22_prozent,0.220000,69.500,2.861,25.499,764.834,3170.593,22.104,5.921,725.556,-39.277,0.948646,"Formel: Rentenwertfaktor = min(1, (Beitragsbasis x Korridor + Bestandsschutz + sonstige Einnahmen) / Referenzausgaben)."
2050,jung,lebenserwartung_gekoppelt_2zu1,obergrenze_24_prozent,0.240000,69.500,2.861,25.499,764.834,3170.593,22.104,5.921,788.968,24.134,1.000000,"Formel: Rentenwertfaktor = min(1, (Beitragsbasis x Korridor + Bestandsschutz + sonstige Einnahmen) / Referenzausgaben)."
2050,jung,daenemarknah,ziel_20_prozent,0.200000,70.667,4.195,31.819,706.457,3176.913,22.104,5.921,663.408,-43.048,0.939064,"Formel: Rentenwertfaktor = min(1, (Beitragsbasis x Korridor + Bestandsschutz + sonstige Einnahmen) / Referenzausgaben)."
2050,jung,daenemarknah,stabil_22_prozent,0.220000,70.667,4.195,31.819,706.457,3176.913,22.104,5.921,726.947,20.490,1.000000,"Formel: Rentenwertfaktor = min(1, (Beitragsbasis x Korridor + Bestandsschutz + sonstige Einnahmen) / Referenzausgaben)."
2050,jung,daenemarknah,obergrenze_24_prozent,0.240000,70.667,4.195,31.819,706.457,3176.913,22.104,5.921,790.485,84.028,1.000000,"Formel: Rentenwertfaktor = min(1, (Beitragsbasis x Korridor + Bestandsschutz + sonstige Einnahmen) / Referenzausgaben)."
2051,jung,status_quo_67,ziel_20_prozent,0.200000,67.000,0.000,0.000,909.836,3220.974,19.663,6.070,669.927,-239.909,0.736316,"Formel: Rentenwertfaktor = min(1, (Beitragsbasis x Korridor + Bestandsschutz + sonstige Einnahmen) / Referenzausgaben)."
2051,jung,status_quo_67,stabil_22_prozent,0.220000,67.000,0.000,0.000,909.836,3220.974,19.663,6.070,734.346,-175.490,0.807119,"Formel: Rentenwertfaktor = min(1, (Beitragsbasis x Korridor + Bestandsschutz + sonstige Einnahmen) / Referenzausgaben)."
2051,jung,status_quo_67,obergrenze_24_prozent,0.240000,67.000,0.000,0.000,909.836,3220.974,19.663,6.070,798.766,-111.070,0.877923,"Formel: Rentenwertfaktor = min(1, (Beitragsbasis x Korridor + Bestandsschutz + sonstige Einnahmen) / Referenzausgaben)."
2051,jung,lebenserwartung_gekoppelt_2zu1,ziel_20_prozent,0.200000,69.600,2.973,26.810,776.829,3247.784,19.663,6.070,675.289,-101.540,0.869289,"Formel: Rentenwertfaktor = min(1, (Beitragsbasis x Korridor + Bestandsschutz + sonstige Einnahmen) / Referenzausgaben)."
2051,jung,lebenserwartung_gekoppelt_2zu1,stabil_22_prozent,0.220000,69.600,2.973,26.810,776.829,3247.784,19.663,6.070,740.245,-36.584,0.952906,"Formel: Rentenwertfaktor = min(1, (Beitragsbasis x Korridor + Bestandsschutz + sonstige Einnahmen) / Referenzausgaben)."
2051,jung,lebenserwartung_gekoppelt_2zu1,obergrenze_24_prozent,0.240000,69.600,2.973,26.810,776.829,3247.784,19.663,6.070,805.200,28.372,1.000000,"Formel: Rentenwertfaktor = min(1, (Beitragsbasis x Korridor + Bestandsschutz + sonstige Einnahmen) / Referenzausgaben)."
2051,jung,daenemarknah,ziel_20_prozent,0.200000,70.733,4.269,32.932,718.851,3253.905,19.663,6.070,676.513,-42.338,0.941104,"Formel: Rentenwertfaktor = min(1, (Beitragsbasis x Korridor + Bestandsschutz + sonstige Einnahmen) / Referenzausgaben)."
2051,jung,daenemarknah,stabil_22_prozent,0.220000,70.733,4.269,32.932,718.851,3253.905,19.663,6.070,741.591,22.740,1.000000,"Formel: Rentenwertfaktor = min(1, (Beitragsbasis x Korridor + Bestandsschutz + sonstige Einnahmen) / Referenzausgaben)."
2051,jung,daenemarknah,obergrenze_24_prozent,0.240000,70.733,4.269,32.932,718.851,3253.905,19.663,6.070,806.669,87.818,1.000000,"Formel: Rentenwertfaktor = min(1, (Beitragsbasis x Korridor + Bestandsschutz + sonstige Einnahmen) / Referenzausgaben)."
2052,jung,status_quo_67,ziel_20_prozent,0.200000,67.000,0.000,0.000,930.190,3298.675,17.384,6.221,683.340,-246.850,0.734624,"Formel: Rentenwertfaktor = min(1, (Beitragsbasis x Korridor + Bestandsschutz + sonstige Einnahmen) / Referenzausgaben)."
2052,jung,status_quo_67,stabil_22_prozent,0.220000,67.000,0.000,0.000,930.190,3298.675,17.384,6.221,749.314,-180.876,0.805549,"Formel: Rentenwertfaktor = min(1, (Beitragsbasis x Korridor + Bestandsschutz + sonstige Einnahmen) / Referenzausgaben)."
2052,jung,status_quo_67,obergrenze_24_prozent,0.240000,67.000,0.000,0.000,930.190,3298.675,17.384,6.221,815.287,-114.903,0.876474,"Formel: Rentenwertfaktor = min(1, (Beitragsbasis x Korridor + Bestandsschutz + sonstige Einnahmen) / Referenzausgaben)."
2052,jung,lebenserwartung_gekoppelt_2zu1,ziel_20_prozent,0.200000,69.700,3.086,28.171,788.977,3326.845,17.384,6.221,688.975,-100.003,0.873250,"Formel: Rentenwertfaktor = min(1, (Beitragsbasis x Korridor + Bestandsschutz + sonstige Einnahmen) / Referenzausgaben)."
2052,jung,lebenserwartung_gekoppelt_2zu1,stabil_22_prozent,0.220000,69.700,3.086,28.171,788.977,3326.845,17.384,6.221,755.511,-33.466,0.957584,"Formel: Rentenwertfaktor = min(1, (Beitragsbasis x Korridor + Bestandsschutz + sonstige Einnahmen) / Referenzausgaben)."
2052,jung,lebenserwartung_gekoppelt_2zu1,obergrenze_24_prozent,0.240000,69.700,3.086,28.171,788.977,3326.845,17.384,6.221,822.048,33.071,1.000000,"Formel: Rentenwertfaktor = min(1, (Beitragsbasis x Korridor + Bestandsschutz + sonstige Einnahmen) / Referenzausgaben)."
2052,jung,daenemarknah,ziel_20_prozent,0.200000,70.800,4.343,34.079,731.446,3332.754,17.384,6.221,690.156,-41.289,0.943551,"Formel: Rentenwertfaktor = min(1, (Beitragsbasis x Korridor + Bestandsschutz + sonstige Einnahmen) / Referenzausgaben)."
2052,jung,daenemarknah,stabil_22_prozent,0.220000,70.800,4.343,34.079,731.446,3332.754,17.384,6.221,756.811,25.366,1.000000,"Formel: Rentenwertfaktor = min(1, (Beitragsbasis x Korridor + Bestandsschutz + sonstige Einnahmen) / Referenzausgaben)."
2052,jung,daenemarknah,obergrenze_24_prozent,0.240000,70.800,4.343,34.079,731.446,3332.754,17.384,6.221,823.466,92.021,1.000000,"Formel: Rentenwertfaktor = min(1, (Beitragsbasis x Korridor + Bestandsschutz + sonstige Einnahmen) / Referenzausgaben)."
2053,jung,status_quo_67,ziel_20_prozent,0.200000,67.000,0.000,0.000,950.999,3378.240,15.279,6.377,697.304,-253.695,0.733233,"Formel: Rentenwertfaktor = min(1, (Beitragsbasis x Korridor + Bestandsschutz + sonstige Einnahmen) / Referenzausgaben)."
2053,jung,status_quo_67,stabil_22_prozent,0.220000,67.000,0.000,0.000,950.999,3378.240,15.279,6.377,764.869,-186.131,0.804279,"Formel: Rentenwertfaktor = min(1, (Beitragsbasis x Korridor + Bestandsschutz + sonstige Einnahmen) / Referenzausgaben)."
2053,jung,status_quo_67,obergrenze_24_prozent,0.240000,67.000,0.000,0.000,950.999,3378.240,15.279,6.377,832.434,-118.566,0.875325,"Formel: Rentenwertfaktor = min(1, (Beitragsbasis x Korridor + Bestandsschutz + sonstige Einnahmen) / Referenzausgaben)."
2053,jung,lebenserwartung_gekoppelt_2zu1,ziel_20_prozent,0.200000,69.800,3.198,29.583,801.280,3407.822,15.279,6.377,703.221,-98.059,0.877621,"Formel: Rentenwertfaktor = min(1, (Beitragsbasis x Korridor + Bestandsschutz + sonstige Einnahmen) / Referenzausgaben)."
2053,jung,lebenserwartung_gekoppelt_2zu1,stabil_22_prozent,0.220000,69.800,3.198,29.583,801.280,3407.822,15.279,6.377,771.377,-29.903,0.962681,"Formel: Rentenwertfaktor = min(1, (Beitragsbasis x Korridor + Bestandsschutz + sonstige Einnahmen) / Referenzausgaben)."
2053,jung,lebenserwartung_gekoppelt_2zu1,obergrenze_24_prozent,0.240000,69.800,3.198,29.583,801.280,3407.822,15.279,6.377,839.533,38.253,1.000000,"Formel: Rentenwertfaktor = min(1, (Beitragsbasis x Korridor + Bestandsschutz + sonstige Einnahmen) / Referenzausgaben)."
2053,jung,daenemarknah,ziel_20_prozent,0.200000,70.867,4.416,35.264,744.244,3413.504,15.279,6.377,704.357,-39.887,0.946406,"Formel: Rentenwertfaktor = min(1, (Beitragsbasis x Korridor + Bestandsschutz + sonstige Einnahmen) / Referenzausgaben)."
2053,jung,daenemarknah,stabil_22_prozent,0.220000,70.867,4.416,35.264,744.244,3413.504,15.279,6.377,772.627,28.383,1.000000,"Formel: Rentenwertfaktor = min(1, (Beitragsbasis x Korridor + Bestandsschutz + sonstige Einnahmen) / Referenzausgaben)."
2053,jung,daenemarknah,obergrenze_24_prozent,0.240000,70.867,4.416,35.264,744.244,3413.504,15.279,6.377,840.897,96.653,1.000000,"Formel: Rentenwertfaktor = min(1, (Beitragsbasis x Korridor + Bestandsschutz + sonstige Einnahmen) / Referenzausgaben)."
2054,jung,status_quo_67,ziel_20_prozent,0.200000,67.000,0.000,0.000,972.274,3459.713,13.356,6.536,711.835,-260.439,0.732134,"Formel: Rentenwertfaktor = min(1, (Beitragsbasis x Korridor + Bestandsschutz + sonstige Einnahmen) / Referenzausgaben)."
2054,jung,status_quo_67,stabil_22_prozent,0.220000,67.000,0.000,0.000,972.274,3459.713,13.356,6.536,781.029,-191.245,0.803302,"Formel: Rentenwertfaktor = min(1, (Beitragsbasis x Korridor + Bestandsschutz + sonstige Einnahmen) / Referenzausgaben)."
2054,jung,status_quo_67,obergrenze_24_prozent,0.240000,67.000,0.000,0.000,972.274,3459.713,13.356,6.536,850.223,-122.050,0.874469,"Formel: Rentenwertfaktor = min(1, (Beitragsbasis x Korridor + Bestandsschutz + sonstige Einnahmen) / Referenzausgaben)."
2054,jung,lebenserwartung_gekoppelt_2zu1,ziel_20_prozent,0.200000,69.900,3.310,31.048,813.738,3490.761,13.356,6.536,718.044,-95.694,0.882402,"Formel: Rentenwertfaktor = min(1, (Beitragsbasis x Korridor + Bestandsschutz + sonstige Einnahmen) / Referenzausgaben)."
2054,jung,lebenserwartung_gekoppelt_2zu1,stabil_22_prozent,0.220000,69.900,3.310,31.048,813.738,3490.761,13.356,6.536,787.860,-25.879,0.968198,"Formel: Rentenwertfaktor = min(1, (Beitragsbasis x Korridor + Bestandsschutz + sonstige Einnahmen) / Referenzausgaben)."
2054,jung,lebenserwartung_gekoppelt_2zu1,obergrenze_24_prozent,0.240000,69.900,3.310,31.048,813.738,3490.761,13.356,6.536,857.675,43.936,1.000000,"Formel: Rentenwertfaktor = min(1, (Beitragsbasis x Korridor + Bestandsschutz + sonstige Einnahmen) / Referenzausgaben)."
2054,jung,daenemarknah,ziel_20_prozent,0.200000,70.933,4.489,36.487,757.249,3496.200,13.356,6.536,719.132,-38.116,0.949665,"Formel: Rentenwertfaktor = min(1, (Beitragsbasis x Korridor + Bestandsschutz + sonstige Einnahmen) / Referenzausgaben)."
2054,jung,daenemarknah,stabil_22_prozent,0.220000,70.933,4.489,36.487,757.249,3496.200,13.356,6.536,789.056,31.808,1.000000,"Formel: Rentenwertfaktor = min(1, (Beitragsbasis x Korridor + Bestandsschutz + sonstige Einnahmen) / Referenzausgaben)."
2054,jung,daenemarknah,obergrenze_24_prozent,0.240000,70.933,4.489,36.487,757.249,3496.200,13.356,6.536,858.980,101.732,1.000000,"Formel: Rentenwertfaktor = min(1, (Beitragsbasis x Korridor + Bestandsschutz + sonstige Einnahmen) / Referenzausgaben)."
2055,jung,status_quo_67,ziel_20_prozent,0.200000,67.000,0.000,0.000,994.023,3543.140,11.620,6.700,726.947,-267.076,0.731318,"Formel: Rentenwertfaktor = min(1, (Beitragsbasis x Korridor + Bestandsschutz + sonstige Einnahmen) / Referenzausgaben)."
2055,jung,status_quo_67,stabil_22_prozent,0.220000,67.000,0.000,0.000,994.023,3543.140,11.620,6.700,797.810,-196.213,0.802607,"Formel: Rentenwertfaktor = min(1, (Beitragsbasis x Korridor + Bestandsschutz + sonstige Einnahmen) / Referenzausgaben)."
2055,jung,status_quo_67,obergrenze_24_prozent,0.240000,67.000,0.000,0.000,994.023,3543.140,11.620,6.700,868.673,-125.350,0.873896,"Formel: Rentenwertfaktor = min(1, (Beitragsbasis x Korridor + Bestandsschutz + sonstige Einnahmen) / Referenzausgaben)."
2055,jung,lebenserwartung_gekoppelt_2zu1,ziel_20_prozent,0.200000,70.000,3.422,32.568,826.353,3575.708,11.620,6.700,733.461,-92.892,0.887588,"Formel: Rentenwertfaktor = min(1, (Beitragsbasis x Korridor + Bestandsschutz + sonstige Einnahmen) / Referenzausgaben)."
2055,jung,lebenserwartung_gekoppelt_2zu1,stabil_22_prozent,0.220000,70.000,3.422,32.568,826.353,3575.708,11.620,6.700,804.975,-21.377,0.974130,"Formel: Rentenwertfaktor = min(1, (Beitragsbasis x Korridor + Bestandsschutz + sonstige Einnahmen) / Referenzausgaben)."
2055,jung,lebenserwartung_gekoppelt_2zu1,obergrenze_24_prozent,0.240000,70.000,3.422,32.568,826.353,3575.708,11.620,6.700,876.489,50.137,1.000000,"Formel: Rentenwertfaktor = min(1, (Beitragsbasis x Korridor + Bestandsschutz + sonstige Einnahmen) / Referenzausgaben)."
2055,jung,daenemarknah,ziel_20_prozent,0.200000,71.000,4.563,37.749,770.462,3580.889,11.620,6.700,734.497,-35.965,0.953320,"Formel: Rentenwertfaktor = min(1, (Beitragsbasis x Korridor + Bestandsschutz + sonstige Einnahmen) / Referenzausgaben)."
2055,jung,daenemarknah,stabil_22_prozent,0.220000,71.000,4.563,37.749,770.462,3580.889,11.620,6.700,806.115,35.653,1.000000,"Formel: Rentenwertfaktor = min(1, (Beitragsbasis x Korridor + Bestandsschutz + sonstige Einnahmen) / Referenzausgaben)."
2055,jung,daenemarknah,obergrenze_24_prozent,0.240000,71.000,4.563,37.749,770.462,3580.889,11.620,6.700,877.733,107.270,1.000000,"Formel: Rentenwertfaktor = min(1, (Beitragsbasis x Korridor + Bestandsschutz + sonstige Einnahmen) / Referenzausgaben)."
2056,jung,status_quo_67,ziel_20_prozent,0.200000,67.000,0.000,0.000,1016.259,3628.568,10.073,6.867,742.653,-273.606,0.730771,"Formel: Rentenwertfaktor = min(1, (Beitragsbasis x Korridor + Bestandsschutz + sonstige Einnahmen) / Referenzausgaben)."
2056,jung,status_quo_67,stabil_22_prozent,0.220000,67.000,0.000,0.000,1016.259,3628.568,10.073,6.867,815.225,-201.035,0.802182,"Formel: Rentenwertfaktor = min(1, (Beitragsbasis x Korridor + Bestandsschutz + sonstige Einnahmen) / Referenzausgaben)."
2056,jung,status_quo_67,obergrenze_24_prozent,0.240000,67.000,0.000,0.000,1016.259,3628.568,10.073,6.867,887.796,-128.463,0.873592,"Formel: Rentenwertfaktor = min(1, (Beitragsbasis x Korridor + Bestandsschutz + sonstige Einnahmen) / Referenzausgaben)."
2056,jung,lebenserwartung_gekoppelt_2zu1,ziel_20_prozent,0.200000,70.100,3.534,33.917,839.124,3662.485,10.073,6.867,749.437,-89.687,0.893118,"Formel: Rentenwertfaktor = min(1, (Beitragsbasis x Korridor + Bestandsschutz + sonstige Einnahmen) / Referenzausgaben)."
2056,jung,lebenserwartung_gekoppelt_2zu1,stabil_22_prozent,0.220000,70.100,3.534,33.917,839.124,3662.485,10.073,6.867,822.686,-16.437,0.980411,"Formel: Rentenwertfaktor = min(1, (Beitragsbasis x Korridor + Bestandsschutz + sonstige Einnahmen) / Referenzausgaben)."
2056,jung,lebenserwartung_gekoppelt_2zu1,obergrenze_24_prozent,0.240000,70.100,3.534,33.917,839.124,3662.485,10.073,6.867,895.936,56.812,1.000000,"Formel: Rentenwertfaktor = min(1, (Beitragsbasis x Korridor + Bestandsschutz + sonstige Einnahmen) / Referenzausgaben)."
2056,jung,daenemarknah,ziel_20_prozent,0.200000,71.067,4.636,38.950,783.888,3667.518,10.073,6.867,750.443,-33.445,0.957335,"Formel: Rentenwertfaktor = min(1, (Beitragsbasis x Korridor + Bestandsschutz + sonstige Einnahmen) / Referenzausgaben)."
2056,jung,daenemarknah,stabil_22_prozent,0.220000,71.067,4.636,38.950,783.888,3667.518,10.073,6.867,823.794,39.906,1.000000,"Formel: Rentenwertfaktor = min(1, (Beitragsbasis x Korridor + Bestandsschutz + sonstige Einnahmen) / Referenzausgaben)."
2056,jung,daenemarknah,obergrenze_24_prozent,0.240000,71.067,4.636,38.950,783.888,3667.518,10.073,6.867,897.144,113.256,1.000000,"Formel: Rentenwertfaktor = min(1, (Beitragsbasis x Korridor + Bestandsschutz + sonstige Einnahmen) / Referenzausgaben)."
2057,jung,status_quo_67,ziel_20_prozent,0.200000,67.000,0.000,0.000,1038.992,3716.044,8.712,7.039,758.960,-280.032,0.730477,"Formel: Rentenwertfaktor = min(1, (Beitragsbasis x Korridor + Bestandsschutz + sonstige Einnahmen) / Referenzausgaben)."
2057,jung,status_quo_67,stabil_22_prozent,0.220000,67.000,0.000,0.000,1038.992,3716.044,8.712,7.039,833.281,-205.712,0.802009,"Formel: Rentenwertfaktor = min(1, (Beitragsbasis x Korridor + Bestandsschutz + sonstige Einnahmen) / Referenzausgaben)."
2057,jung,status_quo_67,obergrenze_24_prozent,0.240000,67.000,0.000,0.000,1038.992,3716.044,8.712,7.039,907.602,-131.391,0.873540,"Formel: Rentenwertfaktor = min(1, (Beitragsbasis x Korridor + Bestandsschutz + sonstige Einnahmen) / Referenzausgaben)."
2057,jung,lebenserwartung_gekoppelt_2zu1,ziel_20_prozent,0.200000,70.200,3.646,35.313,852.053,3751.357,8.712,7.039,766.023,-86.030,0.899032,"Formel: Rentenwertfaktor = min(1, (Beitragsbasis x Korridor + Bestandsschutz + sonstige Einnahmen) / Referenzausgaben)."
2057,jung,lebenserwartung_gekoppelt_2zu1,stabil_22_prozent,0.220000,70.200,3.646,35.313,852.053,3751.357,8.712,7.039,841.050,-11.003,0.987087,"Formel: Rentenwertfaktor = min(1, (Beitragsbasis x Korridor + Bestandsschutz + sonstige Einnahmen) / Referenzausgaben)."
2057,jung,lebenserwartung_gekoppelt_2zu1,obergrenze_24_prozent,0.240000,70.200,3.646,35.313,852.053,3751.357,8.712,7.039,916.077,64.024,1.000000,"Formel: Rentenwertfaktor = min(1, (Beitragsbasis x Korridor + Bestandsschutz + sonstige Einnahmen) / Referenzausgaben)."
2057,jung,daenemarknah,ziel_20_prozent,0.200000,71.133,4.709,40.188,797.528,3756.232,8.712,7.039,766.998,-30.531,0.961718,"Formel: Rentenwertfaktor = min(1, (Beitragsbasis x Korridor + Bestandsschutz + sonstige Einnahmen) / Referenzausgaben)."
2057,jung,daenemarknah,stabil_22_prozent,0.220000,71.133,4.709,40.188,797.528,3756.232,8.712,7.039,842.122,44.594,1.000000,"Formel: Rentenwertfaktor = min(1, (Beitragsbasis x Korridor + Bestandsschutz + sonstige Einnahmen) / Referenzausgaben)."
2057,jung,daenemarknah,obergrenze_24_prozent,0.240000,71.133,4.709,40.188,797.528,3756.232,8.712,7.039,917.247,119.718,1.000000,"Formel: Rentenwertfaktor = min(1, (Beitragsbasis x Korridor + Bestandsschutz + sonstige Einnahmen) / Referenzausgaben)."
2058,jung,status_quo_67,ziel_20_prozent,0.200000,67.000,0.000,0.000,1062.234,3805.617,7.533,7.215,775.871,-286.362,0.730415,"Formel: Rentenwertfaktor = min(1, (Beitragsbasis x Korridor + Bestandsschutz + sonstige Einnahmen) / Referenzausgaben)."
2058,jung,status_quo_67,stabil_22_prozent,0.220000,67.000,0.000,0.000,1062.234,3805.617,7.533,7.215,851.984,-210.250,0.802068,"Formel: Rentenwertfaktor = min(1, (Beitragsbasis x Korridor + Bestandsschutz + sonstige Einnahmen) / Referenzausgaben)."
2058,jung,status_quo_67,obergrenze_24_prozent,0.240000,67.000,0.000,0.000,1062.234,3805.617,7.533,7.215,928.096,-134.138,0.873721,"Formel: Rentenwertfaktor = min(1, (Beitragsbasis x Korridor + Bestandsschutz + sonstige Einnahmen) / Referenzausgaben)."
2058,jung,lebenserwartung_gekoppelt_2zu1,ziel_20_prozent,0.200000,70.300,3.757,36.759,865.139,3842.375,7.533,7.215,783.223,-81.916,0.905314,"Formel: Rentenwertfaktor = min(1, (Beitragsbasis x Korridor + Bestandsschutz + sonstige Einnahmen) / Referenzausgaben)."
2058,jung,lebenserwartung_gekoppelt_2zu1,stabil_22_prozent,0.220000,70.300,3.757,36.759,865.139,3842.375,7.533,7.215,860.071,-5.069,0.994141,"Formel: Rentenwertfaktor = min(1, (Beitragsbasis x Korridor + Bestandsschutz + sonstige Einnahmen) / Referenzausgaben)."
2058,jung,lebenserwartung_gekoppelt_2zu1,obergrenze_24_prozent,0.240000,70.300,3.757,36.759,865.139,3842.375,7.533,7.215,936.918,71.779,1.000000,"Formel: Rentenwertfaktor = min(1, (Beitragsbasis x Korridor + Bestandsschutz + sonstige Einnahmen) / Referenzausgaben)."
2058,jung,daenemarknah,ziel_20_prozent,0.200000,71.200,4.782,41.463,811.387,3847.080,7.533,7.215,784.164,-27.223,0.966449,"Formel: Rentenwertfaktor = min(1, (Beitragsbasis x Korridor + Bestandsschutz + sonstige Einnahmen) / Referenzausgaben)."
2058,jung,daenemarknah,stabil_22_prozent,0.220000,71.200,4.782,41.463,811.387,3847.080,7.533,7.215,861.106,49.719,1.000000,"Formel: Rentenwertfaktor = min(1, (Beitragsbasis x Korridor + Bestandsschutz + sonstige Einnahmen) / Referenzausgaben)."
2058,jung,daenemarknah,obergrenze_24_prozent,0.240000,71.200,4.782,41.463,811.387,3847.080,7.533,7.215,938.047,126.661,1.000000,"Formel: Rentenwertfaktor = min(1, (Beitragsbasis x Korridor + Bestandsschutz + sonstige Einnahmen) / Referenzausgaben)."
2059,jung,status_quo_67,ziel_20_prozent,0.200000,67.000,0.000,0.000,1085.994,3897.337,6.524,7.395,793.386,-292.608,0.730562,"Formel: Rentenwertfaktor = min(1, (Beitragsbasis x Korridor + Bestandsschutz + sonstige Einnahmen) / Referenzausgaben)."
2059,jung,status_quo_67,stabil_22_prozent,0.220000,67.000,0.000,0.000,1085.994,3897.337,6.524,7.395,871.333,-214.661,0.802337,"Formel: Rentenwertfaktor = min(1, (Beitragsbasis x Korridor + Bestandsschutz + sonstige Einnahmen) / Referenzausgaben)."
2059,jung,status_quo_67,obergrenze_24_prozent,0.240000,67.000,0.000,0.000,1085.994,3897.337,6.524,7.395,949.280,-136.714,0.874111,"Formel: Rentenwertfaktor = min(1, (Beitragsbasis x Korridor + Bestandsschutz + sonstige Einnahmen) / Referenzausgaben)."
2059,jung,lebenserwartung_gekoppelt_2zu1,ziel_20_prozent,0.200000,70.400,3.869,38.254,878.385,3935.591,6.524,7.395,801.037,-77.348,0.911943,"Formel: Rentenwertfaktor = min(1, (Beitragsbasis x Korridor + Bestandsschutz + sonstige Einnahmen) / Referenzausgaben)."
2059,jung,lebenserwartung_gekoppelt_2zu1,stabil_22_prozent,0.220000,70.400,3.869,38.254,878.385,3935.591,6.524,7.395,879.749,1.364,1.000000,"Formel: Rentenwertfaktor = min(1, (Beitragsbasis x Korridor + Bestandsschutz + sonstige Einnahmen) / Referenzausgaben)."
2059,jung,lebenserwartung_gekoppelt_2zu1,obergrenze_24_prozent,0.240000,70.400,3.869,38.254,878.385,3935.591,6.524,7.395,958.461,80.076,1.000000,"Formel: Rentenwertfaktor = min(1, (Beitragsbasis x Korridor + Bestandsschutz + sonstige Einnahmen) / Referenzausgaben)."
2059,jung,daenemarknah,ziel_20_prozent,0.200000,71.267,4.855,42.777,825.465,3940.114,6.524,7.395,801.942,-23.524,0.971503,"Formel: Rentenwertfaktor = min(1, (Beitragsbasis x Korridor + Bestandsschutz + sonstige Einnahmen) / Referenzausgaben)."
2059,jung,daenemarknah,stabil_22_prozent,0.220000,71.267,4.855,42.777,825.465,3940.114,6.524,7.395,880.744,55.279,1.000000,"Formel: Rentenwertfaktor = min(1, (Beitragsbasis x Korridor + Bestandsschutz + sonstige Einnahmen) / Referenzausgaben)."
2059,jung,daenemarknah,obergrenze_24_prozent,0.240000,71.267,4.855,42.777,825.465,3940.114,6.524,7.395,959.546,134.081,1.000000,"Formel: Rentenwertfaktor = min(1, (Beitragsbasis x Korridor + Bestandsschutz + sonstige Einnahmen) / Referenzausgaben)."
2060,jung,status_quo_67,ziel_20_prozent,0.200000,67.000,0.000,0.000,1110.286,3991.255,5.670,7.580,811.501,-298.785,0.730894,"Formel: Rentenwertfaktor = min(1, (Beitragsbasis x Korridor + Bestandsschutz + sonstige Einnahmen) / Referenzausgaben)."
2060,jung,status_quo_67,stabil_22_prozent,0.220000,67.000,0.000,0.000,1110.286,3991.255,5.670,7.580,891.326,-218.960,0.802790,"Formel: Rentenwertfaktor = min(1, (Beitragsbasis x Korridor + Bestandsschutz + sonstige Einnahmen) / Referenzausgaben)."
2060,jung,status_quo_67,obergrenze_24_prozent,0.240000,67.000,0.000,0.000,1110.286,3991.255,5.670,7.580,971.151,-139.135,0.874686,"Formel: Rentenwertfaktor = min(1, (Beitragsbasis x Korridor + Bestandsschutz + sonstige Einnahmen) / Referenzausgaben)."
2060,jung,lebenserwartung_gekoppelt_2zu1,ziel_20_prozent,0.200000,70.500,3.980,39.801,891.790,4031.056,5.670,7.580,819.461,-72.329,0.918894,"Formel: Rentenwertfaktor = min(1, (Beitragsbasis x Korridor + Bestandsschutz + sonstige Einnahmen) / Referenzausgaben)."
2060,jung,lebenserwartung_gekoppelt_2zu1,stabil_22_prozent,0.220000,70.500,3.980,39.801,891.790,4031.056,5.670,7.580,900.082,8.292,1.000000,"Formel: Rentenwertfaktor = min(1, (Beitragsbasis x Korridor + Bestandsschutz + sonstige Einnahmen) / Referenzausgaben)."
2060,jung,lebenserwartung_gekoppelt_2zu1,obergrenze_24_prozent,0.240000,70.500,3.980,39.801,891.790,4031.056,5.670,7.580,980.703,88.913,1.000000,"Formel: Rentenwertfaktor = min(1, (Beitragsbasis x Korridor + Bestandsschutz + sonstige Einnahmen) / Referenzausgaben)."
2060,jung,daenemarknah,ziel_20_prozent,0.200000,71.333,4.928,44.130,839.768,4035.385,5.670,7.580,820.327,-19.441,0.976850,"Formel: Rentenwertfaktor = min(1, (Beitragsbasis x Korridor + Bestandsschutz + sonstige Einnahmen) / Referenzausgaben)."
2060,jung,daenemarknah,stabil_22_prozent,0.220000,71.333,4.928,44.130,839.768,4035.385,5.670,7.580,901.035,61.267,1.000000,"Formel: Rentenwertfaktor = min(1, (Beitragsbasis x Korridor + Bestandsschutz + sonstige Einnahmen) / Referenzausgaben)."
2060,jung,daenemarknah,obergrenze_24_prozent,0.240000,71.333,4.928,44.130,839.768,4035.385,5.670,7.580,981.742,141.975,1.000000,"Formel: Rentenwertfaktor = min(1, (Beitragsbasis x Korridor + Bestandsschutz + sonstige Einnahmen) / Referenzausgaben)."
2061,jung,status_quo_67,ziel_20_prozent,0.200000,67.000,0.000,0.000,1135.120,4087.424,4.954,7.770,830.208,-304.912,0.731383,"Formel: Rentenwertfaktor = min(1, (Beitragsbasis x Korridor + Bestandsschutz + sonstige Einnahmen) / Referenzausgaben)."
2061,jung,status_quo_67,stabil_22_prozent,0.220000,67.000,0.000,0.000,1135.120,4087.424,4.954,7.770,911.957,-223.164,0.803401,"Formel: Rentenwertfaktor = min(1, (Beitragsbasis x Korridor + Bestandsschutz + sonstige Einnahmen) / Referenzausgaben)."
2061,jung,status_quo_67,obergrenze_24_prozent,0.240000,67.000,0.000,0.000,1135.120,4087.424,4.954,7.770,993.705,-141.415,0.875418,"Formel: Rentenwertfaktor = min(1, (Beitragsbasis x Korridor + Bestandsschutz + sonstige Einnahmen) / Referenzausgaben)."
2061,jung,lebenserwartung_gekoppelt_2zu1,ziel_20_prozent,0.200000,70.600,4.091,41.402,905.355,4128.826,4.954,7.770,838.489,-66.867,0.926143,"Formel: Rentenwertfaktor = min(1, (Beitragsbasis x Korridor + Bestandsschutz + sonstige Einnahmen) / Referenzausgaben)."
2061,jung,lebenserwartung_gekoppelt_2zu1,stabil_22_prozent,0.220000,70.600,4.091,41.402,905.355,4128.826,4.954,7.770,921.065,15.710,1.000000,"Formel: Rentenwertfaktor = min(1, (Beitragsbasis x Korridor + Bestandsschutz + sonstige Einnahmen) / Referenzausgaben)."
2061,jung,lebenserwartung_gekoppelt_2zu1,obergrenze_24_prozent,0.240000,70.600,4.091,41.402,905.355,4128.826,4.954,7.770,1003.642,98.286,1.000000,"Formel: Rentenwertfaktor = min(1, (Beitragsbasis x Korridor + Bestandsschutz + sonstige Einnahmen) / Referenzausgaben)."
2061,jung,daenemarknah,ziel_20_prozent,0.200000,71.400,5.000,45.525,854.296,4132.949,4.954,7.770,839.313,-14.983,0.982461,"Formel: Rentenwertfaktor = min(1, (Beitragsbasis x Korridor + Bestandsschutz + sonstige Einnahmen) / Referenzausgaben)."
2061,jung,daenemarknah,stabil_22_prozent,0.220000,71.400,5.000,45.525,854.296,4132.949,4.954,7.770,921.972,67.676,1.000000,"Formel: Rentenwertfaktor = min(1, (Beitragsbasis x Korridor + Bestandsschutz + sonstige Einnahmen) / Referenzausgaben)."
2061,jung,daenemarknah,obergrenze_24_prozent,0.240000,71.400,5.000,45.525,854.296,4132.949,4.954,7.770,1004.631,150.335,1.000000,"Formel: Rentenwertfaktor = min(1, (Beitragsbasis x Korridor + Bestandsschutz + sonstige Einnahmen) / Referenzausgaben)."
2062,jung,status_quo_67,ziel_20_prozent,0.200000,67.000,0.000,0.000,1160.510,4185.896,4.358,7.964,849.501,-311.010,0.732006,"Formel: Rentenwertfaktor = min(1, (Beitragsbasis x Korridor + Bestandsschutz + sonstige Einnahmen) / Referenzausgaben)."
2062,jung,status_quo_67,stabil_22_prozent,0.220000,67.000,0.000,0.000,1160.510,4185.896,4.358,7.964,933.218,-227.292,0.804145,"Formel: Rentenwertfaktor = min(1, (Beitragsbasis x Korridor + Bestandsschutz + sonstige Einnahmen) / Referenzausgaben)."
2062,jung,status_quo_67,obergrenze_24_prozent,0.240000,67.000,0.000,0.000,1160.510,4185.896,4.358,7.964,1016.936,-143.574,0.876284,"Formel: Rentenwertfaktor = min(1, (Beitragsbasis x Korridor + Bestandsschutz + sonstige Einnahmen) / Referenzausgaben)."
2062,jung,lebenserwartung_gekoppelt_2zu1,ziel_20_prozent,0.200000,70.700,4.202,43.058,919.081,4228.954,4.358,7.964,858.112,-60.968,0.933664,"Formel: Rentenwertfaktor = min(1, (Beitragsbasis x Korridor + Bestandsschutz + sonstige Einnahmen) / Referenzausgaben)."
2062,jung,lebenserwartung_gekoppelt_2zu1,stabil_22_prozent,0.220000,70.700,4.202,43.058,919.081,4228.954,4.358,7.964,942.691,23.611,1.000000,"Formel: Rentenwertfaktor = min(1, (Beitragsbasis x Korridor + Bestandsschutz + sonstige Einnahmen) / Referenzausgaben)."
2062,jung,lebenserwartung_gekoppelt_2zu1,obergrenze_24_prozent,0.240000,70.700,4.202,43.058,919.081,4228.954,4.358,7.964,1027.270,108.190,1.000000,"Formel: Rentenwertfaktor = min(1, (Beitragsbasis x Korridor + Bestandsschutz + sonstige Einnahmen) / Referenzausgaben)."
2062,jung,daenemarknah,ziel_20_prozent,0.200000,71.467,5.073,46.962,869.055,4232.858,4.358,7.964,858.893,-10.162,0.988307,"Formel: Rentenwertfaktor = min(1, (Beitragsbasis x Korridor + Bestandsschutz + sonstige Einnahmen) / Referenzausgaben)."
2062,jung,daenemarknah,stabil_22_prozent,0.220000,71.467,5.073,46.962,869.055,4232.858,4.358,7.964,943.550,74.495,1.000000,"Formel: Rentenwertfaktor = min(1, (Beitragsbasis x Korridor + Bestandsschutz + sonstige Einnahmen) / Referenzausgaben)."
2062,jung,daenemarknah,obergrenze_24_prozent,0.240000,71.467,5.073,46.962,869.055,4232.858,4.358,7.964,1028.207,159.153,1.000000,"Formel: Rentenwertfaktor = min(1, (Beitragsbasis x Korridor + Bestandsschutz + sonstige Einnahmen) / Referenzausgaben)."
2063,jung,status_quo_67,ziel_20_prozent,0.200000,67.000,0.000,0.000,1186.467,4286.728,3.863,8.163,869.371,-317.096,0.732739,"Formel: Rentenwertfaktor = min(1, (Beitragsbasis x Korridor + Bestandsschutz + sonstige Einnahmen) / Referenzausgaben)."
2063,jung,status_quo_67,stabil_22_prozent,0.220000,67.000,0.000,0.000,1186.467,4286.728,3.863,8.163,955.105,-231.362,0.804999,"Formel: Rentenwertfaktor = min(1, (Beitragsbasis x Korridor + Bestandsschutz + sonstige Einnahmen) / Referenzausgaben)."
2063,jung,status_quo_67,obergrenze_24_prozent,0.240000,67.000,0.000,0.000,1186.467,4286.728,3.863,8.163,1040.840,-145.627,0.877260,"Formel: Rentenwertfaktor = min(1, (Beitragsbasis x Korridor + Bestandsschutz + sonstige Einnahmen) / Referenzausgaben)."
2063,jung,lebenserwartung_gekoppelt_2zu1,ziel_20_prozent,0.200000,70.800,4.313,44.771,932.967,4331.499,3.863,8.163,878.325,-54.641,0.941433,"Formel: Rentenwertfaktor = min(1, (Beitragsbasis x Korridor + Bestandsschutz + sonstige Einnahmen) / Referenzausgaben)."
2063,jung,lebenserwartung_gekoppelt_2zu1,stabil_22_prozent,0.220000,70.800,4.313,44.771,932.967,4331.499,3.863,8.163,964.955,31.989,1.000000,"Formel: Rentenwertfaktor = min(1, (Beitragsbasis x Korridor + Bestandsschutz + sonstige Einnahmen) / Referenzausgaben)."
2063,jung,lebenserwartung_gekoppelt_2zu1,obergrenze_24_prozent,0.240000,70.800,4.313,44.771,932.967,4331.499,3.863,8.163,1051.585,118.619,1.000000,"Formel: Rentenwertfaktor = min(1, (Beitragsbasis x Korridor + Bestandsschutz + sonstige Einnahmen) / Referenzausgaben)."
2063,jung,daenemarknah,ziel_20_prozent,0.200000,71.533,5.146,48.442,884.045,4335.170,3.863,8.163,879.059,-4.986,0.994360,"Formel: Rentenwertfaktor = min(1, (Beitragsbasis x Korridor + Bestandsschutz + sonstige Einnahmen) / Referenzausgaben)."
2063,jung,daenemarknah,stabil_22_prozent,0.220000,71.533,5.146,48.442,884.045,4335.170,3.863,8.163,965.763,81.717,1.000000,"Formel: Rentenwertfaktor = min(1, (Beitragsbasis x Korridor + Bestandsschutz + sonstige Einnahmen) / Referenzausgaben)."
2063,jung,daenemarknah,obergrenze_24_prozent,0.240000,71.533,5.146,48.442,884.045,4335.170,3.863,8.163,1052.466,168.421,1.000000,"Formel: Rentenwertfaktor = min(1, (Beitragsbasis x Korridor + Bestandsschutz + sonstige Einnahmen) / Referenzausgaben)."
2064,jung,status_quo_67,ziel_20_prozent,0.200000,67.000,0.000,0.000,1213.004,4389.974,3.452,8.367,889.813,-323.191,0.733562,"Formel: Rentenwertfaktor = min(1, (Beitragsbasis x Korridor + Bestandsschutz + sonstige Einnahmen) / Referenzausgaben)."
2064,jung,status_quo_67,stabil_22_prozent,0.220000,67.000,0.000,0.000,1213.004,4389.974,3.452,8.367,977.613,-235.391,0.805943,"Formel: Rentenwertfaktor = min(1, (Beitragsbasis x Korridor + Bestandsschutz + sonstige Einnahmen) / Referenzausgaben)."
2064,jung,status_quo_67,obergrenze_24_prozent,0.240000,67.000,0.000,0.000,1213.004,4389.974,3.452,8.367,1065.412,-147.592,0.878325,"Formel: Rentenwertfaktor = min(1, (Beitragsbasis x Korridor + Bestandsschutz + sonstige Einnahmen) / Referenzausgaben)."
2064,jung,lebenserwartung_gekoppelt_2zu1,ziel_20_prozent,0.200000,70.900,4.424,46.543,947.014,4436.517,3.452,8.367,899.122,-47.891,0.949429,"Formel: Rentenwertfaktor = min(1, (Beitragsbasis x Korridor + Bestandsschutz + sonstige Einnahmen) / Referenzausgaben)."
2064,jung,lebenserwartung_gekoppelt_2zu1,stabil_22_prozent,0.220000,70.900,4.424,46.543,947.014,4436.517,3.452,8.367,987.852,40.839,1.000000,"Formel: Rentenwertfaktor = min(1, (Beitragsbasis x Korridor + Bestandsschutz + sonstige Einnahmen) / Referenzausgaben)."
2064,jung,lebenserwartung_gekoppelt_2zu1,obergrenze_24_prozent,0.240000,70.900,4.424,46.543,947.014,4436.517,3.452,8.367,1076.583,129.569,1.000000,"Formel: Rentenwertfaktor = min(1, (Beitragsbasis x Korridor + Bestandsschutz + sonstige Einnahmen) / Referenzausgaben)."
2064,jung,daenemarknah,ziel_20_prozent,0.200000,71.600,5.218,49.967,899.272,4439.941,3.452,8.367,899.807,0.535,1.000000,"Formel: Rentenwertfaktor = min(1, (Beitragsbasis x Korridor + Bestandsschutz + sonstige Einnahmen) / Referenzausgaben)."
2064,jung,daenemarknah,stabil_22_prozent,0.220000,71.600,5.218,49.967,899.272,4439.941,3.452,8.367,988.606,89.334,1.000000,"Formel: Rentenwertfaktor = min(1, (Beitragsbasis x Korridor + Bestandsschutz + sonstige Einnahmen) / Referenzausgaben)."
2064,jung,daenemarknah,obergrenze_24_prozent,0.240000,71.600,5.218,49.967,899.272,4439.941,3.452,8.367,1077.405,178.133,1.000000,"Formel: Rentenwertfaktor = min(1, (Beitragsbasis x Korridor + Bestandsschutz + sonstige Einnahmen) / Referenzausgaben)."
2065,jung,status_quo_67,ziel_20_prozent,0.200000,67.000,0.000,0.000,1240.135,4495.693,3.109,8.576,910.824,-329.311,0.734456,"Formel: Rentenwertfaktor = min(1, (Beitragsbasis x Korridor + Bestandsschutz + sonstige Einnahmen) / Referenzausgaben)."
2065,jung,status_quo_67,stabil_22_prozent,0.220000,67.000,0.000,0.000,1240.135,4495.693,3.109,8.576,1000.738,-239.397,0.806959,"Formel: Rentenwertfaktor = min(1, (Beitragsbasis x Korridor + Bestandsschutz + sonstige Einnahmen) / Referenzausgaben)."
2065,jung,status_quo_67,obergrenze_24_prozent,0.240000,67.000,0.000,0.000,1240.135,4495.693,3.109,8.576,1090.652,-149.483,0.879462,"Formel: Rentenwertfaktor = min(1, (Beitragsbasis x Korridor + Bestandsschutz + sonstige Einnahmen) / Referenzausgaben)."
2065,jung,lebenserwartung_gekoppelt_2zu1,ziel_20_prozent,0.200000,71.000,4.535,48.376,961.222,4544.069,3.109,8.576,920.499,-40.723,0.957634,"Formel: Rentenwertfaktor = min(1, (Beitragsbasis x Korridor + Bestandsschutz + sonstige Einnahmen) / Referenzausgaben)."
2065,jung,lebenserwartung_gekoppelt_2zu1,stabil_22_prozent,0.220000,71.000,4.535,48.376,961.222,4544.069,3.109,8.576,1011.380,50.159,1.000000,"Formel: Rentenwertfaktor = min(1, (Beitragsbasis x Korridor + Bestandsschutz + sonstige Einnahmen) / Referenzausgaben)."
2065,jung,lebenserwartung_gekoppelt_2zu1,obergrenze_24_prozent,0.240000,71.000,4.535,48.376,961.222,4544.069,3.109,8.576,1102.262,141.040,1.000000,"Formel: Rentenwertfaktor = min(1, (Beitragsbasis x Korridor + Bestandsschutz + sonstige Einnahmen) / Referenzausgaben)."
2065,jung,daenemarknah,ziel_20_prozent,0.200000,71.667,5.290,51.538,914.736,4547.231,3.109,8.576,921.131,6.395,1.000000,"Formel: Rentenwertfaktor = min(1, (Beitragsbasis x Korridor + Bestandsschutz + sonstige Einnahmen) / Referenzausgaben)."
2065,jung,daenemarknah,stabil_22_prozent,0.220000,71.667,5.290,51.538,914.736,4547.231,3.109,8.576,1012.076,97.340,1.000000,"Formel: Rentenwertfaktor = min(1, (Beitragsbasis x Korridor + Bestandsschutz + sonstige Einnahmen) / Referenzausgaben)."
2065,jung,daenemarknah,obergrenze_24_prozent,0.240000,71.667,5.290,51.538,914.736,4547.231,3.109,8.576,1103.021,188.284,1.000000,"Formel: Rentenwertfaktor = min(1, (Beitragsbasis x Korridor + Bestandsschutz + sonstige Einnahmen) / Referenzausgaben)."
2066,jung,status_quo_67,ziel_20_prozent,0.200000,67.000,0.000,0.000,1267.871,4603.943,2.821,8.790,932.400,-335.471,0.735406,"Formel: Rentenwertfaktor = min(1, (Beitragsbasis x Korridor + Bestandsschutz + sonstige Einnahmen) / Referenzausgaben)."
2066,jung,status_quo_67,stabil_22_prozent,0.220000,67.000,0.000,0.000,1267.871,4603.943,2.821,8.790,1024.479,-243.392,0.808031,"Formel: Rentenwertfaktor = min(1, (Beitragsbasis x Korridor + Bestandsschutz + sonstige Einnahmen) / Referenzausgaben)."
2066,jung,status_quo_67,obergrenze_24_prozent,0.240000,67.000,0.000,0.000,1267.871,4603.943,2.821,8.790,1116.558,-151.313,0.880656,"Formel: Rentenwertfaktor = min(1, (Beitragsbasis x Korridor + Bestandsschutz + sonstige Einnahmen) / Referenzausgaben)."
2066,jung,lebenserwartung_gekoppelt_2zu1,ziel_20_prozent,0.200000,71.100,4.645,50.077,975.591,4654.020,2.821,8.790,942.416,-33.176,0.965994,"Formel: Rentenwertfaktor = min(1, (Beitragsbasis x Korridor + Bestandsschutz + sonstige Einnahmen) / Referenzausgaben)."
2066,jung,lebenserwartung_gekoppelt_2zu1,stabil_22_prozent,0.220000,71.100,4.645,50.077,975.591,4654.020,2.821,8.790,1035.496,59.905,1.000000,"Formel: Rentenwertfaktor = min(1, (Beitragsbasis x Korridor + Bestandsschutz + sonstige Einnahmen) / Referenzausgaben)."
2066,jung,lebenserwartung_gekoppelt_2zu1,obergrenze_24_prozent,0.240000,71.100,4.645,50.077,975.591,4654.020,2.821,8.790,1128.576,152.985,1.000000,"Formel: Rentenwertfaktor = min(1, (Beitragsbasis x Korridor + Bestandsschutz + sonstige Einnahmen) / Referenzausgaben)."
2066,jung,daenemarknah,ziel_20_prozent,0.200000,71.733,5.363,53.156,930.443,4657.099,2.821,8.790,943.031,12.589,1.000000,"Formel: Rentenwertfaktor = min(1, (Beitragsbasis x Korridor + Bestandsschutz + sonstige Einnahmen) / Referenzausgaben)."
2066,jung,daenemarknah,stabil_22_prozent,0.220000,71.733,5.363,53.156,930.443,4657.099,2.821,8.790,1036.173,105.731,1.000000,"Formel: Rentenwertfaktor = min(1, (Beitragsbasis x Korridor + Bestandsschutz + sonstige Einnahmen) / Referenzausgaben)."
2066,jung,daenemarknah,obergrenze_24_prozent,0.240000,71.733,5.363,53.156,930.443,4657.099,2.821,8.790,1129.315,198.873,1.000000,"Formel: Rentenwertfaktor = min(1, (Beitragsbasis x Korridor + Bestandsschutz + sonstige Einnahmen) / Referenzausgaben)."
2067,jung,status_quo_67,ziel_20_prozent,0.200000,67.000,0.000,0.000,1296.228,4714.785,2.576,9.010,954.544,-341.684,0.736401,"Formel: Rentenwertfaktor = min(1, (Beitragsbasis x Korridor + Bestandsschutz + sonstige Einnahmen) / Referenzausgaben)."
2067,jung,status_quo_67,stabil_22_prozent,0.220000,67.000,0.000,0.000,1296.228,4714.785,2.576,9.010,1048.839,-247.388,0.809147,"Formel: Rentenwertfaktor = min(1, (Beitragsbasis x Korridor + Bestandsschutz + sonstige Einnahmen) / Referenzausgaben)."
2067,jung,status_quo_67,obergrenze_24_prozent,0.240000,67.000,0.000,0.000,1296.228,4714.785,2.576,9.010,1143.135,-153.093,0.881894,"Formel: Rentenwertfaktor = min(1, (Beitragsbasis x Korridor + Bestandsschutz + sonstige Einnahmen) / Referenzausgaben)."
2067,jung,lebenserwartung_gekoppelt_2zu1,ziel_20_prozent,0.200000,71.200,4.755,51.833,990.123,4766.618,2.576,9.010,964.910,-25.213,0.974536,"Formel: Rentenwertfaktor = min(1, (Beitragsbasis x Korridor + Bestandsschutz + sonstige Einnahmen) / Referenzausgaben)."
2067,jung,lebenserwartung_gekoppelt_2zu1,stabil_22_prozent,0.220000,71.200,4.755,51.833,990.123,4766.618,2.576,9.010,1060.242,70.120,1.000000,"Formel: Rentenwertfaktor = min(1, (Beitragsbasis x Korridor + Bestandsschutz + sonstige Einnahmen) / Referenzausgaben)."
2067,jung,lebenserwartung_gekoppelt_2zu1,obergrenze_24_prozent,0.240000,71.200,4.755,51.833,990.123,4766.618,2.576,9.010,1155.575,165.452,1.000000,"Formel: Rentenwertfaktor = min(1, (Beitragsbasis x Korridor + Bestandsschutz + sonstige Einnahmen) / Referenzausgaben)."
2067,jung,daenemarknah,ziel_20_prozent,0.200000,71.800,5.435,54.823,946.393,4769.608,2.576,9.010,965.508,19.115,1.000000,"Formel: Rentenwertfaktor = min(1, (Beitragsbasis x Korridor + Bestandsschutz + sonstige Einnahmen) / Referenzausgaben)."
2067,jung,daenemarknah,stabil_22_prozent,0.220000,71.800,5.435,54.823,946.393,4769.608,2.576,9.010,1060.900,114.507,1.000000,"Formel: Rentenwertfaktor = min(1, (Beitragsbasis x Korridor + Bestandsschutz + sonstige Einnahmen) / Referenzausgaben)."
2067,jung,daenemarknah,obergrenze_24_prozent,0.240000,71.800,5.435,54.823,946.393,4769.608,2.576,9.010,1156.292,209.899,1.000000,"Formel: Rentenwertfaktor = min(1, (Beitragsbasis x Korridor + Bestandsschutz + sonstige Einnahmen) / Referenzausgaben)."
2068,jung,status_quo_67,ziel_20_prozent,0.200000,67.000,0.000,0.000,1325.218,4828.280,2.366,9.236,977.258,-347.960,0.737432,"Formel: Rentenwertfaktor = min(1, (Beitragsbasis x Korridor + Bestandsschutz + sonstige Einnahmen) / Referenzausgaben)."
2068,jung,status_quo_67,stabil_22_prozent,0.220000,67.000,0.000,0.000,1325.218,4828.280,2.366,9.236,1073.823,-251.395,0.810299,"Formel: Rentenwertfaktor = min(1, (Beitragsbasis x Korridor + Bestandsschutz + sonstige Einnahmen) / Referenzausgaben)."
2068,jung,status_quo_67,obergrenze_24_prozent,0.240000,67.000,0.000,0.000,1325.218,4828.280,2.366,9.236,1170.389,-154.829,0.883167,"Formel: Rentenwertfaktor = min(1, (Beitragsbasis x Korridor + Bestandsschutz + sonstige Einnahmen) / Referenzausgaben)."
2068,jung,lebenserwartung_gekoppelt_2zu1,ziel_20_prozent,0.200000,71.300,4.866,53.645,1004.816,4881.925,2.366,9.236,987.986,-16.829,0.983252,"Formel: Rentenwertfaktor = min(1, (Beitragsbasis x Korridor + Bestandsschutz + sonstige Einnahmen) / Referenzausgaben)."
2068,jung,lebenserwartung_gekoppelt_2zu1,stabil_22_prozent,0.220000,71.300,4.866,53.645,1004.816,4881.925,2.366,9.236,1085.625,80.809,1.000000,"Formel: Rentenwertfaktor = min(1, (Beitragsbasis x Korridor + Bestandsschutz + sonstige Einnahmen) / Referenzausgaben)."
2068,jung,lebenserwartung_gekoppelt_2zu1,obergrenze_24_prozent,0.240000,71.300,4.866,53.645,1004.816,4881.925,2.366,9.236,1183.263,178.448,1.000000,"Formel: Rentenwertfaktor = min(1, (Beitragsbasis x Korridor + Bestandsschutz + sonstige Einnahmen) / Referenzausgaben)."
2068,jung,daenemarknah,ziel_20_prozent,0.200000,71.867,5.507,56.540,962.592,4884.820,2.366,9.236,988.566,25.973,1.000000,"Formel: Rentenwertfaktor = min(1, (Beitragsbasis x Korridor + Bestandsschutz + sonstige Einnahmen) / Referenzausgaben)."
2068,jung,daenemarknah,stabil_22_prozent,0.220000,71.867,5.507,56.540,962.592,4884.820,2.366,9.236,1086.262,123.670,1.000000,"Formel: Rentenwertfaktor = min(1, (Beitragsbasis x Korridor + Bestandsschutz + sonstige Einnahmen) / Referenzausgaben)."
2068,jung,daenemarknah,obergrenze_24_prozent,0.240000,71.867,5.507,56.540,962.592,4884.820,2.366,9.236,1183.958,221.366,1.000000,"Formel: Rentenwertfaktor = min(1, (Beitragsbasis x Korridor + Bestandsschutz + sonstige Einnahmen) / Referenzausgaben)."
2069,jung,status_quo_67,ziel_20_prozent,0.200000,67.000,0.000,0.000,1354.856,4944.492,2.184,9.466,1000.548,-354.307,0.738491,"Formel: Rentenwertfaktor = min(1, (Beitragsbasis x Korridor + Bestandsschutz + sonstige Einnahmen) / Referenzausgaben)."
2069,jung,status_quo_67,stabil_22_prozent,0.220000,67.000,0.000,0.000,1354.856,4944.492,2.184,9.466,1099.438,-255.418,0.811480,"Formel: Rentenwertfaktor = min(1, (Beitragsbasis x Korridor + Bestandsschutz + sonstige Einnahmen) / Referenzausgaben)."
2069,jung,status_quo_67,obergrenze_24_prozent,0.240000,67.000,0.000,0.000,1354.856,4944.492,2.184,9.466,1198.328,-156.528,0.884469,"Formel: Rentenwertfaktor = min(1, (Beitragsbasis x Korridor + Bestandsschutz + sonstige Einnahmen) / Referenzausgaben)."
2069,jung,lebenserwartung_gekoppelt_2zu1,ziel_20_prozent,0.200000,71.400,4.976,55.515,1019.670,5000.007,2.184,9.466,1011.651,-8.019,0.992136,"Formel: Rentenwertfaktor = min(1, (Beitragsbasis x Korridor + Bestandsschutz + sonstige Einnahmen) / Referenzausgaben)."
2069,jung,lebenserwartung_gekoppelt_2zu1,stabil_22_prozent,0.220000,71.400,4.976,55.515,1019.670,5000.007,2.184,9.466,1111.651,91.981,1.000000,"Formel: Rentenwertfaktor = min(1, (Beitragsbasis x Korridor + Bestandsschutz + sonstige Einnahmen) / Referenzausgaben)."
2069,jung,lebenserwartung_gekoppelt_2zu1,obergrenze_24_prozent,0.240000,71.400,4.976,55.515,1019.670,5000.007,2.184,9.466,1211.652,191.982,1.000000,"Formel: Rentenwertfaktor = min(1, (Beitragsbasis x Korridor + Bestandsschutz + sonstige Einnahmen) / Referenzausgaben)."
2069,jung,daenemarknah,ziel_20_prozent,0.200000,71.933,5.579,58.309,979.041,5002.800,2.184,9.466,1012.210,33.168,1.000000,"Formel: Rentenwertfaktor = min(1, (Beitragsbasis x Korridor + Bestandsschutz + sonstige Einnahmen) / Referenzausgaben)."
2069,jung,daenemarknah,stabil_22_prozent,0.220000,71.933,5.579,58.309,979.041,5002.800,2.184,9.466,1112.266,133.224,1.000000,"Formel: Rentenwertfaktor = min(1, (Beitragsbasis x Korridor + Bestandsschutz + sonstige Einnahmen) / Referenzausgaben)."
2069,jung,daenemarknah,obergrenze_24_prozent,0.240000,71.933,5.579,58.309,979.041,5002.800,2.184,9.466,1212.322,233.280,1.000000,"Formel: Rentenwertfaktor = min(1, (Beitragsbasis x Korridor + Bestandsschutz + sonstige Einnahmen) / Referenzausgaben)."
2070,jung,status_quo_67,ziel_20_prozent,0.200000,67.000,0.000,0.000,1385.156,5063.484,2.024,9.703,1024.424,-360.732,0.739573,"Formel: Rentenwertfaktor = min(1, (Beitragsbasis x Korridor + Bestandsschutz + sonstige Einnahmen) / Referenzausgaben)."
2070,jung,status_quo_67,stabil_22_prozent,0.220000,67.000,0.000,0.000,1385.156,5063.484,2.024,9.703,1125.693,-259.463,0.812684,"Formel: Rentenwertfaktor = min(1, (Beitragsbasis x Korridor + Bestandsschutz + sonstige Einnahmen) / Referenzausgaben)."
2070,jung,status_quo_67,obergrenze_24_prozent,0.240000,67.000,0.000,0.000,1385.156,5063.484,2.024,9.703,1226.963,-158.193,0.885794,"Formel: Rentenwertfaktor = min(1, (Beitragsbasis x Korridor + Bestandsschutz + sonstige Einnahmen) / Referenzausgaben)."
2070,jung,lebenserwartung_gekoppelt_2zu1,ziel_20_prozent,0.200000,71.500,5.086,57.446,1034.686,5120.930,2.024,9.703,1035.913,1.227,1.000000,"Formel: Rentenwertfaktor = min(1, (Beitragsbasis x Korridor + Bestandsschutz + sonstige Einnahmen) / Referenzausgaben)."
2070,jung,lebenserwartung_gekoppelt_2zu1,stabil_22_prozent,0.220000,71.500,5.086,57.446,1034.686,5120.930,2.024,9.703,1138.332,103.646,1.000000,"Formel: Rentenwertfaktor = min(1, (Beitragsbasis x Korridor + Bestandsschutz + sonstige Einnahmen) / Referenzausgaben)."
2070,jung,lebenserwartung_gekoppelt_2zu1,obergrenze_24_prozent,0.240000,71.500,5.086,57.446,1034.686,5120.930,2.024,9.703,1240.750,206.064,1.000000,"Formel: Rentenwertfaktor = min(1, (Beitragsbasis x Korridor + Bestandsschutz + sonstige Einnahmen) / Referenzausgaben)."
2070,jung,daenemarknah,ziel_20_prozent,0.200000,72.000,5.651,60.130,995.745,5123.614,2.024,9.703,1036.450,40.705,1.000000,"Formel: Rentenwertfaktor = min(1, (Beitragsbasis x Korridor + Bestandsschutz + sonstige Einnahmen) / Referenzausgaben)."
2070,jung,daenemarknah,stabil_22_prozent,0.220000,72.000,5.651,60.130,995.745,5123.614,2.024,9.703,1138.922,143.177,1.000000,"Formel: Rentenwertfaktor = min(1, (Beitragsbasis x Korridor + Bestandsschutz + sonstige Einnahmen) / Referenzausgaben)."
2070,jung,daenemarknah,obergrenze_24_prozent,0.240000,72.000,5.651,60.130,995.745,5123.614,2.024,9.703,1241.394,245.650,1.000000,"Formel: Rentenwertfaktor = min(1, (Beitragsbasis x Korridor + Bestandsschutz + sonstige Einnahmen) / Referenzausgaben)."
2027,moderat,status_quo_67,ziel_20_prozent,0.200000,67.000,0.000,0.000,434.047,1780.143,99.585,3.356,458.969,24.922,1.000000,"Formel: Rentenwertfaktor = min(1, (Beitragsbasis x Korridor + Bestandsschutz + sonstige Einnahmen) / Referenzausgaben)."
2027,moderat,status_quo_67,stabil_22_prozent,0.220000,67.000,0.000,0.000,434.047,1780.143,99.585,3.356,494.572,60.525,1.000000,"Formel: Rentenwertfaktor = min(1, (Beitragsbasis x Korridor + Bestandsschutz + sonstige Einnahmen) / Referenzausgaben)."
2027,moderat,status_quo_67,obergrenze_24_prozent,0.240000,67.000,0.000,0.000,434.047,1780.143,99.585,3.356,530.175,96.128,1.000000,"Formel: Rentenwertfaktor = min(1, (Beitragsbasis x Korridor + Bestandsschutz + sonstige Einnahmen) / Referenzausgaben)."
2027,moderat,lebenserwartung_gekoppelt_2zu1,ziel_20_prozent,0.200000,67.000,0.000,0.000,434.047,1780.143,99.585,3.356,458.969,24.922,1.000000,"Formel: Rentenwertfaktor = min(1, (Beitragsbasis x Korridor + Bestandsschutz + sonstige Einnahmen) / Referenzausgaben)."
2027,moderat,lebenserwartung_gekoppelt_2zu1,stabil_22_prozent,0.220000,67.000,0.000,0.000,434.047,1780.143,99.585,3.356,494.572,60.525,1.000000,"Formel: Rentenwertfaktor = min(1, (Beitragsbasis x Korridor + Bestandsschutz + sonstige Einnahmen) / Referenzausgaben)."
2027,moderat,lebenserwartung_gekoppelt_2zu1,obergrenze_24_prozent,0.240000,67.000,0.000,0.000,434.047,1780.143,99.585,3.356,530.175,96.128,1.000000,"Formel: Rentenwertfaktor = min(1, (Beitragsbasis x Korridor + Bestandsschutz + sonstige Einnahmen) / Referenzausgaben)."
2027,moderat,daenemarknah,ziel_20_prozent,0.200000,67.000,0.000,0.000,434.047,1780.143,99.585,3.356,458.969,24.922,1.000000,"Formel: Rentenwertfaktor = min(1, (Beitragsbasis x Korridor + Bestandsschutz + sonstige Einnahmen) / Referenzausgaben)."
2027,moderat,daenemarknah,stabil_22_prozent,0.220000,67.000,0.000,0.000,434.047,1780.143,99.585,3.356,494.572,60.525,1.000000,"Formel: Rentenwertfaktor = min(1, (Beitragsbasis x Korridor + Bestandsschutz + sonstige Einnahmen) / Referenzausgaben)."
2027,moderat,daenemarknah,obergrenze_24_prozent,0.240000,67.000,0.000,0.000,434.047,1780.143,99.585,3.356,530.175,96.128,1.000000,"Formel: Rentenwertfaktor = min(1, (Beitragsbasis x Korridor + Bestandsschutz + sonstige Einnahmen) / Referenzausgaben)."
2028,moderat,status_quo_67,ziel_20_prozent,0.200000,67.000,0.000,0.000,453.388,1812.295,104.022,3.440,469.921,16.533,1.000000,"Formel: Rentenwertfaktor = min(1, (Beitragsbasis x Korridor + Bestandsschutz + sonstige Einnahmen) / Referenzausgaben)."
2028,moderat,status_quo_67,stabil_22_prozent,0.220000,67.000,0.000,0.000,453.388,1812.295,104.022,3.440,506.167,52.779,1.000000,"Formel: Rentenwertfaktor = min(1, (Beitragsbasis x Korridor + Bestandsschutz + sonstige Einnahmen) / Referenzausgaben)."
2028,moderat,status_quo_67,obergrenze_24_prozent,0.240000,67.000,0.000,0.000,453.388,1812.295,104.022,3.440,542.413,89.024,1.000000,"Formel: Rentenwertfaktor = min(1, (Beitragsbasis x Korridor + Bestandsschutz + sonstige Einnahmen) / Referenzausgaben)."
2028,moderat,lebenserwartung_gekoppelt_2zu1,ziel_20_prozent,0.200000,67.125,0.127,0.784,450.202,1813.079,104.022,3.440,470.078,19.876,1.000000,"Formel: Rentenwertfaktor = min(1, (Beitragsbasis x Korridor + Bestandsschutz + sonstige Einnahmen) / Referenzausgaben)."
2028,moderat,lebenserwartung_gekoppelt_2zu1,stabil_22_prozent,0.220000,67.125,0.127,0.784,450.202,1813.079,104.022,3.440,506.339,56.138,1.000000,"Formel: Rentenwertfaktor = min(1, (Beitragsbasis x Korridor + Bestandsschutz + sonstige Einnahmen) / Referenzausgaben)."
2028,moderat,lebenserwartung_gekoppelt_2zu1,obergrenze_24_prozent,0.240000,67.125,0.127,0.784,450.202,1813.079,104.022,3.440,542.601,92.399,1.000000,"Formel: Rentenwertfaktor = min(1, (Beitragsbasis x Korridor + Bestandsschutz + sonstige Einnahmen) / Referenzausgaben)."
2028,moderat,daenemarknah,ziel_20_prozent,0.200000,67.333,0.338,2.090,444.891,1814.385,104.022,3.440,470.339,25.448,1.000000,"Formel: Rentenwertfaktor = min(1, (Beitragsbasis x Korridor + Bestandsschutz + sonstige Einnahmen) / Referenzausgaben)."
2028,moderat,daenemarknah,stabil_22_prozent,0.220000,67.333,0.338,2.090,444.891,1814.385,104.022,3.440,506.627,61.736,1.000000,"Formel: Rentenwertfaktor = min(1, (Beitragsbasis x Korridor + Bestandsschutz + sonstige Einnahmen) / Referenzausgaben)."
2028,moderat,daenemarknah,obergrenze_24_prozent,0.240000,67.333,0.338,2.090,444.891,1814.385,104.022,3.440,542.914,98.024,1.000000,"Formel: Rentenwertfaktor = min(1, (Beitragsbasis x Korridor + Bestandsschutz + sonstige Einnahmen) / Referenzausgaben)."
2029,moderat,status_quo_67,ziel_20_prozent,0.200000,67.000,0.000,0.000,473.472,1844.943,108.630,3.526,481.144,7.672,1.000000,"Formel: Rentenwertfaktor = min(1, (Beitragsbasis x Korridor + Bestandsschutz + sonstige Einnahmen) / Referenzausgaben)."
2029,moderat,status_quo_67,stabil_22_prozent,0.220000,67.000,0.000,0.000,473.472,1844.943,108.630,3.526,518.043,44.571,1.000000,"Formel: Rentenwertfaktor = min(1, (Beitragsbasis x Korridor + Bestandsschutz + sonstige Einnahmen) / Referenzausgaben)."
2029,moderat,status_quo_67,obergrenze_24_prozent,0.240000,67.000,0.000,0.000,473.472,1844.943,108.630,3.526,554.942,81.470,1.000000,"Formel: Rentenwertfaktor = min(1, (Beitragsbasis x Korridor + Bestandsschutz + sonstige Einnahmen) / Referenzausgaben)."
2029,moderat,lebenserwartung_gekoppelt_2zu1,ziel_20_prozent,0.200000,67.250,0.258,1.632,466.817,1846.575,108.630,3.526,481.471,14.654,1.000000,"Formel: Rentenwertfaktor = min(1, (Beitragsbasis x Korridor + Bestandsschutz + sonstige Einnahmen) / Referenzausgaben)."
2029,moderat,lebenserwartung_gekoppelt_2zu1,stabil_22_prozent,0.220000,67.250,0.258,1.632,466.817,1846.575,108.630,3.526,518.402,51.585,1.000000,"Formel: Rentenwertfaktor = min(1, (Beitragsbasis x Korridor + Bestandsschutz + sonstige Einnahmen) / Referenzausgaben)."
2029,moderat,lebenserwartung_gekoppelt_2zu1,obergrenze_24_prozent,0.240000,67.250,0.258,1.632,466.817,1846.575,108.630,3.526,555.334,88.517,1.000000,"Formel: Rentenwertfaktor = min(1, (Beitragsbasis x Korridor + Bestandsschutz + sonstige Einnahmen) / Referenzausgaben)."
2029,moderat,daenemarknah,ziel_20_prozent,0.200000,67.667,0.687,4.352,455.724,1849.295,108.630,3.526,482.015,26.290,1.000000,"Formel: Rentenwertfaktor = min(1, (Beitragsbasis x Korridor + Bestandsschutz + sonstige Einnahmen) / Referenzausgaben)."
2029,moderat,daenemarknah,stabil_22_prozent,0.220000,67.667,0.687,4.352,455.724,1849.295,108.630,3.526,519.001,63.276,1.000000,"Formel: Rentenwertfaktor = min(1, (Beitragsbasis x Korridor + Bestandsschutz + sonstige Einnahmen) / Referenzausgaben)."
2029,moderat,daenemarknah,obergrenze_24_prozent,0.240000,67.667,0.687,4.352,455.724,1849.295,108.630,3.526,555.987,100.262,1.000000,"Formel: Rentenwertfaktor = min(1, (Beitragsbasis x Korridor + Bestandsschutz + sonstige Einnahmen) / Referenzausgaben)."
2030,moderat,status_quo_67,ziel_20_prozent,0.200000,67.000,0.000,0.000,494.325,1897.096,97.858,3.614,480.891,-13.434,0.972823,"Formel: Rentenwertfaktor = min(1, (Beitragsbasis x Korridor + Bestandsschutz + sonstige Einnahmen) / Referenzausgaben)."
2030,moderat,status_quo_67,stabil_22_prozent,0.220000,67.000,0.000,0.000,494.325,1897.096,97.858,3.614,518.833,24.507,1.000000,"Formel: Rentenwertfaktor = min(1, (Beitragsbasis x Korridor + Bestandsschutz + sonstige Einnahmen) / Referenzausgaben)."
2030,moderat,status_quo_67,obergrenze_24_prozent,0.240000,67.000,0.000,0.000,494.325,1897.096,97.858,3.614,556.775,62.449,1.000000,"Formel: Rentenwertfaktor = min(1, (Beitragsbasis x Korridor + Bestandsschutz + sonstige Einnahmen) / Referenzausgaben)."
2030,moderat,lebenserwartung_gekoppelt_2zu1,ziel_20_prozent,0.200000,67.375,0.392,2.574,483.903,1899.671,97.858,3.614,481.406,-2.497,0.994840,"Formel: Rentenwertfaktor = min(1, (Beitragsbasis x Korridor + Bestandsschutz + sonstige Einnahmen) / Referenzausgaben)."
2030,moderat,lebenserwartung_gekoppelt_2zu1,stabil_22_prozent,0.220000,67.375,0.392,2.574,483.903,1899.671,97.858,3.614,519.399,35.497,1.000000,"Formel: Rentenwertfaktor = min(1, (Beitragsbasis x Korridor + Bestandsschutz + sonstige Einnahmen) / Referenzausgaben)."
2030,moderat,lebenserwartung_gekoppelt_2zu1,obergrenze_24_prozent,0.240000,67.375,0.392,2.574,483.903,1899.671,97.858,3.614,557.393,73.490,1.000000,"Formel: Rentenwertfaktor = min(1, (Beitragsbasis x Korridor + Bestandsschutz + sonstige Einnahmen) / Referenzausgaben)."
2030,moderat,daenemarknah,ziel_20_prozent,0.200000,68.000,1.046,6.865,466.531,1903.961,97.858,3.614,482.264,15.733,1.000000,"Formel: Rentenwertfaktor = min(1, (Beitragsbasis x Korridor + Bestandsschutz + sonstige Einnahmen) / Referenzausgaben)."
2030,moderat,daenemarknah,stabil_22_prozent,0.220000,68.000,1.046,6.865,466.531,1903.961,97.858,3.614,520.343,53.812,1.000000,"Formel: Rentenwertfaktor = min(1, (Beitragsbasis x Korridor + Bestandsschutz + sonstige Einnahmen) / Referenzausgaben)."
2030,moderat,daenemarknah,obergrenze_24_prozent,0.240000,68.000,1.046,6.865,466.531,1903.961,97.858,3.614,558.422,91.891,1.000000,"Formel: Rentenwertfaktor = min(1, (Beitragsbasis x Korridor + Bestandsschutz + sonstige Einnahmen) / Referenzausgaben)."
2031,moderat,status_quo_67,ziel_20_prozent,0.200000,67.000,0.000,0.000,515.975,1950.435,93.199,3.704,486.990,-28.985,0.943825,"Formel: Rentenwertfaktor = min(1, (Beitragsbasis x Korridor + Bestandsschutz + sonstige Einnahmen) / Referenzausgaben)."
2031,moderat,status_quo_67,stabil_22_prozent,0.220000,67.000,0.000,0.000,515.975,1950.435,93.199,3.704,525.999,10.024,1.000000,"Formel: Rentenwertfaktor = min(1, (Beitragsbasis x Korridor + Bestandsschutz + sonstige Einnahmen) / Referenzausgaben)."
2031,moderat,status_quo_67,obergrenze_24_prozent,0.240000,67.000,0.000,0.000,515.975,1950.435,93.199,3.704,565.008,49.033,1.000000,"Formel: Rentenwertfaktor = min(1, (Beitragsbasis x Korridor + Bestandsschutz + sonstige Einnahmen) / Referenzausgaben)."
2031,moderat,lebenserwartung_gekoppelt_2zu1,ziel_20_prozent,0.200000,67.500,0.531,3.608,501.470,1954.044,93.199,3.704,487.712,-13.758,0.972566,"Formel: Rentenwertfaktor = min(1, (Beitragsbasis x Korridor + Bestandsschutz + sonstige Einnahmen) / Referenzausgaben)."
2031,moderat,lebenserwartung_gekoppelt_2zu1,stabil_22_prozent,0.220000,67.500,0.531,3.608,501.470,1954.044,93.199,3.704,526.793,25.323,1.000000,"Formel: Rentenwertfaktor = min(1, (Beitragsbasis x Korridor + Bestandsschutz + sonstige Einnahmen) / Referenzausgaben)."
2031,moderat,lebenserwartung_gekoppelt_2zu1,obergrenze_24_prozent,0.240000,67.500,0.531,3.608,501.470,1954.044,93.199,3.704,565.874,64.404,1.000000,"Formel: Rentenwertfaktor = min(1, (Beitragsbasis x Korridor + Bestandsschutz + sonstige Einnahmen) / Referenzausgaben)."
2031,moderat,daenemarknah,ziel_20_prozent,0.200000,68.200,1.275,8.227,481.162,1958.662,93.199,3.704,488.636,7.474,1.000000,"Formel: Rentenwertfaktor = min(1, (Beitragsbasis x Korridor + Bestandsschutz + sonstige Einnahmen) / Referenzausgaben)."
2031,moderat,daenemarknah,stabil_22_prozent,0.220000,68.200,1.275,8.227,481.162,1958.662,93.199,3.704,527.809,46.647,1.000000,"Formel: Rentenwertfaktor = min(1, (Beitragsbasis x Korridor + Bestandsschutz + sonstige Einnahmen) / Referenzausgaben)."
2031,moderat,daenemarknah,obergrenze_24_prozent,0.240000,68.200,1.275,8.227,481.162,1958.662,93.199,3.704,566.982,85.821,1.000000,"Formel: Rentenwertfaktor = min(1, (Beitragsbasis x Korridor + Bestandsschutz + sonstige Einnahmen) / Referenzausgaben)."
2032,moderat,status_quo_67,ziel_20_prozent,0.200000,67.000,0.000,0.000,538.450,2004.980,88.574,3.797,493.367,-45.083,0.916272,"Formel: Rentenwertfaktor = min(1, (Beitragsbasis x Korridor + Bestandsschutz + sonstige Einnahmen) / Referenzausgaben)."
2032,moderat,status_quo_67,stabil_22_prozent,0.220000,67.000,0.000,0.000,538.450,2004.980,88.574,3.797,533.466,-4.983,0.990745,"Formel: Rentenwertfaktor = min(1, (Beitragsbasis x Korridor + Bestandsschutz + sonstige Einnahmen) / Referenzausgaben)."
2032,moderat,status_quo_67,obergrenze_24_prozent,0.240000,67.000,0.000,0.000,538.450,2004.980,88.574,3.797,573.566,35.116,1.000000,"Formel: Rentenwertfaktor = min(1, (Beitragsbasis x Korridor + Bestandsschutz + sonstige Einnahmen) / Referenzausgaben)."
2032,moderat,lebenserwartung_gekoppelt_2zu1,ziel_20_prozent,0.200000,67.625,0.674,4.739,519.528,2009.719,88.574,3.797,494.315,-25.213,0.951469,"Formel: Rentenwertfaktor = min(1, (Beitragsbasis x Korridor + Bestandsschutz + sonstige Einnahmen) / Referenzausgaben)."
2032,moderat,lebenserwartung_gekoppelt_2zu1,stabil_22_prozent,0.220000,67.625,0.674,4.739,519.528,2009.719,88.574,3.797,534.509,14.981,1.000000,"Formel: Rentenwertfaktor = min(1, (Beitragsbasis x Korridor + Bestandsschutz + sonstige Einnahmen) / Referenzausgaben)."
2032,moderat,lebenserwartung_gekoppelt_2zu1,obergrenze_24_prozent,0.240000,67.625,0.674,4.739,519.528,2009.719,88.574,3.797,574.704,55.176,1.000000,"Formel: Rentenwertfaktor = min(1, (Beitragsbasis x Korridor + Bestandsschutz + sonstige Einnahmen) / Referenzausgaben)."
2032,moderat,daenemarknah,ziel_20_prozent,0.200000,68.400,1.510,9.706,496.065,2014.686,88.574,3.797,495.308,-0.757,0.998475,"Formel: Rentenwertfaktor = min(1, (Beitragsbasis x Korridor + Bestandsschutz + sonstige Einnahmen) / Referenzausgaben)."
2032,moderat,daenemarknah,stabil_22_prozent,0.220000,68.400,1.510,9.706,496.065,2014.686,88.574,3.797,535.602,39.537,1.000000,"Formel: Rentenwertfaktor = min(1, (Beitragsbasis x Korridor + Bestandsschutz + sonstige Einnahmen) / Referenzausgaben)."
2032,moderat,daenemarknah,obergrenze_24_prozent,0.240000,68.400,1.510,9.706,496.065,2014.686,88.574,3.797,575.896,79.831,1.000000,"Formel: Rentenwertfaktor = min(1, (Beitragsbasis x Korridor + Bestandsschutz + sonstige Einnahmen) / Referenzausgaben)."
2033,moderat,status_quo_67,ziel_20_prozent,0.200000,67.000,0.000,0.000,561.779,2060.750,83.992,3.892,500.034,-61.745,0.890090,"Formel: Rentenwertfaktor = min(1, (Beitragsbasis x Korridor + Bestandsschutz + sonstige Einnahmen) / Referenzausgaben)."
2033,moderat,status_quo_67,stabil_22_prozent,0.220000,67.000,0.000,0.000,561.779,2060.750,83.992,3.892,541.249,-20.530,0.963455,"Formel: Rentenwertfaktor = min(1, (Beitragsbasis x Korridor + Bestandsschutz + sonstige Einnahmen) / Referenzausgaben)."
2033,moderat,status_quo_67,obergrenze_24_prozent,0.240000,67.000,0.000,0.000,561.779,2060.750,83.992,3.892,582.464,20.685,1.000000,"Formel: Rentenwertfaktor = min(1, (Beitragsbasis x Korridor + Bestandsschutz + sonstige Einnahmen) / Referenzausgaben)."
2033,moderat,lebenserwartung_gekoppelt_2zu1,ziel_20_prozent,0.200000,67.750,0.821,5.975,538.089,2066.724,83.992,3.892,501.228,-36.860,0.931498,"Formel: Rentenwertfaktor = min(1, (Beitragsbasis x Korridor + Bestandsschutz + sonstige Einnahmen) / Referenzausgaben)."
2033,moderat,lebenserwartung_gekoppelt_2zu1,stabil_22_prozent,0.220000,67.750,0.821,5.975,538.089,2066.724,83.992,3.892,542.563,4.474,1.000000,"Formel: Rentenwertfaktor = min(1, (Beitragsbasis x Korridor + Bestandsschutz + sonstige Einnahmen) / Referenzausgaben)."
2033,moderat,lebenserwartung_gekoppelt_2zu1,obergrenze_24_prozent,0.240000,67.750,0.821,5.975,538.089,2066.724,83.992,3.892,583.897,45.809,1.000000,"Formel: Rentenwertfaktor = min(1, (Beitragsbasis x Korridor + Bestandsschutz + sonstige Einnahmen) / Referenzausgaben)."
2033,moderat,daenemarknah,ziel_20_prozent,0.200000,68.600,1.752,11.312,511.240,2072.061,83.992,3.892,502.296,-8.944,0.982505,"Formel: Rentenwertfaktor = min(1, (Beitragsbasis x Korridor + Bestandsschutz + sonstige Einnahmen) / Referenzausgaben)."
2033,moderat,daenemarknah,stabil_22_prozent,0.220000,68.600,1.752,11.312,511.240,2072.061,83.992,3.892,543.737,32.497,1.000000,"Formel: Rentenwertfaktor = min(1, (Beitragsbasis x Korridor + Bestandsschutz + sonstige Einnahmen) / Referenzausgaben)."
2033,moderat,daenemarknah,obergrenze_24_prozent,0.240000,68.600,1.752,11.312,511.240,2072.061,83.992,3.892,585.178,73.939,1.000000,"Formel: Rentenwertfaktor = min(1, (Beitragsbasis x Korridor + Bestandsschutz + sonstige Einnahmen) / Referenzausgaben)."
2034,moderat,status_quo_67,ziel_20_prozent,0.200000,67.000,0.000,0.000,585.992,2117.765,79.464,3.989,507.006,-78.986,0.865210,"Formel: Rentenwertfaktor = min(1, (Beitragsbasis x Korridor + Bestandsschutz + sonstige Einnahmen) / Referenzausgaben)."
2034,moderat,status_quo_67,stabil_22_prozent,0.220000,67.000,0.000,0.000,585.992,2117.765,79.464,3.989,549.361,-36.630,0.937490,"Formel: Rentenwertfaktor = min(1, (Beitragsbasis x Korridor + Bestandsschutz + sonstige Einnahmen) / Referenzausgaben)."
2034,moderat,status_quo_67,obergrenze_24_prozent,0.240000,67.000,0.000,0.000,585.992,2117.765,79.464,3.989,591.716,5.725,1.000000,"Formel: Rentenwertfaktor = min(1, (Beitragsbasis x Korridor + Bestandsschutz + sonstige Einnahmen) / Referenzausgaben)."
2034,moderat,lebenserwartung_gekoppelt_2zu1,ziel_20_prozent,0.200000,67.875,0.972,7.320,557.162,2125.085,79.464,3.989,508.470,-48.692,0.912607,"Formel: Rentenwertfaktor = min(1, (Beitragsbasis x Korridor + Bestandsschutz + sonstige Einnahmen) / Referenzausgaben)."
2034,moderat,lebenserwartung_gekoppelt_2zu1,stabil_22_prozent,0.220000,67.875,0.972,7.320,557.162,2125.085,79.464,3.989,550.972,-6.190,0.988889,"Formel: Rentenwertfaktor = min(1, (Beitragsbasis x Korridor + Bestandsschutz + sonstige Einnahmen) / Referenzausgaben)."
2034,moderat,lebenserwartung_gekoppelt_2zu1,obergrenze_24_prozent,0.240000,67.875,0.972,7.320,557.162,2125.085,79.464,3.989,593.473,36.311,1.000000,"Formel: Rentenwertfaktor = min(1, (Beitragsbasis x Korridor + Bestandsschutz + sonstige Einnahmen) / Referenzausgaben)."
2034,moderat,daenemarknah,ziel_20_prozent,0.200000,68.800,1.999,13.051,526.685,2130.815,79.464,3.989,509.616,-17.069,0.967592,"Formel: Rentenwertfaktor = min(1, (Beitragsbasis x Korridor + Bestandsschutz + sonstige Einnahmen) / Referenzausgaben)."
2034,moderat,daenemarknah,stabil_22_prozent,0.220000,68.800,1.999,13.051,526.685,2130.815,79.464,3.989,552.232,25.547,1.000000,"Formel: Rentenwertfaktor = min(1, (Beitragsbasis x Korridor + Bestandsschutz + sonstige Einnahmen) / Referenzausgaben)."
2034,moderat,daenemarknah,obergrenze_24_prozent,0.240000,68.800,1.999,13.051,526.685,2130.815,79.464,3.989,594.849,68.164,1.000000,"Formel: Rentenwertfaktor = min(1, (Beitragsbasis x Korridor + Bestandsschutz + sonstige Einnahmen) / Referenzausgaben)."
2035,moderat,status_quo_67,ziel_20_prozent,0.200000,67.000,0.000,0.000,611.120,2176.045,75.003,4.089,514.301,-96.819,0.841571,"Formel: Rentenwertfaktor = min(1, (Beitragsbasis x Korridor + Bestandsschutz + sonstige Einnahmen) / Referenzausgaben)."
2035,moderat,status_quo_67,stabil_22_prozent,0.220000,67.000,0.000,0.000,611.120,2176.045,75.003,4.089,557.822,-53.298,0.912786,"Formel: Rentenwertfaktor = min(1, (Beitragsbasis x Korridor + Bestandsschutz + sonstige Einnahmen) / Referenzausgaben)."
2035,moderat,status_quo_67,obergrenze_24_prozent,0.240000,67.000,0.000,0.000,611.120,2176.045,75.003,4.089,601.343,-9.777,0.984001,"Formel: Rentenwertfaktor = min(1, (Beitragsbasis x Korridor + Bestandsschutz + sonstige Einnahmen) / Referenzausgaben)."
2035,moderat,lebenserwartung_gekoppelt_2zu1,ziel_20_prozent,0.200000,68.000,1.127,8.783,576.759,2184.828,75.003,4.089,516.058,-60.701,0.894754,"Formel: Rentenwertfaktor = min(1, (Beitragsbasis x Korridor + Bestandsschutz + sonstige Einnahmen) / Referenzausgaben)."
2035,moderat,lebenserwartung_gekoppelt_2zu1,stabil_22_prozent,0.220000,68.000,1.127,8.783,576.759,2184.828,75.003,4.089,559.754,-17.005,0.970516,"Formel: Rentenwertfaktor = min(1, (Beitragsbasis x Korridor + Bestandsschutz + sonstige Einnahmen) / Referenzausgaben)."
2035,moderat,lebenserwartung_gekoppelt_2zu1,obergrenze_24_prozent,0.240000,68.000,1.127,8.783,576.759,2184.828,75.003,4.089,603.451,26.692,1.000000,"Formel: Rentenwertfaktor = min(1, (Beitragsbasis x Korridor + Bestandsschutz + sonstige Einnahmen) / Referenzausgaben)."
2035,moderat,daenemarknah,ziel_20_prozent,0.200000,69.000,2.254,14.931,542.398,2190.976,75.003,4.089,517.287,-25.111,0.953704,"Formel: Rentenwertfaktor = min(1, (Beitragsbasis x Korridor + Bestandsschutz + sonstige Einnahmen) / Referenzausgaben)."
2035,moderat,daenemarknah,stabil_22_prozent,0.220000,69.000,2.254,14.931,542.398,2190.976,75.003,4.089,561.107,18.709,1.000000,"Formel: Rentenwertfaktor = min(1, (Beitragsbasis x Korridor + Bestandsschutz + sonstige Einnahmen) / Referenzausgaben)."
2035,moderat,daenemarknah,obergrenze_24_prozent,0.240000,69.000,2.254,14.931,542.398,2190.976,75.003,4.089,604.926,62.528,1.000000,"Formel: Rentenwertfaktor = min(1, (Beitragsbasis x Korridor + Bestandsschutz + sonstige Einnahmen) / Referenzausgaben)."
2036,moderat,status_quo_67,ziel_20_prozent,0.200000,67.000,0.000,0.000,637.196,2216.415,70.625,4.191,518.098,-119.098,0.813091,"Formel: Rentenwertfaktor = min(1, (Beitragsbasis x Korridor + Bestandsschutz + sonstige Einnahmen) / Referenzausgaben)."
2036,moderat,status_quo_67,stabil_22_prozent,0.220000,67.000,0.000,0.000,637.196,2216.415,70.625,4.191,562.427,-74.770,0.882658,"Formel: Rentenwertfaktor = min(1, (Beitragsbasis x Korridor + Bestandsschutz + sonstige Einnahmen) / Referenzausgaben)."
2036,moderat,status_quo_67,obergrenze_24_prozent,0.240000,67.000,0.000,0.000,637.196,2216.415,70.625,4.191,606.755,-30.441,0.952226,"Formel: Rentenwertfaktor = min(1, (Beitragsbasis x Korridor + Bestandsschutz + sonstige Einnahmen) / Referenzausgaben)."
2036,moderat,lebenserwartung_gekoppelt_2zu1,ziel_20_prozent,0.200000,68.100,1.257,9.779,597.786,2226.194,70.625,4.191,520.054,-77.732,0.869966,"Formel: Rentenwertfaktor = min(1, (Beitragsbasis x Korridor + Bestandsschutz + sonstige Einnahmen) / Referenzausgaben)."
2036,moderat,lebenserwartung_gekoppelt_2zu1,stabil_22_prozent,0.220000,68.100,1.257,9.779,597.786,2226.194,70.625,4.191,564.578,-33.208,0.944448,"Formel: Rentenwertfaktor = min(1, (Beitragsbasis x Korridor + Bestandsschutz + sonstige Einnahmen) / Referenzausgaben)."
2036,moderat,lebenserwartung_gekoppelt_2zu1,obergrenze_24_prozent,0.240000,68.100,1.257,9.779,597.786,2226.194,70.625,4.191,609.102,11.315,1.000000,"Formel: Rentenwertfaktor = min(1, (Beitragsbasis x Korridor + Bestandsschutz + sonstige Einnahmen) / Referenzausgaben)."
2036,moderat,daenemarknah,ziel_20_prozent,0.200000,69.200,2.515,16.450,558.376,2232.865,70.625,4.191,521.388,-36.988,0.933758,"Formel: Rentenwertfaktor = min(1, (Beitragsbasis x Korridor + Bestandsschutz + sonstige Einnahmen) / Referenzausgaben)."
2036,moderat,daenemarknah,stabil_22_prozent,0.220000,69.200,2.515,16.450,558.376,2232.865,70.625,4.191,566.046,7.669,1.000000,"Formel: Rentenwertfaktor = min(1, (Beitragsbasis x Korridor + Bestandsschutz + sonstige Einnahmen) / Referenzausgaben)."
2036,moderat,daenemarknah,obergrenze_24_prozent,0.240000,69.200,2.515,16.450,558.376,2232.865,70.625,4.191,610.703,52.326,1.000000,"Formel: Rentenwertfaktor = min(1, (Beitragsbasis x Korridor + Bestandsschutz + sonstige Einnahmen) / Referenzausgaben)."
2037,moderat,status_quo_67,ziel_20_prozent,0.200000,67.000,0.000,0.000,664.254,2257.415,66.341,4.296,522.120,-142.134,0.786024,"Formel: Rentenwertfaktor = min(1, (Beitragsbasis x Korridor + Bestandsschutz + sonstige Einnahmen) / Referenzausgaben)."
2037,moderat,status_quo_67,stabil_22_prozent,0.220000,67.000,0.000,0.000,664.254,2257.415,66.341,4.296,567.268,-96.986,0.853993,"Formel: Rentenwertfaktor = min(1, (Beitragsbasis x Korridor + Bestandsschutz + sonstige Einnahmen) / Referenzausgaben)."
2037,moderat,status_quo_67,obergrenze_24_prozent,0.240000,67.000,0.000,0.000,664.254,2257.415,66.341,4.296,612.416,-51.838,0.921961,"Formel: Rentenwertfaktor = min(1, (Beitragsbasis x Korridor + Bestandsschutz + sonstige Einnahmen) / Referenzausgaben)."
2037,moderat,lebenserwartung_gekoppelt_2zu1,ziel_20_prozent,0.200000,68.200,1.391,10.838,619.435,2268.253,66.341,4.296,524.287,-95.148,0.846395,"Formel: Rentenwertfaktor = min(1, (Beitragsbasis x Korridor + Bestandsschutz + sonstige Einnahmen) / Referenzausgaben)."
2037,moderat,lebenserwartung_gekoppelt_2zu1,stabil_22_prozent,0.220000,68.200,1.391,10.838,619.435,2268.253,66.341,4.296,569.652,-49.783,0.919631,"Formel: Rentenwertfaktor = min(1, (Beitragsbasis x Korridor + Bestandsschutz + sonstige Einnahmen) / Referenzausgaben)."
2037,moderat,lebenserwartung_gekoppelt_2zu1,obergrenze_24_prozent,0.240000,68.200,1.391,10.838,619.435,2268.253,66.341,4.296,615.017,-4.418,0.992868,"Formel: Rentenwertfaktor = min(1, (Beitragsbasis x Korridor + Bestandsschutz + sonstige Einnahmen) / Referenzausgaben)."
2037,moderat,daenemarknah,ziel_20_prozent,0.200000,69.400,2.782,18.064,574.617,2275.479,66.341,4.296,525.732,-48.885,0.914926,"Formel: Rentenwertfaktor = min(1, (Beitragsbasis x Korridor + Bestandsschutz + sonstige Einnahmen) / Referenzausgaben)."
2037,moderat,daenemarknah,stabil_22_prozent,0.220000,69.400,2.782,18.064,574.617,2275.479,66.341,4.296,571.242,-3.375,0.994126,"Formel: Rentenwertfaktor = min(1, (Beitragsbasis x Korridor + Bestandsschutz + sonstige Einnahmen) / Referenzausgaben)."
2037,moderat,daenemarknah,obergrenze_24_prozent,0.240000,69.400,2.782,18.064,574.617,2275.479,66.341,4.296,616.752,42.134,1.000000,"Formel: Rentenwertfaktor = min(1, (Beitragsbasis x Korridor + Bestandsschutz + sonstige Einnahmen) / Referenzausgaben)."
2038,moderat,status_quo_67,ziel_20_prozent,0.200000,67.000,0.000,0.000,692.327,2299.050,62.165,4.403,526.378,-165.949,0.760303,"Formel: Rentenwertfaktor = min(1, (Beitragsbasis x Korridor + Bestandsschutz + sonstige Einnahmen) / Referenzausgaben)."
2038,moderat,status_quo_67,stabil_22_prozent,0.220000,67.000,0.000,0.000,692.327,2299.050,62.165,4.403,572.359,-119.968,0.826718,"Formel: Rentenwertfaktor = min(1, (Beitragsbasis x Korridor + Bestandsschutz + sonstige Einnahmen) / Referenzausgaben)."
2038,moderat,status_quo_67,obergrenze_24_prozent,0.240000,67.000,0.000,0.000,692.327,2299.050,62.165,4.403,618.340,-73.987,0.893133,"Formel: Rentenwertfaktor = min(1, (Beitragsbasis x Korridor + Bestandsschutz + sonstige Einnahmen) / Referenzausgaben)."
2038,moderat,lebenserwartung_gekoppelt_2zu1,ziel_20_prozent,0.200000,68.300,1.528,11.966,641.722,2311.015,62.165,4.403,528.771,-112.950,0.823989,"Formel: Rentenwertfaktor = min(1, (Beitragsbasis x Korridor + Bestandsschutz + sonstige Einnahmen) / Referenzausgaben)."
2038,moderat,lebenserwartung_gekoppelt_2zu1,stabil_22_prozent,0.220000,68.300,1.528,11.966,641.722,2311.015,62.165,4.403,574.992,-66.730,0.896014,"Formel: Rentenwertfaktor = min(1, (Beitragsbasis x Korridor + Bestandsschutz + sonstige Einnahmen) / Referenzausgaben)."
2038,moderat,lebenserwartung_gekoppelt_2zu1,obergrenze_24_prozent,0.240000,68.300,1.528,11.966,641.722,2311.015,62.165,4.403,621.212,-20.510,0.968039,"Formel: Rentenwertfaktor = min(1, (Beitragsbasis x Korridor + Bestandsschutz + sonstige Einnahmen) / Referenzausgaben)."
2038,moderat,daenemarknah,ziel_20_prozent,0.200000,69.600,3.055,19.778,591.117,2318.828,62.165,4.403,530.334,-60.783,0.897173,"Formel: Rentenwertfaktor = min(1, (Beitragsbasis x Korridor + Bestandsschutz + sonstige Einnahmen) / Referenzausgaben)."
2038,moderat,daenemarknah,stabil_22_prozent,0.220000,69.600,3.055,19.778,591.117,2318.828,62.165,4.403,576.710,-14.406,0.975629,"Formel: Rentenwertfaktor = min(1, (Beitragsbasis x Korridor + Bestandsschutz + sonstige Einnahmen) / Referenzausgaben)."
2038,moderat,daenemarknah,obergrenze_24_prozent,0.240000,69.600,3.055,19.778,591.117,2318.828,62.165,4.403,623.087,31.970,1.000000,"Formel: Rentenwertfaktor = min(1, (Beitragsbasis x Korridor + Bestandsschutz + sonstige Einnahmen) / Referenzausgaben)."
2039,moderat,status_quo_67,ziel_20_prozent,0.200000,67.000,0.000,0.000,711.765,2350.253,58.108,4.513,532.672,-179.094,0.748381,"Formel: Rentenwertfaktor = min(1, (Beitragsbasis x Korridor + Bestandsschutz + sonstige Einnahmen) / Referenzausgaben)."
2039,moderat,status_quo_67,stabil_22_prozent,0.220000,67.000,0.000,0.000,711.765,2350.253,58.108,4.513,579.677,-132.088,0.814421,"Formel: Rentenwertfaktor = min(1, (Beitragsbasis x Korridor + Bestandsschutz + sonstige Einnahmen) / Referenzausgaben)."
2039,moderat,status_quo_67,obergrenze_24_prozent,0.240000,67.000,0.000,0.000,711.765,2350.253,58.108,4.513,626.682,-85.083,0.880461,"Formel: Rentenwertfaktor = min(1, (Beitragsbasis x Korridor + Bestandsschutz + sonstige Einnahmen) / Referenzausgaben)."
2039,moderat,lebenserwartung_gekoppelt_2zu1,ziel_20_prozent,0.200000,68.400,1.645,12.987,655.737,2363.239,58.108,4.513,535.269,-120.468,0.816286,"Formel: Rentenwertfaktor = min(1, (Beitragsbasis x Korridor + Bestandsschutz + sonstige Einnahmen) / Referenzausgaben)."
2039,moderat,lebenserwartung_gekoppelt_2zu1,stabil_22_prozent,0.220000,68.400,1.645,12.987,655.737,2363.239,58.108,4.513,582.534,-73.204,0.888365,"Formel: Rentenwertfaktor = min(1, (Beitragsbasis x Korridor + Bestandsschutz + sonstige Einnahmen) / Referenzausgaben)."
2039,moderat,lebenserwartung_gekoppelt_2zu1,obergrenze_24_prozent,0.240000,68.400,1.645,12.987,655.737,2363.239,58.108,4.513,629.798,-25.939,0.960443,"Formel: Rentenwertfaktor = min(1, (Beitragsbasis x Korridor + Bestandsschutz + sonstige Einnahmen) / Referenzausgaben)."
2039,moderat,daenemarknah,ziel_20_prozent,0.200000,69.800,3.291,21.306,599.709,2371.559,58.108,4.513,536.933,-62.777,0.895322,"Formel: Rentenwertfaktor = min(1, (Beitragsbasis x Korridor + Bestandsschutz + sonstige Einnahmen) / Referenzausgaben)."
2039,moderat,daenemarknah,stabil_22_prozent,0.220000,69.800,3.291,21.306,599.709,2371.559,58.108,4.513,584.364,-15.345,0.974412,"Formel: Rentenwertfaktor = min(1, (Beitragsbasis x Korridor + Bestandsschutz + sonstige Einnahmen) / Referenzausgaben)."
2039,moderat,daenemarknah,obergrenze_24_prozent,0.240000,69.800,3.291,21.306,599.709,2371.559,58.108,4.513,631.795,32.086,1.000000,"Formel: Rentenwertfaktor = min(1, (Beitragsbasis x Korridor + Bestandsschutz + sonstige Einnahmen) / Referenzausgaben)."
2040,moderat,status_quo_67,ziel_20_prozent,0.200000,67.000,0.000,0.000,728.190,2402.564,54.176,4.626,539.314,-188.876,0.740623,"Formel: Rentenwertfaktor = min(1, (Beitragsbasis x Korridor + Bestandsschutz + sonstige Einnahmen) / Referenzausgaben)."
2040,moderat,status_quo_67,stabil_22_prozent,0.220000,67.000,0.000,0.000,728.190,2402.564,54.176,4.626,587.366,-140.825,0.806610,"Formel: Rentenwertfaktor = min(1, (Beitragsbasis x Korridor + Bestandsschutz + sonstige Einnahmen) / Referenzausgaben)."
2040,moderat,status_quo_67,obergrenze_24_prozent,0.240000,67.000,0.000,0.000,728.190,2402.564,54.176,4.626,635.417,-92.773,0.872598,"Formel: Rentenwertfaktor = min(1, (Beitragsbasis x Korridor + Bestandsschutz + sonstige Einnahmen) / Referenzausgaben)."
2040,moderat,lebenserwartung_gekoppelt_2zu1,ziel_20_prozent,0.200000,68.500,1.763,14.052,666.775,2416.617,54.176,4.626,542.125,-124.650,0.813055,"Formel: Rentenwertfaktor = min(1, (Beitragsbasis x Korridor + Bestandsschutz + sonstige Einnahmen) / Referenzausgaben)."
2040,moderat,lebenserwartung_gekoppelt_2zu1,stabil_22_prozent,0.220000,68.500,1.763,14.052,666.775,2416.617,54.176,4.626,590.457,-76.318,0.885542,"Formel: Rentenwertfaktor = min(1, (Beitragsbasis x Korridor + Bestandsschutz + sonstige Einnahmen) / Referenzausgaben)."
2040,moderat,lebenserwartung_gekoppelt_2zu1,obergrenze_24_prozent,0.240000,68.500,1.763,14.052,666.775,2416.617,54.176,4.626,638.790,-27.985,0.958029,"Formel: Rentenwertfaktor = min(1, (Beitragsbasis x Korridor + Bestandsschutz + sonstige Einnahmen) / Referenzausgaben)."
2040,moderat,daenemarknah,ziel_20_prozent,0.200000,70.000,3.526,22.900,605.360,2425.465,54.176,4.626,543.894,-61.465,0.898465,"Formel: Rentenwertfaktor = min(1, (Beitragsbasis x Korridor + Bestandsschutz + sonstige Einnahmen) / Referenzausgaben)."
2040,moderat,daenemarknah,stabil_22_prozent,0.220000,70.000,3.526,22.900,605.360,2425.465,54.176,4.626,592.404,-12.956,0.978598,"Formel: Rentenwertfaktor = min(1, (Beitragsbasis x Korridor + Bestandsschutz + sonstige Einnahmen) / Referenzausgaben)."
2040,moderat,daenemarknah,obergrenze_24_prozent,0.240000,70.000,3.526,22.900,605.360,2425.465,54.176,4.626,640.913,35.553,1.000000,"Formel: Rentenwertfaktor = min(1, (Beitragsbasis x Korridor + Bestandsschutz + sonstige Einnahmen) / Referenzausgaben)."
2041,moderat,status_quo_67,ziel_20_prozent,0.200000,67.000,0.000,0.000,744.994,2456.008,50.374,4.742,546.317,-198.678,0.733317,"Formel: Rentenwertfaktor = min(1, (Beitragsbasis x Korridor + Bestandsschutz + sonstige Einnahmen) / Referenzausgaben)."
2041,moderat,status_quo_67,stabil_22_prozent,0.220000,67.000,0.000,0.000,744.994,2456.008,50.374,4.742,595.437,-149.557,0.799250,"Formel: Rentenwertfaktor = min(1, (Beitragsbasis x Korridor + Bestandsschutz + sonstige Einnahmen) / Referenzausgaben)."
2041,moderat,status_quo_67,obergrenze_24_prozent,0.240000,67.000,0.000,0.000,744.994,2456.008,50.374,4.742,644.557,-100.437,0.865184,"Formel: Rentenwertfaktor = min(1, (Beitragsbasis x Korridor + Bestandsschutz + sonstige Einnahmen) / Referenzausgaben)."
2041,moderat,lebenserwartung_gekoppelt_2zu1,ziel_20_prozent,0.200000,68.600,1.881,15.165,677.973,2471.172,50.374,4.742,549.350,-128.623,0.810283,"Formel: Rentenwertfaktor = min(1, (Beitragsbasis x Korridor + Bestandsschutz + sonstige Einnahmen) / Referenzausgaben)."
2041,moderat,lebenserwartung_gekoppelt_2zu1,stabil_22_prozent,0.220000,68.600,1.881,15.165,677.973,2471.172,50.374,4.742,598.773,-79.200,0.883181,"Formel: Rentenwertfaktor = min(1, (Beitragsbasis x Korridor + Bestandsschutz + sonstige Einnahmen) / Referenzausgaben)."
2041,moderat,lebenserwartung_gekoppelt_2zu1,obergrenze_24_prozent,0.240000,68.600,1.881,15.165,677.973,2471.172,50.374,4.742,648.197,-29.776,0.956080,"Formel: Rentenwertfaktor = min(1, (Beitragsbasis x Korridor + Bestandsschutz + sonstige Einnahmen) / Referenzausgaben)."
2041,moderat,daenemarknah,ziel_20_prozent,0.200000,70.067,3.605,23.744,616.537,2479.752,50.374,4.742,551.066,-65.471,0.893808,"Formel: Rentenwertfaktor = min(1, (Beitragsbasis x Korridor + Bestandsschutz + sonstige Einnahmen) / Referenzausgaben)."
2041,moderat,daenemarknah,stabil_22_prozent,0.220000,70.067,3.605,23.744,616.537,2479.752,50.374,4.742,600.661,-15.876,0.974249,"Formel: Rentenwertfaktor = min(1, (Beitragsbasis x Korridor + Bestandsschutz + sonstige Einnahmen) / Referenzausgaben)."
2041,moderat,daenemarknah,obergrenze_24_prozent,0.240000,70.067,3.605,23.744,616.537,2479.752,50.374,4.742,650.256,33.719,1.000000,"Formel: Rentenwertfaktor = min(1, (Beitragsbasis x Korridor + Bestandsschutz + sonstige Einnahmen) / Referenzausgaben)."
2042,moderat,status_quo_67,ziel_20_prozent,0.200000,67.000,0.000,0.000,762.186,2510.606,46.704,4.860,553.685,-208.501,0.726443,"Formel: Rentenwertfaktor = min(1, (Beitragsbasis x Korridor + Bestandsschutz + sonstige Einnahmen) / Referenzausgaben)."
2042,moderat,status_quo_67,stabil_22_prozent,0.220000,67.000,0.000,0.000,762.186,2510.606,46.704,4.860,603.897,-158.289,0.792322,"Formel: Rentenwertfaktor = min(1, (Beitragsbasis x Korridor + Bestandsschutz + sonstige Einnahmen) / Referenzausgaben)."
2042,moderat,status_quo_67,obergrenze_24_prozent,0.240000,67.000,0.000,0.000,762.186,2510.606,46.704,4.860,654.109,-108.077,0.858201,"Formel: Rentenwertfaktor = min(1, (Beitragsbasis x Korridor + Bestandsschutz + sonstige Einnahmen) / Referenzausgaben)."
2042,moderat,lebenserwartung_gekoppelt_2zu1,ziel_20_prozent,0.200000,68.700,1.998,16.326,689.333,2526.931,46.704,4.860,556.950,-132.383,0.807955,"Formel: Rentenwertfaktor = min(1, (Beitragsbasis x Korridor + Bestandsschutz + sonstige Einnahmen) / Referenzausgaben)."
2042,moderat,lebenserwartung_gekoppelt_2zu1,stabil_22_prozent,0.220000,68.700,1.998,16.326,689.333,2526.931,46.704,4.860,607.488,-81.844,0.881270,"Formel: Rentenwertfaktor = min(1, (Beitragsbasis x Korridor + Bestandsschutz + sonstige Einnahmen) / Referenzausgaben)."
2042,moderat,lebenserwartung_gekoppelt_2zu1,obergrenze_24_prozent,0.240000,68.700,1.998,16.326,689.333,2526.931,46.704,4.860,658.027,-31.306,0.954586,"Formel: Rentenwertfaktor = min(1, (Beitragsbasis x Korridor + Bestandsschutz + sonstige Einnahmen) / Referenzausgaben)."
2042,moderat,daenemarknah,ziel_20_prozent,0.200000,70.133,3.683,24.616,627.907,2535.222,46.704,4.860,558.608,-69.299,0.889634,"Formel: Rentenwertfaktor = min(1, (Beitragsbasis x Korridor + Bestandsschutz + sonstige Einnahmen) / Referenzausgaben)."
2042,moderat,daenemarknah,stabil_22_prozent,0.220000,70.133,3.683,24.616,627.907,2535.222,46.704,4.860,609.312,-18.595,0.970386,"Formel: Rentenwertfaktor = min(1, (Beitragsbasis x Korridor + Bestandsschutz + sonstige Einnahmen) / Referenzausgaben)."
2042,moderat,daenemarknah,obergrenze_24_prozent,0.240000,70.133,3.683,24.616,627.907,2535.222,46.704,4.860,660.017,32.110,1.000000,"Formel: Rentenwertfaktor = min(1, (Beitragsbasis x Korridor + Bestandsschutz + sonstige Einnahmen) / Referenzausgaben)."
2043,moderat,status_quo_67,ziel_20_prozent,0.200000,67.000,0.000,0.000,779.775,2566.383,43.166,4.982,561.424,-218.351,0.719982,"Formel: Rentenwertfaktor = min(1, (Beitragsbasis x Korridor + Bestandsschutz + sonstige Einnahmen) / Referenzausgaben)."
2043,moderat,status_quo_67,stabil_22_prozent,0.220000,67.000,0.000,0.000,779.775,2566.383,43.166,4.982,612.752,-167.023,0.785806,"Formel: Rentenwertfaktor = min(1, (Beitragsbasis x Korridor + Bestandsschutz + sonstige Einnahmen) / Referenzausgaben)."
2043,moderat,status_quo_67,obergrenze_24_prozent,0.240000,67.000,0.000,0.000,779.775,2566.383,43.166,4.982,664.079,-115.695,0.851630,"Formel: Rentenwertfaktor = min(1, (Beitragsbasis x Korridor + Bestandsschutz + sonstige Einnahmen) / Referenzausgaben)."
2043,moderat,lebenserwartung_gekoppelt_2zu1,ziel_20_prozent,0.200000,68.800,2.116,17.536,700.856,2583.919,43.166,4.982,564.931,-135.924,0.806059,"Formel: Rentenwertfaktor = min(1, (Beitragsbasis x Korridor + Bestandsschutz + sonstige Einnahmen) / Referenzausgaben)."
2043,moderat,lebenserwartung_gekoppelt_2zu1,stabil_22_prozent,0.220000,68.800,2.116,17.536,700.856,2583.919,43.166,4.982,616.610,-84.246,0.879795,"Formel: Rentenwertfaktor = min(1, (Beitragsbasis x Korridor + Bestandsschutz + sonstige Einnahmen) / Referenzausgaben)."
2043,moderat,lebenserwartung_gekoppelt_2zu1,obergrenze_24_prozent,0.240000,68.800,2.116,17.536,700.856,2583.919,43.166,4.982,668.288,-32.568,0.953531,"Formel: Rentenwertfaktor = min(1, (Beitragsbasis x Korridor + Bestandsschutz + sonstige Einnahmen) / Referenzausgaben)."
2043,moderat,daenemarknah,ziel_20_prozent,0.200000,70.200,3.762,25.518,639.474,2591.900,43.166,4.982,566.527,-72.947,0.885927,"Formel: Rentenwertfaktor = min(1, (Beitragsbasis x Korridor + Bestandsschutz + sonstige Einnahmen) / Referenzausgaben)."
2043,moderat,daenemarknah,stabil_22_prozent,0.220000,70.200,3.762,25.518,639.474,2591.900,43.166,4.982,618.365,-21.109,0.966990,"Formel: Rentenwertfaktor = min(1, (Beitragsbasis x Korridor + Bestandsschutz + sonstige Einnahmen) / Referenzausgaben)."
2043,moderat,daenemarknah,obergrenze_24_prozent,0.240000,70.200,3.762,25.518,639.474,2591.900,43.166,4.982,670.203,30.729,1.000000,"Formel: Rentenwertfaktor = min(1, (Beitragsbasis x Korridor + Bestandsschutz + sonstige Einnahmen) / Referenzausgaben)."
2044,moderat,status_quo_67,ziel_20_prozent,0.200000,67.000,0.000,0.000,797.769,2623.363,39.759,5.106,569.538,-228.231,0.713914,"Formel: Rentenwertfaktor = min(1, (Beitragsbasis x Korridor + Bestandsschutz + sonstige Einnahmen) / Referenzausgaben)."
2044,moderat,status_quo_67,stabil_22_prozent,0.220000,67.000,0.000,0.000,797.769,2623.363,39.759,5.106,622.005,-175.764,0.779681,"Formel: Rentenwertfaktor = min(1, (Beitragsbasis x Korridor + Bestandsschutz + sonstige Einnahmen) / Referenzausgaben)."
2044,moderat,status_quo_67,obergrenze_24_prozent,0.240000,67.000,0.000,0.000,797.769,2623.363,39.759,5.106,674.473,-123.296,0.845448,"Formel: Rentenwertfaktor = min(1, (Beitragsbasis x Korridor + Bestandsschutz + sonstige Einnahmen) / Referenzausgaben)."
2044,moderat,lebenserwartung_gekoppelt_2zu1,ziel_20_prozent,0.200000,68.900,2.234,18.799,712.543,2642.162,39.759,5.106,573.298,-139.245,0.804580,"Formel: Rentenwertfaktor = min(1, (Beitragsbasis x Korridor + Bestandsschutz + sonstige Einnahmen) / Referenzausgaben)."
2044,moderat,lebenserwartung_gekoppelt_2zu1,stabil_22_prozent,0.220000,68.900,2.234,18.799,712.543,2642.162,39.759,5.106,626.141,-86.402,0.878741,"Formel: Rentenwertfaktor = min(1, (Beitragsbasis x Korridor + Bestandsschutz + sonstige Einnahmen) / Referenzausgaben)."
2044,moderat,lebenserwartung_gekoppelt_2zu1,obergrenze_24_prozent,0.240000,68.900,2.234,18.799,712.543,2642.162,39.759,5.106,678.984,-33.559,0.952903,"Formel: Rentenwertfaktor = min(1, (Beitragsbasis x Korridor + Bestandsschutz + sonstige Einnahmen) / Referenzausgaben)."
2044,moderat,daenemarknah,ziel_20_prozent,0.200000,70.267,3.840,26.449,651.241,2649.812,39.759,5.106,574.828,-76.413,0.882666,"Formel: Rentenwertfaktor = min(1, (Beitragsbasis x Korridor + Bestandsschutz + sonstige Einnahmen) / Referenzausgaben)."
2044,moderat,daenemarknah,stabil_22_prozent,0.220000,70.267,3.840,26.449,651.241,2649.812,39.759,5.106,627.824,-23.416,0.964043,"Formel: Rentenwertfaktor = min(1, (Beitragsbasis x Korridor + Bestandsschutz + sonstige Einnahmen) / Referenzausgaben)."
2044,moderat,daenemarknah,obergrenze_24_prozent,0.240000,70.267,3.840,26.449,651.241,2649.812,39.759,5.106,680.820,29.580,1.000000,"Formel: Rentenwertfaktor = min(1, (Beitragsbasis x Korridor + Bestandsschutz + sonstige Einnahmen) / Referenzausgaben)."
2045,moderat,status_quo_67,ziel_20_prozent,0.200000,67.000,0.000,0.000,816.179,2681.572,36.483,5.234,578.031,-238.148,0.708216,"Formel: Rentenwertfaktor = min(1, (Beitragsbasis x Korridor + Bestandsschutz + sonstige Einnahmen) / Referenzausgaben)."
2045,moderat,status_quo_67,stabil_22_prozent,0.220000,67.000,0.000,0.000,816.179,2681.572,36.483,5.234,631.662,-184.516,0.773927,"Formel: Rentenwertfaktor = min(1, (Beitragsbasis x Korridor + Bestandsschutz + sonstige Einnahmen) / Referenzausgaben)."
2045,moderat,status_quo_67,obergrenze_24_prozent,0.240000,67.000,0.000,0.000,816.179,2681.572,36.483,5.234,685.294,-130.885,0.839637,"Formel: Rentenwertfaktor = min(1, (Beitragsbasis x Korridor + Bestandsschutz + sonstige Einnahmen) / Referenzausgaben)."
2045,moderat,lebenserwartung_gekoppelt_2zu1,ziel_20_prozent,0.200000,69.000,2.351,20.115,724.397,2701.687,36.483,5.234,582.054,-142.343,0.803501,"Formel: Rentenwertfaktor = min(1, (Beitragsbasis x Korridor + Bestandsschutz + sonstige Einnahmen) / Referenzausgaben)."
2045,moderat,lebenserwartung_gekoppelt_2zu1,stabil_22_prozent,0.220000,69.000,2.351,20.115,724.397,2701.687,36.483,5.234,636.088,-88.309,0.878092,"Formel: Rentenwertfaktor = min(1, (Beitragsbasis x Korridor + Bestandsschutz + sonstige Einnahmen) / Referenzausgaben)."
2045,moderat,lebenserwartung_gekoppelt_2zu1,obergrenze_24_prozent,0.240000,69.000,2.351,20.115,724.397,2701.687,36.483,5.234,690.122,-34.276,0.952684,"Formel: Rentenwertfaktor = min(1, (Beitragsbasis x Korridor + Bestandsschutz + sonstige Einnahmen) / Referenzausgaben)."
2045,moderat,daenemarknah,ziel_20_prozent,0.200000,70.333,3.919,27.412,663.210,2708.984,36.483,5.234,583.513,-79.696,0.879833,"Formel: Rentenwertfaktor = min(1, (Beitragsbasis x Korridor + Bestandsschutz + sonstige Einnahmen) / Referenzausgaben)."
2045,moderat,daenemarknah,stabil_22_prozent,0.220000,70.333,3.919,27.412,663.210,2708.984,36.483,5.234,637.693,-25.517,0.961526,"Formel: Rentenwertfaktor = min(1, (Beitragsbasis x Korridor + Bestandsschutz + sonstige Einnahmen) / Referenzausgaben)."
2045,moderat,daenemarknah,obergrenze_24_prozent,0.240000,70.333,3.919,27.412,663.210,2708.984,36.483,5.234,691.873,28.663,1.000000,"Formel: Rentenwertfaktor = min(1, (Beitragsbasis x Korridor + Bestandsschutz + sonstige Einnahmen) / Referenzausgaben)."
2046,moderat,status_quo_67,ziel_20_prozent,0.200000,67.000,0.000,0.000,835.013,2740.686,33.337,5.365,586.839,-248.175,0.702790,"Formel: Rentenwertfaktor = min(1, (Beitragsbasis x Korridor + Bestandsschutz + sonstige Einnahmen) / Referenzausgaben)."
2046,moderat,status_quo_67,stabil_22_prozent,0.220000,67.000,0.000,0.000,835.013,2740.686,33.337,5.365,641.652,-193.361,0.768434,"Formel: Rentenwertfaktor = min(1, (Beitragsbasis x Korridor + Bestandsschutz + sonstige Einnahmen) / Referenzausgaben)."
2046,moderat,status_quo_67,obergrenze_24_prozent,0.240000,67.000,0.000,0.000,835.013,2740.686,33.337,5.365,696.466,-138.547,0.834078,"Formel: Rentenwertfaktor = min(1, (Beitragsbasis x Korridor + Bestandsschutz + sonstige Einnahmen) / Referenzausgaben)."
2046,moderat,lebenserwartung_gekoppelt_2zu1,ziel_20_prozent,0.200000,69.100,2.469,21.242,736.419,2761.928,33.337,5.365,591.087,-145.332,0.802651,"Formel: Rentenwertfaktor = min(1, (Beitragsbasis x Korridor + Bestandsschutz + sonstige Einnahmen) / Referenzausgaben)."
2046,moderat,lebenserwartung_gekoppelt_2zu1,stabil_22_prozent,0.220000,69.100,2.469,21.242,736.419,2761.928,33.337,5.365,646.326,-90.093,0.877660,"Formel: Rentenwertfaktor = min(1, (Beitragsbasis x Korridor + Bestandsschutz + sonstige Einnahmen) / Referenzausgaben)."
2046,moderat,lebenserwartung_gekoppelt_2zu1,obergrenze_24_prozent,0.240000,69.100,2.469,21.242,736.419,2761.928,33.337,5.365,701.564,-34.855,0.952670,"Formel: Rentenwertfaktor = min(1, (Beitragsbasis x Korridor + Bestandsschutz + sonstige Einnahmen) / Referenzausgaben)."
2046,moderat,daenemarknah,ziel_20_prozent,0.200000,70.400,3.998,28.404,675.384,2769.090,33.337,5.365,592.519,-82.865,0.877307,"Formel: Rentenwertfaktor = min(1, (Beitragsbasis x Korridor + Bestandsschutz + sonstige Einnahmen) / Referenzausgaben)."
2046,moderat,daenemarknah,stabil_22_prozent,0.220000,70.400,3.998,28.404,675.384,2769.090,33.337,5.365,647.901,-27.483,0.959308,"Formel: Rentenwertfaktor = min(1, (Beitragsbasis x Korridor + Bestandsschutz + sonstige Einnahmen) / Referenzausgaben)."
2046,moderat,daenemarknah,obergrenze_24_prozent,0.240000,70.400,3.998,28.404,675.384,2769.090,33.337,5.365,703.283,27.899,1.000000,"Formel: Rentenwertfaktor = min(1, (Beitragsbasis x Korridor + Bestandsschutz + sonstige Einnahmen) / Referenzausgaben)."
2047,moderat,status_quo_67,ziel_20_prozent,0.200000,67.000,0.000,0.000,854.282,2801.066,30.322,5.499,596.034,-258.249,0.697701,"Formel: Rentenwertfaktor = min(1, (Beitragsbasis x Korridor + Bestandsschutz + sonstige Einnahmen) / Referenzausgaben)."
2047,moderat,status_quo_67,stabil_22_prozent,0.220000,67.000,0.000,0.000,854.282,2801.066,30.322,5.499,652.055,-202.227,0.763278,"Formel: Rentenwertfaktor = min(1, (Beitragsbasis x Korridor + Bestandsschutz + sonstige Einnahmen) / Referenzausgaben)."
2047,moderat,status_quo_67,obergrenze_24_prozent,0.240000,67.000,0.000,0.000,854.282,2801.066,30.322,5.499,708.076,-146.206,0.828855,"Formel: Rentenwertfaktor = min(1, (Beitragsbasis x Korridor + Bestandsschutz + sonstige Einnahmen) / Referenzausgaben)."
2047,moderat,lebenserwartung_gekoppelt_2zu1,ziel_20_prozent,0.200000,69.200,2.587,22.413,748.609,2823.479,30.322,5.499,600.516,-148.093,0.802176,"Formel: Rentenwertfaktor = min(1, (Beitragsbasis x Korridor + Bestandsschutz + sonstige Einnahmen) / Referenzausgaben)."
2047,moderat,lebenserwartung_gekoppelt_2zu1,stabil_22_prozent,0.220000,69.200,2.587,22.413,748.609,2823.479,30.322,5.499,656.986,-91.623,0.877608,"Formel: Rentenwertfaktor = min(1, (Beitragsbasis x Korridor + Bestandsschutz + sonstige Einnahmen) / Referenzausgaben)."
2047,moderat,lebenserwartung_gekoppelt_2zu1,obergrenze_24_prozent,0.240000,69.200,2.587,22.413,748.609,2823.479,30.322,5.499,713.456,-35.154,0.953041,"Formel: Rentenwertfaktor = min(1, (Beitragsbasis x Korridor + Bestandsschutz + sonstige Einnahmen) / Referenzausgaben)."
2047,moderat,daenemarknah,ziel_20_prozent,0.200000,70.467,4.077,29.428,687.767,2830.494,30.322,5.499,601.919,-85.848,0.875178,"Formel: Rentenwertfaktor = min(1, (Beitragsbasis x Korridor + Bestandsschutz + sonstige Einnahmen) / Referenzausgaben)."
2047,moderat,daenemarknah,stabil_22_prozent,0.220000,70.467,4.077,29.428,687.767,2830.494,30.322,5.499,658.529,-29.238,0.957488,"Formel: Rentenwertfaktor = min(1, (Beitragsbasis x Korridor + Bestandsschutz + sonstige Einnahmen) / Referenzausgaben)."
2047,moderat,daenemarknah,obergrenze_24_prozent,0.240000,70.467,4.077,29.428,687.767,2830.494,30.322,5.499,715.139,27.372,1.000000,"Formel: Rentenwertfaktor = min(1, (Beitragsbasis x Korridor + Bestandsschutz + sonstige Einnahmen) / Referenzausgaben)."
2048,moderat,status_quo_67,ziel_20_prozent,0.200000,67.000,0.000,0.000,873.996,2862.737,27.441,5.636,605.625,-268.371,0.692938,"Formel: Rentenwertfaktor = min(1, (Beitragsbasis x Korridor + Bestandsschutz + sonstige Einnahmen) / Referenzausgaben)."
2048,moderat,status_quo_67,stabil_22_prozent,0.220000,67.000,0.000,0.000,873.996,2862.737,27.441,5.636,662.880,-211.117,0.758447,"Formel: Rentenwertfaktor = min(1, (Beitragsbasis x Korridor + Bestandsschutz + sonstige Einnahmen) / Referenzausgaben)."
2048,moderat,status_quo_67,obergrenze_24_prozent,0.240000,67.000,0.000,0.000,873.996,2862.737,27.441,5.636,720.134,-153.862,0.823956,"Formel: Rentenwertfaktor = min(1, (Beitragsbasis x Korridor + Bestandsschutz + sonstige Einnahmen) / Referenzausgaben)."
2048,moderat,lebenserwartung_gekoppelt_2zu1,ziel_20_prozent,0.200000,69.300,2.705,23.631,760.971,2886.367,27.441,5.636,610.351,-150.619,0.802069,"Formel: Rentenwertfaktor = min(1, (Beitragsbasis x Korridor + Bestandsschutz + sonstige Einnahmen) / Referenzausgaben)."
2048,moderat,lebenserwartung_gekoppelt_2zu1,stabil_22_prozent,0.220000,69.300,2.705,23.631,760.971,2886.367,27.441,5.636,668.078,-92.892,0.877929,"Formel: Rentenwertfaktor = min(1, (Beitragsbasis x Korridor + Bestandsschutz + sonstige Einnahmen) / Referenzausgaben)."
2048,moderat,lebenserwartung_gekoppelt_2zu1,obergrenze_24_prozent,0.240000,69.300,2.705,23.631,760.971,2886.367,27.441,5.636,725.806,-35.165,0.953790,"Formel: Rentenwertfaktor = min(1, (Beitragsbasis x Korridor + Bestandsschutz + sonstige Einnahmen) / Referenzausgaben)."
2048,moderat,daenemarknah,ziel_20_prozent,0.200000,70.533,4.155,30.486,700.363,2893.223,27.441,5.636,611.722,-88.640,0.873436,"Formel: Rentenwertfaktor = min(1, (Beitragsbasis x Korridor + Bestandsschutz + sonstige Einnahmen) / Referenzausgaben)."
2048,moderat,daenemarknah,stabil_22_prozent,0.220000,70.533,4.155,30.486,700.363,2893.223,27.441,5.636,669.586,-30.776,0.956057,"Formel: Rentenwertfaktor = min(1, (Beitragsbasis x Korridor + Bestandsschutz + sonstige Einnahmen) / Referenzausgaben)."
2048,moderat,daenemarknah,obergrenze_24_prozent,0.240000,70.533,4.155,30.486,700.363,2893.223,27.441,5.636,727.451,27.088,1.000000,"Formel: Rentenwertfaktor = min(1, (Beitragsbasis x Korridor + Bestandsschutz + sonstige Einnahmen) / Referenzausgaben)."
2049,moderat,status_quo_67,ziel_20_prozent,0.200000,67.000,0.000,0.000,894.165,2925.724,24.700,5.777,615.622,-278.543,0.688488,"Formel: Rentenwertfaktor = min(1, (Beitragsbasis x Korridor + Bestandsschutz + sonstige Einnahmen) / Referenzausgaben)."
2049,moderat,status_quo_67,stabil_22_prozent,0.220000,67.000,0.000,0.000,894.165,2925.724,24.700,5.777,674.136,-220.029,0.753928,"Formel: Rentenwertfaktor = min(1, (Beitragsbasis x Korridor + Bestandsschutz + sonstige Einnahmen) / Referenzausgaben)."
2049,moderat,status_quo_67,obergrenze_24_prozent,0.240000,67.000,0.000,0.000,894.165,2925.724,24.700,5.777,732.651,-161.514,0.819369,"Formel: Rentenwertfaktor = min(1, (Beitragsbasis x Korridor + Bestandsschutz + sonstige Einnahmen) / Referenzausgaben)."
2049,moderat,lebenserwartung_gekoppelt_2zu1,ziel_20_prozent,0.200000,69.400,2.823,24.897,773.503,2950.620,24.700,5.777,620.601,-152.902,0.802325,"Formel: Rentenwertfaktor = min(1, (Beitragsbasis x Korridor + Bestandsschutz + sonstige Einnahmen) / Referenzausgaben)."
2049,moderat,lebenserwartung_gekoppelt_2zu1,stabil_22_prozent,0.220000,69.400,2.823,24.897,773.503,2950.620,24.700,5.777,679.613,-93.890,0.878617,"Formel: Rentenwertfaktor = min(1, (Beitragsbasis x Korridor + Bestandsschutz + sonstige Einnahmen) / Referenzausgaben)."
2049,moderat,lebenserwartung_gekoppelt_2zu1,obergrenze_24_prozent,0.240000,69.400,2.823,24.897,773.503,2950.620,24.700,5.777,738.626,-34.878,0.954910,"Formel: Rentenwertfaktor = min(1, (Beitragsbasis x Korridor + Bestandsschutz + sonstige Einnahmen) / Referenzausgaben)."
2049,moderat,daenemarknah,ziel_20_prozent,0.200000,70.600,4.234,31.579,713.173,2957.303,24.700,5.777,621.938,-91.235,0.872071,"Formel: Rentenwertfaktor = min(1, (Beitragsbasis x Korridor + Bestandsschutz + sonstige Einnahmen) / Referenzausgaben)."
2049,moderat,daenemarknah,stabil_22_prozent,0.220000,70.600,4.234,31.579,713.173,2957.303,24.700,5.777,681.084,-32.089,0.955005,"Formel: Rentenwertfaktor = min(1, (Beitragsbasis x Korridor + Bestandsschutz + sonstige Einnahmen) / Referenzausgaben)."
2049,moderat,daenemarknah,obergrenze_24_prozent,0.240000,70.600,4.234,31.579,713.173,2957.303,24.700,5.777,740.230,27.057,1.000000,"Formel: Rentenwertfaktor = min(1, (Beitragsbasis x Korridor + Bestandsschutz + sonstige Einnahmen) / Referenzausgaben)."
2050,moderat,status_quo_67,ziel_20_prozent,0.200000,67.000,0.000,0.000,914.799,2990.055,22.104,5.921,626.037,-288.762,0.684344,"Formel: Rentenwertfaktor = min(1, (Beitragsbasis x Korridor + Bestandsschutz + sonstige Einnahmen) / Referenzausgaben)."
2050,moderat,status_quo_67,stabil_22_prozent,0.220000,67.000,0.000,0.000,914.799,2990.055,22.104,5.921,685.838,-228.961,0.749714,"Formel: Rentenwertfaktor = min(1, (Beitragsbasis x Korridor + Bestandsschutz + sonstige Einnahmen) / Referenzausgaben)."
2050,moderat,status_quo_67,obergrenze_24_prozent,0.240000,67.000,0.000,0.000,914.799,2990.055,22.104,5.921,745.639,-169.160,0.815085,"Formel: Rentenwertfaktor = min(1, (Beitragsbasis x Korridor + Bestandsschutz + sonstige Einnahmen) / Referenzausgaben)."
2050,moderat,lebenserwartung_gekoppelt_2zu1,ziel_20_prozent,0.200000,69.500,2.940,26.212,786.210,3016.267,22.104,5.921,631.279,-154.930,0.802940,"Formel: Rentenwertfaktor = min(1, (Beitragsbasis x Korridor + Bestandsschutz + sonstige Einnahmen) / Referenzausgaben)."
2050,moderat,lebenserwartung_gekoppelt_2zu1,stabil_22_prozent,0.220000,69.500,2.940,26.212,786.210,3016.267,22.104,5.921,691.604,-94.605,0.879669,"Formel: Rentenwertfaktor = min(1, (Beitragsbasis x Korridor + Bestandsschutz + sonstige Einnahmen) / Referenzausgaben)."
2050,moderat,lebenserwartung_gekoppelt_2zu1,obergrenze_24_prozent,0.240000,69.500,2.940,26.212,786.210,3016.267,22.104,5.921,751.930,-34.280,0.956399,"Formel: Rentenwertfaktor = min(1, (Beitragsbasis x Korridor + Bestandsschutz + sonstige Einnahmen) / Referenzausgaben)."
2050,moderat,daenemarknah,ziel_20_prozent,0.200000,70.667,4.313,32.709,726.201,3022.764,22.104,5.921,632.579,-93.623,0.871079,"Formel: Rentenwertfaktor = min(1, (Beitragsbasis x Korridor + Bestandsschutz + sonstige Einnahmen) / Referenzausgaben)."
2050,moderat,daenemarknah,stabil_22_prozent,0.220000,70.667,4.313,32.709,726.201,3022.764,22.104,5.921,693.034,-33.167,0.954328,"Formel: Rentenwertfaktor = min(1, (Beitragsbasis x Korridor + Bestandsschutz + sonstige Einnahmen) / Referenzausgaben)."
2050,moderat,daenemarknah,obergrenze_24_prozent,0.240000,70.667,4.313,32.709,726.201,3022.764,22.104,5.921,753.489,27.288,1.000000,"Formel: Rentenwertfaktor = min(1, (Beitragsbasis x Korridor + Bestandsschutz + sonstige Einnahmen) / Referenzausgaben)."
2051,moderat,status_quo_67,ziel_20_prozent,0.200000,67.000,0.000,0.000,935.909,3055.758,19.663,6.070,636.884,-299.026,0.680497,"Formel: Rentenwertfaktor = min(1, (Beitragsbasis x Korridor + Bestandsschutz + sonstige Einnahmen) / Referenzausgaben)."
2051,moderat,status_quo_67,stabil_22_prozent,0.220000,67.000,0.000,0.000,935.909,3055.758,19.663,6.070,697.999,-237.910,0.745798,"Formel: Rentenwertfaktor = min(1, (Beitragsbasis x Korridor + Bestandsschutz + sonstige Einnahmen) / Referenzausgaben)."
2051,moderat,status_quo_67,obergrenze_24_prozent,0.240000,67.000,0.000,0.000,935.909,3055.758,19.663,6.070,759.114,-176.795,0.811098,"Formel: Rentenwertfaktor = min(1, (Beitragsbasis x Korridor + Bestandsschutz + sonstige Einnahmen) / Referenzausgaben)."
2051,moderat,lebenserwartung_gekoppelt_2zu1,ziel_20_prozent,0.200000,69.600,3.058,27.578,799.090,3083.336,19.663,6.070,642.399,-156.691,0.803913,"Formel: Rentenwertfaktor = min(1, (Beitragsbasis x Korridor + Bestandsschutz + sonstige Einnahmen) / Referenzausgaben)."
2051,moderat,lebenserwartung_gekoppelt_2zu1,stabil_22_prozent,0.220000,69.600,3.058,27.578,799.090,3083.336,19.663,6.070,704.066,-95.024,0.881085,"Formel: Rentenwertfaktor = min(1, (Beitragsbasis x Korridor + Bestandsschutz + sonstige Einnahmen) / Referenzausgaben)."
2051,moderat,lebenserwartung_gekoppelt_2zu1,obergrenze_24_prozent,0.240000,69.600,3.058,27.578,799.090,3083.336,19.663,6.070,765.733,-33.357,0.958256,"Formel: Rentenwertfaktor = min(1, (Beitragsbasis x Korridor + Bestandsschutz + sonstige Einnahmen) / Referenzausgaben)."
2051,moderat,daenemarknah,ziel_20_prozent,0.200000,70.733,4.391,33.875,739.451,3089.633,19.663,6.070,643.659,-95.792,0.870455,"Formel: Rentenwertfaktor = min(1, (Beitragsbasis x Korridor + Bestandsschutz + sonstige Einnahmen) / Referenzausgaben)."
2051,moderat,daenemarknah,stabil_22_prozent,0.220000,70.733,4.391,33.875,739.451,3089.633,19.663,6.070,705.451,-34.000,0.954020,"Formel: Rentenwertfaktor = min(1, (Beitragsbasis x Korridor + Bestandsschutz + sonstige Einnahmen) / Referenzausgaben)."
2051,moderat,daenemarknah,obergrenze_24_prozent,0.240000,70.733,4.391,33.875,739.451,3089.633,19.663,6.070,767.244,27.793,1.000000,"Formel: Rentenwertfaktor = min(1, (Beitragsbasis x Korridor + Bestandsschutz + sonstige Einnahmen) / Referenzausgaben)."
2052,moderat,status_quo_67,ziel_20_prozent,0.200000,67.000,0.000,0.000,957.507,3122.860,17.384,6.221,648.178,-309.329,0.676943,"Formel: Rentenwertfaktor = min(1, (Beitragsbasis x Korridor + Bestandsschutz + sonstige Einnahmen) / Referenzausgaben)."
2052,moderat,status_quo_67,stabil_22_prozent,0.220000,67.000,0.000,0.000,957.507,3122.860,17.384,6.221,710.635,-246.872,0.742172,"Formel: Rentenwertfaktor = min(1, (Beitragsbasis x Korridor + Bestandsschutz + sonstige Einnahmen) / Referenzausgaben)."
2052,moderat,status_quo_67,obergrenze_24_prozent,0.240000,67.000,0.000,0.000,957.507,3122.860,17.384,6.221,773.092,-184.415,0.807401,"Formel: Rentenwertfaktor = min(1, (Beitragsbasis x Korridor + Bestandsschutz + sonstige Einnahmen) / Referenzausgaben)."
2052,moderat,lebenserwartung_gekoppelt_2zu1,ziel_20_prozent,0.200000,69.700,3.176,28.998,812.147,3151.858,17.384,6.221,653.977,-158.169,0.805245,"Formel: Rentenwertfaktor = min(1, (Beitragsbasis x Korridor + Bestandsschutz + sonstige Einnahmen) / Referenzausgaben)."
2052,moderat,lebenserwartung_gekoppelt_2zu1,stabil_22_prozent,0.220000,69.700,3.176,28.998,812.147,3151.858,17.384,6.221,717.014,-95.132,0.882863,"Formel: Rentenwertfaktor = min(1, (Beitragsbasis x Korridor + Bestandsschutz + sonstige Einnahmen) / Referenzausgaben)."
2052,moderat,lebenserwartung_gekoppelt_2zu1,obergrenze_24_prozent,0.240000,69.700,3.176,28.998,812.147,3151.858,17.384,6.221,780.051,-32.095,0.960481,"Formel: Rentenwertfaktor = min(1, (Beitragsbasis x Korridor + Bestandsschutz + sonstige Einnahmen) / Referenzausgaben)."
2052,moderat,daenemarknah,ziel_20_prozent,0.200000,70.800,4.470,35.080,752.926,3157.940,17.384,6.221,655.194,-97.732,0.870197,"Formel: Rentenwertfaktor = min(1, (Beitragsbasis x Korridor + Bestandsschutz + sonstige Einnahmen) / Referenzausgaben)."
2052,moderat,daenemarknah,stabil_22_prozent,0.220000,70.800,4.470,35.080,752.926,3157.940,17.384,6.221,718.352,-34.573,0.954081,"Formel: Rentenwertfaktor = min(1, (Beitragsbasis x Korridor + Bestandsschutz + sonstige Einnahmen) / Referenzausgaben)."
2052,moderat,daenemarknah,obergrenze_24_prozent,0.240000,70.800,4.470,35.080,752.926,3157.940,17.384,6.221,781.511,28.585,1.000000,"Formel: Rentenwertfaktor = min(1, (Beitragsbasis x Korridor + Bestandsschutz + sonstige Einnahmen) / Referenzausgaben)."
2053,moderat,status_quo_67,ziel_20_prozent,0.200000,67.000,0.000,0.000,979.602,3191.390,15.279,6.377,659.934,-319.668,0.673675,"Formel: Rentenwertfaktor = min(1, (Beitragsbasis x Korridor + Bestandsschutz + sonstige Einnahmen) / Referenzausgaben)."
2053,moderat,status_quo_67,stabil_22_prozent,0.220000,67.000,0.000,0.000,979.602,3191.390,15.279,6.377,723.762,-255.841,0.738832,"Formel: Rentenwertfaktor = min(1, (Beitragsbasis x Korridor + Bestandsschutz + sonstige Einnahmen) / Referenzausgaben)."
2053,moderat,status_quo_67,obergrenze_24_prozent,0.240000,67.000,0.000,0.000,979.602,3191.390,15.279,6.377,787.590,-192.013,0.803989,"Formel: Rentenwertfaktor = min(1, (Beitragsbasis x Korridor + Bestandsschutz + sonstige Einnahmen) / Referenzausgaben)."
2053,moderat,lebenserwartung_gekoppelt_2zu1,ziel_20_prozent,0.200000,69.800,3.294,30.472,825.380,3221.862,15.279,6.377,666.029,-159.351,0.806936,"Formel: Rentenwertfaktor = min(1, (Beitragsbasis x Korridor + Bestandsschutz + sonstige Einnahmen) / Referenzausgaben)."
2053,moderat,lebenserwartung_gekoppelt_2zu1,stabil_22_prozent,0.220000,69.800,3.294,30.472,825.380,3221.862,15.279,6.377,730.466,-94.914,0.885005,"Formel: Rentenwertfaktor = min(1, (Beitragsbasis x Korridor + Bestandsschutz + sonstige Einnahmen) / Referenzausgaben)."
2053,moderat,lebenserwartung_gekoppelt_2zu1,obergrenze_24_prozent,0.240000,69.800,3.294,30.472,825.380,3221.862,15.279,6.377,794.903,-30.477,0.963075,"Formel: Rentenwertfaktor = min(1, (Beitragsbasis x Korridor + Bestandsschutz + sonstige Einnahmen) / Referenzausgaben)."
2053,moderat,daenemarknah,ziel_20_prozent,0.200000,70.867,4.549,36.325,766.629,3227.715,15.279,6.377,667.199,-99.430,0.870303,"Formel: Rentenwertfaktor = min(1, (Beitragsbasis x Korridor + Bestandsschutz + sonstige Einnahmen) / Referenzausgaben)."
2053,moderat,daenemarknah,stabil_22_prozent,0.220000,70.867,4.549,36.325,766.629,3227.715,15.279,6.377,731.753,-34.875,0.954508,"Formel: Rentenwertfaktor = min(1, (Beitragsbasis x Korridor + Bestandsschutz + sonstige Einnahmen) / Referenzausgaben)."
2053,moderat,daenemarknah,obergrenze_24_prozent,0.240000,70.867,4.549,36.325,766.629,3227.715,15.279,6.377,796.308,29.679,1.000000,"Formel: Rentenwertfaktor = min(1, (Beitragsbasis x Korridor + Bestandsschutz + sonstige Einnahmen) / Referenzausgaben)."
2054,moderat,status_quo_67,ziel_20_prozent,0.200000,67.000,0.000,0.000,1002.208,3261.377,13.356,6.536,672.168,-330.041,0.670687,"Formel: Rentenwertfaktor = min(1, (Beitragsbasis x Korridor + Bestandsschutz + sonstige Einnahmen) / Referenzausgaben)."
2054,moderat,status_quo_67,stabil_22_prozent,0.220000,67.000,0.000,0.000,1002.208,3261.377,13.356,6.536,737.395,-264.813,0.735770,"Formel: Rentenwertfaktor = min(1, (Beitragsbasis x Korridor + Bestandsschutz + sonstige Einnahmen) / Referenzausgaben)."
2054,moderat,status_quo_67,obergrenze_24_prozent,0.240000,67.000,0.000,0.000,1002.208,3261.377,13.356,6.536,802.623,-199.586,0.800854,"Formel: Rentenwertfaktor = min(1, (Beitragsbasis x Korridor + Bestandsschutz + sonstige Einnahmen) / Referenzausgaben)."
2054,moderat,lebenserwartung_gekoppelt_2zu1,ziel_20_prozent,0.200000,69.900,3.412,32.004,838.792,3293.380,13.356,6.536,678.568,-160.224,0.808983,"Formel: Rentenwertfaktor = min(1, (Beitragsbasis x Korridor + Bestandsschutz + sonstige Einnahmen) / Referenzausgaben)."
2054,moderat,lebenserwartung_gekoppelt_2zu1,stabil_22_prozent,0.220000,69.900,3.412,32.004,838.792,3293.380,13.356,6.536,744.436,-94.356,0.887510,"Formel: Rentenwertfaktor = min(1, (Beitragsbasis x Korridor + Bestandsschutz + sonstige Einnahmen) / Referenzausgaben)."
2054,moderat,lebenserwartung_gekoppelt_2zu1,obergrenze_24_prozent,0.240000,69.900,3.412,32.004,838.792,3293.380,13.356,6.536,810.304,-28.488,0.966037,"Formel: Rentenwertfaktor = min(1, (Beitragsbasis x Korridor + Bestandsschutz + sonstige Einnahmen) / Referenzausgaben)."
2054,moderat,daenemarknah,ziel_20_prozent,0.200000,70.933,4.628,37.610,780.563,3298.987,13.356,6.536,679.690,-100.873,0.870769,"Formel: Rentenwertfaktor = min(1, (Beitragsbasis x Korridor + Bestandsschutz + sonstige Einnahmen) / Referenzausgaben)."
2054,moderat,daenemarknah,stabil_22_prozent,0.220000,70.933,4.628,37.610,780.563,3298.987,13.356,6.536,745.669,-34.894,0.955297,"Formel: Rentenwertfaktor = min(1, (Beitragsbasis x Korridor + Bestandsschutz + sonstige Einnahmen) / Referenzausgaben)."
2054,moderat,daenemarknah,obergrenze_24_prozent,0.240000,70.933,4.628,37.610,780.563,3298.987,13.356,6.536,811.649,31.086,1.000000,"Formel: Rentenwertfaktor = min(1, (Beitragsbasis x Korridor + Bestandsschutz + sonstige Einnahmen) / Referenzausgaben)."
2055,moderat,status_quo_67,ziel_20_prozent,0.200000,67.000,0.000,0.000,1025.336,3332.850,11.620,6.700,684.889,-340.446,0.667966,"Formel: Rentenwertfaktor = min(1, (Beitragsbasis x Korridor + Bestandsschutz + sonstige Einnahmen) / Referenzausgaben)."
2055,moderat,status_quo_67,stabil_22_prozent,0.220000,67.000,0.000,0.000,1025.336,3332.850,11.620,6.700,751.546,-273.789,0.732976,"Formel: Rentenwertfaktor = min(1, (Beitragsbasis x Korridor + Bestandsschutz + sonstige Einnahmen) / Referenzausgaben)."
2055,moderat,status_quo_67,obergrenze_24_prozent,0.240000,67.000,0.000,0.000,1025.336,3332.850,11.620,6.700,818.203,-207.132,0.797986,"Formel: Rentenwertfaktor = min(1, (Beitragsbasis x Korridor + Bestandsschutz + sonstige Einnahmen) / Referenzausgaben)."
2055,moderat,lebenserwartung_gekoppelt_2zu1,ziel_20_prozent,0.200000,70.000,3.530,33.594,852.383,3366.444,11.620,6.700,691.608,-160.775,0.811382,"Formel: Rentenwertfaktor = min(1, (Beitragsbasis x Korridor + Bestandsschutz + sonstige Einnahmen) / Referenzausgaben)."
2055,moderat,lebenserwartung_gekoppelt_2zu1,stabil_22_prozent,0.220000,70.000,3.530,33.594,852.383,3366.444,11.620,6.700,758.937,-93.446,0.890371,"Formel: Rentenwertfaktor = min(1, (Beitragsbasis x Korridor + Bestandsschutz + sonstige Einnahmen) / Referenzausgaben)."
2055,moderat,lebenserwartung_gekoppelt_2zu1,obergrenze_24_prozent,0.240000,70.000,3.530,33.594,852.383,3366.444,11.620,6.700,826.266,-26.117,0.969360,"Formel: Rentenwertfaktor = min(1, (Beitragsbasis x Korridor + Bestandsschutz + sonstige Einnahmen) / Referenzausgaben)."
2055,moderat,daenemarknah,ziel_20_prozent,0.200000,71.000,4.706,38.938,794.732,3371.788,11.620,6.700,692.677,-102.055,0.871586,"Formel: Rentenwertfaktor = min(1, (Beitragsbasis x Korridor + Bestandsschutz + sonstige Einnahmen) / Referenzausgaben)."
2055,moderat,daenemarknah,stabil_22_prozent,0.220000,71.000,4.706,38.938,794.732,3371.788,11.620,6.700,760.113,-34.619,0.956439,"Formel: Rentenwertfaktor = min(1, (Beitragsbasis x Korridor + Bestandsschutz + sonstige Einnahmen) / Referenzausgaben)."
2055,moderat,daenemarknah,obergrenze_24_prozent,0.240000,71.000,4.706,38.938,794.732,3371.788,11.620,6.700,827.549,32.816,1.000000,"Formel: Rentenwertfaktor = min(1, (Beitragsbasis x Korridor + Bestandsschutz + sonstige Einnahmen) / Referenzausgaben)."
2056,moderat,status_quo_67,ziel_20_prozent,0.200000,67.000,0.000,0.000,1048.997,3405.840,10.073,6.867,698.108,-350.889,0.665500,"Formel: Rentenwertfaktor = min(1, (Beitragsbasis x Korridor + Bestandsschutz + sonstige Einnahmen) / Referenzausgaben)."
2056,moderat,status_quo_67,stabil_22_prozent,0.220000,67.000,0.000,0.000,1048.997,3405.840,10.073,6.867,766.224,-282.772,0.730436,"Formel: Rentenwertfaktor = min(1, (Beitragsbasis x Korridor + Bestandsschutz + sonstige Einnahmen) / Referenzausgaben)."
2056,moderat,status_quo_67,obergrenze_24_prozent,0.240000,67.000,0.000,0.000,1048.997,3405.840,10.073,6.867,834.341,-214.655,0.795371,"Formel: Rentenwertfaktor = min(1, (Beitragsbasis x Korridor + Bestandsschutz + sonstige Einnahmen) / Referenzausgaben)."
2056,moderat,lebenserwartung_gekoppelt_2zu1,ziel_20_prozent,0.200000,70.100,3.648,35.010,866.155,3440.849,10.073,6.867,705.110,-161.045,0.814069,"Formel: Rentenwertfaktor = min(1, (Beitragsbasis x Korridor + Bestandsschutz + sonstige Einnahmen) / Referenzausgaben)."
2056,moderat,lebenserwartung_gekoppelt_2zu1,stabil_22_prozent,0.220000,70.100,3.648,35.010,866.155,3440.849,10.073,6.867,773.927,-92.228,0.893520,"Formel: Rentenwertfaktor = min(1, (Beitragsbasis x Korridor + Bestandsschutz + sonstige Einnahmen) / Referenzausgaben)."
2056,moderat,lebenserwartung_gekoppelt_2zu1,obergrenze_24_prozent,0.240000,70.100,3.648,35.010,866.155,3440.849,10.073,6.867,842.744,-23.411,0.972971,"Formel: Rentenwertfaktor = min(1, (Beitragsbasis x Korridor + Bestandsschutz + sonstige Einnahmen) / Referenzausgaben)."
2056,moderat,daenemarknah,ziel_20_prozent,0.200000,71.067,4.785,40.205,809.140,3446.044,10.073,6.867,706.149,-102.991,0.872715,"Formel: Rentenwertfaktor = min(1, (Beitragsbasis x Korridor + Bestandsschutz + sonstige Einnahmen) / Referenzausgaben)."
2056,moderat,daenemarknah,stabil_22_prozent,0.220000,71.067,4.785,40.205,809.140,3446.044,10.073,6.867,775.069,-34.070,0.957893,"Formel: Rentenwertfaktor = min(1, (Beitragsbasis x Korridor + Bestandsschutz + sonstige Einnahmen) / Referenzausgaben)."
2056,moderat,daenemarknah,obergrenze_24_prozent,0.240000,71.067,4.785,40.205,809.140,3446.044,10.073,6.867,843.990,34.851,1.000000,"Formel: Rentenwertfaktor = min(1, (Beitragsbasis x Korridor + Bestandsschutz + sonstige Einnahmen) / Referenzausgaben)."
2057,moderat,status_quo_67,ziel_20_prozent,0.200000,67.000,0.000,0.000,1073.204,3480.376,8.712,7.039,711.827,-361.377,0.663273,"Formel: Rentenwertfaktor = min(1, (Beitragsbasis x Korridor + Bestandsschutz + sonstige Einnahmen) / Referenzausgaben)."
2057,moderat,status_quo_67,stabil_22_prozent,0.220000,67.000,0.000,0.000,1073.204,3480.376,8.712,7.039,781.434,-291.770,0.728132,"Formel: Rentenwertfaktor = min(1, (Beitragsbasis x Korridor + Bestandsschutz + sonstige Einnahmen) / Referenzausgaben)."
2057,moderat,status_quo_67,obergrenze_24_prozent,0.240000,67.000,0.000,0.000,1073.204,3480.376,8.712,7.039,851.042,-222.162,0.792992,"Formel: Rentenwertfaktor = min(1, (Beitragsbasis x Korridor + Bestandsschutz + sonstige Einnahmen) / Referenzausgaben)."
2057,moderat,lebenserwartung_gekoppelt_2zu1,ziel_20_prozent,0.200000,70.200,3.766,36.476,880.108,3516.853,8.712,7.039,719.122,-160.986,0.817083,"Formel: Rentenwertfaktor = min(1, (Beitragsbasis x Korridor + Bestandsschutz + sonstige Einnahmen) / Referenzausgaben)."
2057,moderat,lebenserwartung_gekoppelt_2zu1,stabil_22_prozent,0.220000,70.200,3.766,36.476,880.108,3516.853,8.712,7.039,789.459,-90.649,0.897002,"Formel: Rentenwertfaktor = min(1, (Beitragsbasis x Korridor + Bestandsschutz + sonstige Einnahmen) / Referenzausgaben)."
2057,moderat,lebenserwartung_gekoppelt_2zu1,obergrenze_24_prozent,0.240000,70.200,3.766,36.476,880.108,3516.853,8.712,7.039,859.796,-20.312,0.976921,"Formel: Rentenwertfaktor = min(1, (Beitragsbasis x Korridor + Bestandsschutz + sonstige Einnahmen) / Referenzausgaben)."
2057,moderat,daenemarknah,ziel_20_prozent,0.200000,71.133,4.864,41.511,823.789,3521.887,8.712,7.039,720.129,-103.660,0.874167,"Formel: Rentenwertfaktor = min(1, (Beitragsbasis x Korridor + Bestandsschutz + sonstige Einnahmen) / Referenzausgaben)."
2057,moderat,daenemarknah,stabil_22_prozent,0.220000,71.133,4.864,41.511,823.789,3521.887,8.712,7.039,790.566,-33.222,0.959671,"Formel: Rentenwertfaktor = min(1, (Beitragsbasis x Korridor + Bestandsschutz + sonstige Einnahmen) / Referenzausgaben)."
2057,moderat,daenemarknah,obergrenze_24_prozent,0.240000,71.133,4.864,41.511,823.789,3521.887,8.712,7.039,861.004,37.215,1.000000,"Formel: Rentenwertfaktor = min(1, (Beitragsbasis x Korridor + Bestandsschutz + sonstige Einnahmen) / Referenzausgaben)."
2058,moderat,status_quo_67,ziel_20_prozent,0.200000,67.000,0.000,0.000,1097.969,3556.492,7.533,7.215,726.046,-371.923,0.661263,"Formel: Rentenwertfaktor = min(1, (Beitragsbasis x Korridor + Bestandsschutz + sonstige Einnahmen) / Referenzausgaben)."
2058,moderat,status_quo_67,stabil_22_prozent,0.220000,67.000,0.000,0.000,1097.969,3556.492,7.533,7.215,797.176,-300.793,0.726046,"Formel: Rentenwertfaktor = min(1, (Beitragsbasis x Korridor + Bestandsschutz + sonstige Einnahmen) / Referenzausgaben)."
2058,moderat,status_quo_67,obergrenze_24_prozent,0.240000,67.000,0.000,0.000,1097.969,3556.492,7.533,7.215,868.306,-229.663,0.790829,"Formel: Rentenwertfaktor = min(1, (Beitragsbasis x Korridor + Bestandsschutz + sonstige Einnahmen) / Referenzausgaben)."
2058,moderat,lebenserwartung_gekoppelt_2zu1,ziel_20_prozent,0.200000,70.300,3.884,37.995,894.244,3594.487,7.533,7.215,733.645,-160.599,0.820408,"Formel: Rentenwertfaktor = min(1, (Beitragsbasis x Korridor + Bestandsschutz + sonstige Einnahmen) / Referenzausgaben)."
2058,moderat,lebenserwartung_gekoppelt_2zu1,stabil_22_prozent,0.220000,70.300,3.884,37.995,894.244,3594.487,7.533,7.215,805.535,-88.709,0.900800,"Formel: Rentenwertfaktor = min(1, (Beitragsbasis x Korridor + Bestandsschutz + sonstige Einnahmen) / Referenzausgaben)."
2058,moderat,lebenserwartung_gekoppelt_2zu1,obergrenze_24_prozent,0.240000,70.300,3.884,37.995,894.244,3594.487,7.533,7.215,877.425,-16.820,0.981191,"Formel: Rentenwertfaktor = min(1, (Beitragsbasis x Korridor + Bestandsschutz + sonstige Einnahmen) / Referenzausgaben)."
2058,moderat,daenemarknah,ziel_20_prozent,0.200000,71.200,4.943,42.858,838.683,3599.350,7.533,7.215,734.618,-104.065,0.875918,"Formel: Rentenwertfaktor = min(1, (Beitragsbasis x Korridor + Bestandsschutz + sonstige Einnahmen) / Referenzausgaben)."
2058,moderat,daenemarknah,stabil_22_prozent,0.220000,71.200,4.943,42.858,838.683,3599.350,7.533,7.215,806.605,-32.078,0.961752,"Formel: Rentenwertfaktor = min(1, (Beitragsbasis x Korridor + Bestandsschutz + sonstige Einnahmen) / Referenzausgaben)."
2058,moderat,daenemarknah,obergrenze_24_prozent,0.240000,71.200,4.943,42.858,838.683,3599.350,7.533,7.215,878.592,39.909,1.000000,"Formel: Rentenwertfaktor = min(1, (Beitragsbasis x Korridor + Bestandsschutz + sonstige Einnahmen) / Referenzausgaben)."
2059,moderat,status_quo_67,ziel_20_prozent,0.200000,67.000,0.000,0.000,1123.306,3634.217,6.524,7.395,740.762,-382.544,0.659448,"Formel: Rentenwertfaktor = min(1, (Beitragsbasis x Korridor + Bestandsschutz + sonstige Einnahmen) / Referenzausgaben)."
2059,moderat,status_quo_67,stabil_22_prozent,0.220000,67.000,0.000,0.000,1123.306,3634.217,6.524,7.395,813.447,-309.860,0.724154,"Formel: Rentenwertfaktor = min(1, (Beitragsbasis x Korridor + Bestandsschutz + sonstige Einnahmen) / Referenzausgaben)."
2059,moderat,status_quo_67,obergrenze_24_prozent,0.240000,67.000,0.000,0.000,1123.306,3634.217,6.524,7.395,886.131,-237.175,0.788860,"Formel: Rentenwertfaktor = min(1, (Beitragsbasis x Korridor + Bestandsschutz + sonstige Einnahmen) / Referenzausgaben)."
2059,moderat,lebenserwartung_gekoppelt_2zu1,ziel_20_prozent,0.200000,70.400,4.002,39.568,908.564,3673.785,6.524,7.395,748.676,-159.888,0.824021,"Formel: Rentenwertfaktor = min(1, (Beitragsbasis x Korridor + Bestandsschutz + sonstige Einnahmen) / Referenzausgaben)."
2059,moderat,lebenserwartung_gekoppelt_2zu1,stabil_22_prozent,0.220000,70.400,4.002,39.568,908.564,3673.785,6.524,7.395,822.152,-86.413,0.904891,"Formel: Rentenwertfaktor = min(1, (Beitragsbasis x Korridor + Bestandsschutz + sonstige Einnahmen) / Referenzausgaben)."
2059,moderat,lebenserwartung_gekoppelt_2zu1,obergrenze_24_prozent,0.240000,70.400,4.002,39.568,908.564,3673.785,6.524,7.395,895.628,-12.937,0.985761,"Formel: Rentenwertfaktor = min(1, (Beitragsbasis x Korridor + Bestandsschutz + sonstige Einnahmen) / Referenzausgaben)."
2059,moderat,daenemarknah,ziel_20_prozent,0.200000,71.267,5.022,44.247,853.826,3678.464,6.524,7.395,749.612,-104.215,0.877944,"Formel: Rentenwertfaktor = min(1, (Beitragsbasis x Korridor + Bestandsschutz + sonstige Einnahmen) / Referenzausgaben)."
2059,moderat,daenemarknah,stabil_22_prozent,0.220000,71.267,5.022,44.247,853.826,3678.464,6.524,7.395,823.181,-30.645,0.964108,"Formel: Rentenwertfaktor = min(1, (Beitragsbasis x Korridor + Bestandsschutz + sonstige Einnahmen) / Referenzausgaben)."
2059,moderat,daenemarknah,obergrenze_24_prozent,0.240000,71.267,5.022,44.247,853.826,3678.464,6.524,7.395,896.750,42.924,1.000000,"Formel: Rentenwertfaktor = min(1, (Beitragsbasis x Korridor + Bestandsschutz + sonstige Einnahmen) / Referenzausgaben)."
2060,moderat,status_quo_67,ziel_20_prozent,0.200000,67.000,0.000,0.000,1149.228,3713.586,5.670,7.580,755.967,-393.261,0.657804,"Formel: Rentenwertfaktor = min(1, (Beitragsbasis x Korridor + Bestandsschutz + sonstige Einnahmen) / Referenzausgaben)."
2060,moderat,status_quo_67,stabil_22_prozent,0.220000,67.000,0.000,0.000,1149.228,3713.586,5.670,7.580,830.239,-318.990,0.722431,"Formel: Rentenwertfaktor = min(1, (Beitragsbasis x Korridor + Bestandsschutz + sonstige Einnahmen) / Referenzausgaben)."
2060,moderat,status_quo_67,obergrenze_24_prozent,0.240000,67.000,0.000,0.000,1149.228,3713.586,5.670,7.580,904.510,-244.718,0.787059,"Formel: Rentenwertfaktor = min(1, (Beitragsbasis x Korridor + Bestandsschutz + sonstige Einnahmen) / Referenzausgaben)."
2060,moderat,lebenserwartung_gekoppelt_2zu1,ziel_20_prozent,0.200000,70.500,4.120,41.197,923.069,3754.783,5.670,7.580,764.206,-158.863,0.827897,"Formel: Rentenwertfaktor = min(1, (Beitragsbasis x Korridor + Bestandsschutz + sonstige Einnahmen) / Referenzausgaben)."
2060,moderat,lebenserwartung_gekoppelt_2zu1,stabil_22_prozent,0.220000,70.500,4.120,41.197,923.069,3754.783,5.670,7.580,839.302,-83.767,0.909252,"Formel: Rentenwertfaktor = min(1, (Beitragsbasis x Korridor + Bestandsschutz + sonstige Einnahmen) / Referenzausgaben)."
2060,moderat,lebenserwartung_gekoppelt_2zu1,obergrenze_24_prozent,0.240000,70.500,4.120,41.197,923.069,3754.783,5.670,7.580,914.398,-8.671,0.990606,"Formel: Rentenwertfaktor = min(1, (Beitragsbasis x Korridor + Bestandsschutz + sonstige Einnahmen) / Referenzausgaben)."
2060,moderat,daenemarknah,ziel_20_prozent,0.200000,71.333,5.101,45.678,869.222,3759.264,5.670,7.580,765.103,-104.119,0.880216,"Formel: Rentenwertfaktor = min(1, (Beitragsbasis x Korridor + Bestandsschutz + sonstige Einnahmen) / Referenzausgaben)."
2060,moderat,daenemarknah,stabil_22_prozent,0.220000,71.333,5.101,45.678,869.222,3759.264,5.670,7.580,840.288,-28.934,0.966713,"Formel: Rentenwertfaktor = min(1, (Beitragsbasis x Korridor + Bestandsschutz + sonstige Einnahmen) / Referenzausgaben)."
2060,moderat,daenemarknah,obergrenze_24_prozent,0.240000,71.333,5.101,45.678,869.222,3759.264,5.670,7.580,915.473,46.251,1.000000,"Formel: Rentenwertfaktor = min(1, (Beitragsbasis x Korridor + Bestandsschutz + sonstige Einnahmen) / Referenzausgaben)."
2061,moderat,status_quo_67,ziel_20_prozent,0.200000,67.000,0.000,0.000,1175.748,3794.630,4.954,7.770,771.649,-404.099,0.656305,"Formel: Rentenwertfaktor = min(1, (Beitragsbasis x Korridor + Bestandsschutz + sonstige Einnahmen) / Referenzausgaben)."
2061,moderat,status_quo_67,stabil_22_prozent,0.220000,67.000,0.000,0.000,1175.748,3794.630,4.954,7.770,847.542,-328.206,0.720853,"Formel: Rentenwertfaktor = min(1, (Beitragsbasis x Korridor + Bestandsschutz + sonstige Einnahmen) / Referenzausgaben)."
2061,moderat,status_quo_67,obergrenze_24_prozent,0.240000,67.000,0.000,0.000,1175.748,3794.630,4.954,7.770,923.435,-252.314,0.785402,"Formel: Rentenwertfaktor = min(1, (Beitragsbasis x Korridor + Bestandsschutz + sonstige Einnahmen) / Referenzausgaben)."
2061,moderat,lebenserwartung_gekoppelt_2zu1,ziel_20_prozent,0.200000,70.600,4.238,42.884,937.759,3837.514,4.954,7.770,780.226,-157.533,0.832011,"Formel: Rentenwertfaktor = min(1, (Beitragsbasis x Korridor + Bestandsschutz + sonstige Einnahmen) / Referenzausgaben)."
2061,moderat,lebenserwartung_gekoppelt_2zu1,stabil_22_prozent,0.220000,70.600,4.238,42.884,937.759,3837.514,4.954,7.770,856.976,-80.783,0.913855,"Formel: Rentenwertfaktor = min(1, (Beitragsbasis x Korridor + Bestandsschutz + sonstige Einnahmen) / Referenzausgaben)."
2061,moderat,lebenserwartung_gekoppelt_2zu1,obergrenze_24_prozent,0.240000,70.600,4.238,42.884,937.759,3837.514,4.954,7.770,933.727,-4.033,0.995700,"Formel: Rentenwertfaktor = min(1, (Beitragsbasis x Korridor + Bestandsschutz + sonstige Einnahmen) / Referenzausgaben)."
2061,moderat,daenemarknah,ziel_20_prozent,0.200000,71.400,5.179,47.154,884.873,3841.784,4.954,7.770,781.080,-103.793,0.882703,"Formel: Rentenwertfaktor = min(1, (Beitragsbasis x Korridor + Bestandsschutz + sonstige Einnahmen) / Referenzausgaben)."
2061,moderat,daenemarknah,stabil_22_prozent,0.220000,71.400,5.179,47.154,884.873,3841.784,4.954,7.770,857.916,-26.957,0.969536,"Formel: Rentenwertfaktor = min(1, (Beitragsbasis x Korridor + Bestandsschutz + sonstige Einnahmen) / Referenzausgaben)."
2061,moderat,daenemarknah,obergrenze_24_prozent,0.240000,71.400,5.179,47.154,884.873,3841.784,4.954,7.770,934.752,49.879,1.000000,"Formel: Rentenwertfaktor = min(1, (Beitragsbasis x Korridor + Bestandsschutz + sonstige Einnahmen) / Referenzausgaben)."
2062,moderat,status_quo_67,ziel_20_prozent,0.200000,67.000,0.000,0.000,1202.880,3877.383,4.358,7.964,787.798,-415.082,0.654926,"Formel: Rentenwertfaktor = min(1, (Beitragsbasis x Korridor + Bestandsschutz + sonstige Einnahmen) / Referenzausgaben)."
2062,moderat,status_quo_67,stabil_22_prozent,0.220000,67.000,0.000,0.000,1202.880,3877.383,4.358,7.964,865.346,-337.535,0.719395,"Formel: Rentenwertfaktor = min(1, (Beitragsbasis x Korridor + Bestandsschutz + sonstige Einnahmen) / Referenzausgaben)."
2062,moderat,status_quo_67,obergrenze_24_prozent,0.240000,67.000,0.000,0.000,1202.880,3877.383,4.358,7.964,942.893,-259.987,0.783863,"Formel: Rentenwertfaktor = min(1, (Beitragsbasis x Korridor + Bestandsschutz + sonstige Einnahmen) / Referenzausgaben)."
2062,moderat,lebenserwartung_gekoppelt_2zu1,ziel_20_prozent,0.200000,70.700,4.356,44.630,952.636,3922.013,4.358,7.964,796.724,-155.912,0.836336,"Formel: Rentenwertfaktor = min(1, (Beitragsbasis x Korridor + Bestandsschutz + sonstige Einnahmen) / Referenzausgaben)."
2062,moderat,lebenserwartung_gekoppelt_2zu1,stabil_22_prozent,0.220000,70.700,4.356,44.630,952.636,3922.013,4.358,7.964,875.164,-77.472,0.918676,"Formel: Rentenwertfaktor = min(1, (Beitragsbasis x Korridor + Bestandsschutz + sonstige Einnahmen) / Referenzausgaben)."
2062,moderat,lebenserwartung_gekoppelt_2zu1,obergrenze_24_prozent,0.240000,70.700,4.356,44.630,952.636,3922.013,4.358,7.964,953.605,0.968,1.000000,"Formel: Rentenwertfaktor = min(1, (Beitragsbasis x Korridor + Bestandsschutz + sonstige Einnahmen) / Referenzausgaben)."
2062,moderat,daenemarknah,ziel_20_prozent,0.200000,71.467,5.258,48.676,900.784,3926.060,4.358,7.964,797.533,-103.250,0.885377,"Formel: Rentenwertfaktor = min(1, (Beitragsbasis x Korridor + Bestandsschutz + sonstige Einnahmen) / Referenzausgaben)."
2062,moderat,daenemarknah,stabil_22_prozent,0.220000,71.467,5.258,48.676,900.784,3926.060,4.358,7.964,876.054,-24.729,0.972547,"Formel: Rentenwertfaktor = min(1, (Beitragsbasis x Korridor + Bestandsschutz + sonstige Einnahmen) / Referenzausgaben)."
2062,moderat,daenemarknah,obergrenze_24_prozent,0.240000,71.467,5.258,48.676,900.784,3926.060,4.358,7.964,954.576,53.792,1.000000,"Formel: Rentenwertfaktor = min(1, (Beitragsbasis x Korridor + Bestandsschutz + sonstige Einnahmen) / Referenzausgaben)."
2063,moderat,status_quo_67,ziel_20_prozent,0.200000,67.000,0.000,0.000,1230.638,3961.881,3.863,8.163,804.401,-426.237,0.653646,"Formel: Rentenwertfaktor = min(1, (Beitragsbasis x Korridor + Bestandsschutz + sonstige Einnahmen) / Referenzausgaben)."
2063,moderat,status_quo_67,stabil_22_prozent,0.220000,67.000,0.000,0.000,1230.638,3961.881,3.863,8.163,883.639,-346.999,0.718033,"Formel: Rentenwertfaktor = min(1, (Beitragsbasis x Korridor + Bestandsschutz + sonstige Einnahmen) / Referenzausgaben)."
2063,moderat,status_quo_67,obergrenze_24_prozent,0.240000,67.000,0.000,0.000,1230.638,3961.881,3.863,8.163,962.877,-267.762,0.782421,"Formel: Rentenwertfaktor = min(1, (Beitragsbasis x Korridor + Bestandsschutz + sonstige Einnahmen) / Referenzausgaben)."
2063,moderat,lebenserwartung_gekoppelt_2zu1,ziel_20_prozent,0.200000,70.800,4.474,46.438,967.700,4008.319,3.863,8.163,813.689,-154.011,0.840848,"Formel: Rentenwertfaktor = min(1, (Beitragsbasis x Korridor + Bestandsschutz + sonstige Einnahmen) / Referenzausgaben)."
2063,moderat,lebenserwartung_gekoppelt_2zu1,stabil_22_prozent,0.220000,70.800,4.474,46.438,967.700,4008.319,3.863,8.163,893.855,-73.845,0.923691,"Formel: Rentenwertfaktor = min(1, (Beitragsbasis x Korridor + Bestandsschutz + sonstige Einnahmen) / Referenzausgaben)."
2063,moderat,lebenserwartung_gekoppelt_2zu1,obergrenze_24_prozent,0.240000,70.800,4.474,46.438,967.700,4008.319,3.863,8.163,974.022,6.322,1.000000,"Formel: Rentenwertfaktor = min(1, (Beitragsbasis x Korridor + Bestandsschutz + sonstige Einnahmen) / Referenzausgaben)."
2063,moderat,daenemarknah,ziel_20_prozent,0.200000,71.533,5.337,50.245,916.958,4012.126,3.863,8.163,814.451,-102.507,0.888210,"Formel: Rentenwertfaktor = min(1, (Beitragsbasis x Korridor + Bestandsschutz + sonstige Einnahmen) / Referenzausgaben)."
2063,moderat,daenemarknah,stabil_22_prozent,0.220000,71.533,5.337,50.245,916.958,4012.126,3.863,8.163,894.693,-22.264,0.975719,"Formel: Rentenwertfaktor = min(1, (Beitragsbasis x Korridor + Bestandsschutz + sonstige Einnahmen) / Referenzausgaben)."
2063,moderat,daenemarknah,obergrenze_24_prozent,0.240000,71.533,5.337,50.245,916.958,4012.126,3.863,8.163,974.936,57.978,1.000000,"Formel: Rentenwertfaktor = min(1, (Beitragsbasis x Korridor + Bestandsschutz + sonstige Einnahmen) / Referenzausgaben)."
2064,moderat,status_quo_67,ziel_20_prozent,0.200000,67.000,0.000,0.000,1259.037,4048.156,3.452,8.367,821.450,-437.587,0.652443,"Formel: Rentenwertfaktor = min(1, (Beitragsbasis x Korridor + Bestandsschutz + sonstige Einnahmen) / Referenzausgaben)."
2064,moderat,status_quo_67,stabil_22_prozent,0.220000,67.000,0.000,0.000,1259.037,4048.156,3.452,8.367,902.413,-356.624,0.716749,"Formel: Rentenwertfaktor = min(1, (Beitragsbasis x Korridor + Bestandsschutz + sonstige Einnahmen) / Referenzausgaben)."
2064,moderat,status_quo_67,obergrenze_24_prozent,0.240000,67.000,0.000,0.000,1259.037,4048.156,3.452,8.367,983.376,-275.661,0.781054,"Formel: Rentenwertfaktor = min(1, (Beitragsbasis x Korridor + Bestandsschutz + sonstige Einnahmen) / Referenzausgaben)."
2064,moderat,lebenserwartung_gekoppelt_2zu1,ziel_20_prozent,0.200000,70.900,4.592,48.310,982.952,4096.466,3.452,8.367,831.112,-151.840,0.845526,"Formel: Rentenwertfaktor = min(1, (Beitragsbasis x Korridor + Bestandsschutz + sonstige Einnahmen) / Referenzausgaben)."
2064,moderat,lebenserwartung_gekoppelt_2zu1,stabil_22_prozent,0.220000,70.900,4.592,48.310,982.952,4096.466,3.452,8.367,913.041,-69.911,0.928877,"Formel: Rentenwertfaktor = min(1, (Beitragsbasis x Korridor + Bestandsschutz + sonstige Einnahmen) / Referenzausgaben)."
2064,moderat,lebenserwartung_gekoppelt_2zu1,obergrenze_24_prozent,0.240000,70.900,4.592,48.310,982.952,4096.466,3.452,8.367,994.970,12.019,1.000000,"Formel: Rentenwertfaktor = min(1, (Beitragsbasis x Korridor + Bestandsschutz + sonstige Einnahmen) / Referenzausgaben)."
2064,moderat,daenemarknah,ziel_20_prozent,0.200000,71.600,5.416,51.863,933.398,4100.020,3.452,8.367,831.823,-101.576,0.891177,"Formel: Rentenwertfaktor = min(1, (Beitragsbasis x Korridor + Bestandsschutz + sonstige Einnahmen) / Referenzausgaben)."
2064,moderat,daenemarknah,stabil_22_prozent,0.220000,71.600,5.416,51.863,933.398,4100.020,3.452,8.367,913.823,-19.575,0.979028,"Formel: Rentenwertfaktor = min(1, (Beitragsbasis x Korridor + Bestandsschutz + sonstige Einnahmen) / Referenzausgaben)."
2064,moderat,daenemarknah,obergrenze_24_prozent,0.240000,71.600,5.416,51.863,933.398,4100.020,3.452,8.367,995.823,62.425,1.000000,"Formel: Rentenwertfaktor = min(1, (Beitragsbasis x Korridor + Bestandsschutz + sonstige Einnahmen) / Referenzausgaben)."
2065,moderat,status_quo_67,ziel_20_prozent,0.200000,67.000,0.000,0.000,1288.091,4136.246,3.109,8.576,838.935,-449.156,0.651301,"Formel: Rentenwertfaktor = min(1, (Beitragsbasis x Korridor + Bestandsschutz + sonstige Einnahmen) / Referenzausgaben)."
2065,moderat,status_quo_67,stabil_22_prozent,0.220000,67.000,0.000,0.000,1288.091,4136.246,3.109,8.576,921.659,-366.431,0.715524,"Formel: Rentenwertfaktor = min(1, (Beitragsbasis x Korridor + Bestandsschutz + sonstige Einnahmen) / Referenzausgaben)."
2065,moderat,status_quo_67,obergrenze_24_prozent,0.240000,67.000,0.000,0.000,1288.091,4136.246,3.109,8.576,1004.384,-283.706,0.779747,"Formel: Rentenwertfaktor = min(1, (Beitragsbasis x Korridor + Bestandsschutz + sonstige Einnahmen) / Referenzausgaben)."
2065,moderat,lebenserwartung_gekoppelt_2zu1,ziel_20_prozent,0.200000,71.000,4.710,50.247,998.392,4186.493,3.109,8.576,848.984,-149.409,0.850351,"Formel: Rentenwertfaktor = min(1, (Beitragsbasis x Korridor + Bestandsschutz + sonstige Einnahmen) / Referenzausgaben)."
2065,moderat,lebenserwartung_gekoppelt_2zu1,stabil_22_prozent,0.220000,71.000,4.710,50.247,998.392,4186.493,3.109,8.576,932.714,-65.679,0.934216,"Formel: Rentenwertfaktor = min(1, (Beitragsbasis x Korridor + Bestandsschutz + sonstige Einnahmen) / Referenzausgaben)."
2065,moderat,lebenserwartung_gekoppelt_2zu1,obergrenze_24_prozent,0.240000,71.000,4.710,50.247,998.392,4186.493,3.109,8.576,1016.444,18.051,1.000000,"Formel: Rentenwertfaktor = min(1, (Beitragsbasis x Korridor + Bestandsschutz + sonstige Einnahmen) / Referenzausgaben)."
2065,moderat,daenemarknah,ziel_20_prozent,0.200000,71.667,5.495,53.531,950.109,4189.777,3.109,8.576,849.641,-100.469,0.894256,"Formel: Rentenwertfaktor = min(1, (Beitragsbasis x Korridor + Bestandsschutz + sonstige Einnahmen) / Referenzausgaben)."
2065,moderat,daenemarknah,stabil_22_prozent,0.220000,71.667,5.495,53.531,950.109,4189.777,3.109,8.576,933.436,-16.673,0.982451,"Formel: Rentenwertfaktor = min(1, (Beitragsbasis x Korridor + Bestandsschutz + sonstige Einnahmen) / Referenzausgaben)."
2065,moderat,daenemarknah,obergrenze_24_prozent,0.240000,71.667,5.495,53.531,950.109,4189.777,3.109,8.576,1017.232,67.122,1.000000,"Formel: Rentenwertfaktor = min(1, (Beitragsbasis x Korridor + Bestandsschutz + sonstige Einnahmen) / Referenzausgaben)."
2066,moderat,status_quo_67,ziel_20_prozent,0.200000,67.000,0.000,0.000,1317.815,4226.187,2.821,8.790,856.849,-460.966,0.650204,"Formel: Rentenwertfaktor = min(1, (Beitragsbasis x Korridor + Bestandsschutz + sonstige Einnahmen) / Referenzausgaben)."
2066,moderat,status_quo_67,stabil_22_prozent,0.220000,67.000,0.000,0.000,1317.815,4226.187,2.821,8.790,941.373,-376.443,0.714343,"Formel: Rentenwertfaktor = min(1, (Beitragsbasis x Korridor + Bestandsschutz + sonstige Einnahmen) / Referenzausgaben)."
2066,moderat,status_quo_67,obergrenze_24_prozent,0.240000,67.000,0.000,0.000,1317.815,4226.187,2.821,8.790,1025.896,-291.919,0.778483,"Formel: Rentenwertfaktor = min(1, (Beitragsbasis x Korridor + Bestandsschutz + sonstige Einnahmen) / Referenzausgaben)."
2066,moderat,lebenserwartung_gekoppelt_2zu1,ziel_20_prozent,0.200000,71.100,4.828,52.049,1014.022,4278.236,2.821,8.790,867.259,-146.763,0.855266,"Formel: Rentenwertfaktor = min(1, (Beitragsbasis x Korridor + Bestandsschutz + sonstige Einnahmen) / Referenzausgaben)."
2066,moderat,lebenserwartung_gekoppelt_2zu1,stabil_22_prozent,0.220000,71.100,4.828,52.049,1014.022,4278.236,2.821,8.790,952.824,-61.198,0.939648,"Formel: Rentenwertfaktor = min(1, (Beitragsbasis x Korridor + Bestandsschutz + sonstige Einnahmen) / Referenzausgaben)."
2066,moderat,lebenserwartung_gekoppelt_2zu1,obergrenze_24_prozent,0.240000,71.100,4.828,52.049,1014.022,4278.236,2.821,8.790,1038.388,24.366,1.000000,"Formel: Rentenwertfaktor = min(1, (Beitragsbasis x Korridor + Bestandsschutz + sonstige Einnahmen) / Referenzausgaben)."
2066,moderat,daenemarknah,ziel_20_prozent,0.200000,71.733,5.574,55.250,967.095,4281.437,2.821,8.790,867.899,-99.196,0.897429,"Formel: Rentenwertfaktor = min(1, (Beitragsbasis x Korridor + Bestandsschutz + sonstige Einnahmen) / Referenzausgaben)."
2066,moderat,daenemarknah,stabil_22_prozent,0.220000,71.733,5.574,55.250,967.095,4281.437,2.821,8.790,953.528,-13.567,0.985971,"Formel: Rentenwertfaktor = min(1, (Beitragsbasis x Korridor + Bestandsschutz + sonstige Einnahmen) / Referenzausgaben)."
2066,moderat,daenemarknah,obergrenze_24_prozent,0.240000,71.733,5.574,55.250,967.095,4281.437,2.821,8.790,1039.156,72.062,1.000000,"Formel: Rentenwertfaktor = min(1, (Beitragsbasis x Korridor + Bestandsschutz + sonstige Einnahmen) / Referenzausgaben)."
2067,moderat,status_quo_67,ziel_20_prozent,0.200000,67.000,0.000,0.000,1348.226,4318.014,2.576,9.010,875.189,-473.036,0.649142,"Formel: Rentenwertfaktor = min(1, (Beitragsbasis x Korridor + Bestandsschutz + sonstige Einnahmen) / Referenzausgaben)."
2067,moderat,status_quo_67,stabil_22_prozent,0.220000,67.000,0.000,0.000,1348.226,4318.014,2.576,9.010,961.550,-386.676,0.713196,"Formel: Rentenwertfaktor = min(1, (Beitragsbasis x Korridor + Bestandsschutz + sonstige Einnahmen) / Referenzausgaben)."
2067,moderat,status_quo_67,obergrenze_24_prozent,0.240000,67.000,0.000,0.000,1348.226,4318.014,2.576,9.010,1047.910,-300.316,0.777251,"Formel: Rentenwertfaktor = min(1, (Beitragsbasis x Korridor + Bestandsschutz + sonstige Einnahmen) / Referenzausgaben)."
2067,moderat,lebenserwartung_gekoppelt_2zu1,ziel_20_prozent,0.200000,71.200,4.946,53.912,1029.841,4371.926,2.576,9.010,885.972,-143.870,0.860299,"Formel: Rentenwertfaktor = min(1, (Beitragsbasis x Korridor + Bestandsschutz + sonstige Einnahmen) / Referenzausgaben)."
2067,moderat,lebenserwartung_gekoppelt_2zu1,stabil_22_prozent,0.220000,71.200,4.946,53.912,1029.841,4371.926,2.576,9.010,973.410,-56.431,0.945204,"Formel: Rentenwertfaktor = min(1, (Beitragsbasis x Korridor + Bestandsschutz + sonstige Einnahmen) / Referenzausgaben)."
2067,moderat,lebenserwartung_gekoppelt_2zu1,obergrenze_24_prozent,0.240000,71.200,4.946,53.912,1029.841,4371.926,2.576,9.010,1060.849,31.008,1.000000,"Formel: Rentenwertfaktor = min(1, (Beitragsbasis x Korridor + Bestandsschutz + sonstige Einnahmen) / Referenzausgaben)."
2067,moderat,daenemarknah,ziel_20_prozent,0.200000,71.800,5.653,57.022,984.358,4375.037,2.576,9.010,886.594,-97.764,0.900682,"Formel: Rentenwertfaktor = min(1, (Beitragsbasis x Korridor + Bestandsschutz + sonstige Einnahmen) / Referenzausgaben)."
2067,moderat,daenemarknah,stabil_22_prozent,0.220000,71.800,5.653,57.022,984.358,4375.037,2.576,9.010,974.095,-10.263,0.989574,"Formel: Rentenwertfaktor = min(1, (Beitragsbasis x Korridor + Bestandsschutz + sonstige Einnahmen) / Referenzausgaben)."
2067,moderat,daenemarknah,obergrenze_24_prozent,0.240000,71.800,5.653,57.022,984.358,4375.037,2.576,9.010,1061.595,77.237,1.000000,"Formel: Rentenwertfaktor = min(1, (Beitragsbasis x Korridor + Bestandsschutz + sonstige Einnahmen) / Referenzausgaben)."
2068,moderat,status_quo_67,ziel_20_prozent,0.200000,67.000,0.000,0.000,1379.338,4411.767,2.366,9.236,893.955,-485.383,0.648104,"Formel: Rentenwertfaktor = min(1, (Beitragsbasis x Korridor + Bestandsschutz + sonstige Einnahmen) / Referenzausgaben)."
2068,moderat,status_quo_67,stabil_22_prozent,0.220000,67.000,0.000,0.000,1379.338,4411.767,2.366,9.236,982.190,-397.147,0.712074,"Formel: Rentenwertfaktor = min(1, (Beitragsbasis x Korridor + Bestandsschutz + sonstige Einnahmen) / Referenzausgaben)."
2068,moderat,status_quo_67,obergrenze_24_prozent,0.240000,67.000,0.000,0.000,1379.338,4411.767,2.366,9.236,1070.426,-308.912,0.776043,"Formel: Rentenwertfaktor = min(1, (Beitragsbasis x Korridor + Bestandsschutz + sonstige Einnahmen) / Referenzausgaben)."
2068,moderat,lebenserwartung_gekoppelt_2zu1,ziel_20_prozent,0.200000,71.300,5.064,55.836,1045.851,4467.602,2.366,9.236,905.122,-140.729,0.865441,"Formel: Rentenwertfaktor = min(1, (Beitragsbasis x Korridor + Bestandsschutz + sonstige Einnahmen) / Referenzausgaben)."
2068,moderat,lebenserwartung_gekoppelt_2zu1,stabil_22_prozent,0.220000,71.300,5.064,55.836,1045.851,4467.602,2.366,9.236,994.474,-51.377,0.950876,"Formel: Rentenwertfaktor = min(1, (Beitragsbasis x Korridor + Bestandsschutz + sonstige Einnahmen) / Referenzausgaben)."
2068,moderat,lebenserwartung_gekoppelt_2zu1,obergrenze_24_prozent,0.240000,71.300,5.064,55.836,1045.851,4467.602,2.366,9.236,1083.826,37.975,1.000000,"Formel: Rentenwertfaktor = min(1, (Beitragsbasis x Korridor + Bestandsschutz + sonstige Einnahmen) / Referenzausgaben)."
2068,moderat,daenemarknah,ziel_20_prozent,0.200000,71.867,5.732,58.849,1001.903,4470.616,2.366,9.236,905.725,-96.178,0.904004,"Formel: Rentenwertfaktor = min(1, (Beitragsbasis x Korridor + Bestandsschutz + sonstige Einnahmen) / Referenzausgaben)."
2068,moderat,daenemarknah,stabil_22_prozent,0.220000,71.867,5.732,58.849,1001.903,4470.616,2.366,9.236,995.137,-6.766,0.993247,"Formel: Rentenwertfaktor = min(1, (Beitragsbasis x Korridor + Bestandsschutz + sonstige Einnahmen) / Referenzausgaben)."
2068,moderat,daenemarknah,obergrenze_24_prozent,0.240000,71.867,5.732,58.849,1001.903,4470.616,2.366,9.236,1084.549,82.646,1.000000,"Formel: Rentenwertfaktor = min(1, (Beitragsbasis x Korridor + Bestandsschutz + sonstige Einnahmen) / Referenzausgaben)."
2069,moderat,status_quo_67,ziel_20_prozent,0.200000,67.000,0.000,0.000,1411.168,4507.482,2.184,9.466,913.146,-498.021,0.647086,"Formel: Rentenwertfaktor = min(1, (Beitragsbasis x Korridor + Bestandsschutz + sonstige Einnahmen) / Referenzausgaben)."
2069,moderat,status_quo_67,stabil_22_prozent,0.220000,67.000,0.000,0.000,1411.168,4507.482,2.184,9.466,1003.296,-407.872,0.710969,"Formel: Rentenwertfaktor = min(1, (Beitragsbasis x Korridor + Bestandsschutz + sonstige Einnahmen) / Referenzausgaben)."
2069,moderat,status_quo_67,obergrenze_24_prozent,0.240000,67.000,0.000,0.000,1411.168,4507.482,2.184,9.466,1093.446,-317.722,0.774852,"Formel: Rentenwertfaktor = min(1, (Beitragsbasis x Korridor + Bestandsschutz + sonstige Einnahmen) / Referenzausgaben)."
2069,moderat,lebenserwartung_gekoppelt_2zu1,ziel_20_prozent,0.200000,71.400,5.183,57.823,1062.051,4565.305,2.184,9.466,924.711,-137.340,0.870684,"Formel: Rentenwertfaktor = min(1, (Beitragsbasis x Korridor + Bestandsschutz + sonstige Einnahmen) / Referenzausgaben)."
2069,moderat,lebenserwartung_gekoppelt_2zu1,stabil_22_prozent,0.220000,71.400,5.183,57.823,1062.051,4565.305,2.184,9.466,1016.017,-46.034,0.956656,"Formel: Rentenwertfaktor = min(1, (Beitragsbasis x Korridor + Bestandsschutz + sonstige Einnahmen) / Referenzausgaben)."
2069,moderat,lebenserwartung_gekoppelt_2zu1,obergrenze_24_prozent,0.240000,71.400,5.183,57.823,1062.051,4565.305,2.184,9.466,1107.323,45.272,1.000000,"Formel: Rentenwertfaktor = min(1, (Beitragsbasis x Korridor + Bestandsschutz + sonstige Einnahmen) / Referenzausgaben)."
2069,moderat,daenemarknah,ziel_20_prozent,0.200000,71.933,5.811,60.732,1019.733,4568.214,2.184,9.466,925.293,-94.441,0.907387,"Formel: Rentenwertfaktor = min(1, (Beitragsbasis x Korridor + Bestandsschutz + sonstige Einnahmen) / Referenzausgaben)."
2069,moderat,daenemarknah,stabil_22_prozent,0.220000,71.933,5.811,60.732,1019.733,4568.214,2.184,9.466,1016.657,-3.076,0.996983,"Formel: Rentenwertfaktor = min(1, (Beitragsbasis x Korridor + Bestandsschutz + sonstige Einnahmen) / Referenzausgaben)."
2069,moderat,daenemarknah,obergrenze_24_prozent,0.240000,71.933,5.811,60.732,1019.733,4568.214,2.184,9.466,1108.021,88.288,1.000000,"Formel: Rentenwertfaktor = min(1, (Beitragsbasis x Korridor + Bestandsschutz + sonstige Einnahmen) / Referenzausgaben)."
2070,moderat,status_quo_67,ziel_20_prozent,0.200000,67.000,0.000,0.000,1443.732,4605.199,2.024,9.703,932.767,-510.965,0.646080,"Formel: Rentenwertfaktor = min(1, (Beitragsbasis x Korridor + Bestandsschutz + sonstige Einnahmen) / Referenzausgaben)."
2070,moderat,status_quo_67,stabil_22_prozent,0.220000,67.000,0.000,0.000,1443.732,4605.199,2.024,9.703,1024.871,-418.861,0.709876,"Formel: Rentenwertfaktor = min(1, (Beitragsbasis x Korridor + Bestandsschutz + sonstige Einnahmen) / Referenzausgaben)."
2070,moderat,status_quo_67,obergrenze_24_prozent,0.240000,67.000,0.000,0.000,1443.732,4605.199,2.024,9.703,1116.975,-326.757,0.773672,"Formel: Rentenwertfaktor = min(1, (Beitragsbasis x Korridor + Bestandsschutz + sonstige Einnahmen) / Referenzausgaben)."
2070,moderat,lebenserwartung_gekoppelt_2zu1,ziel_20_prozent,0.200000,71.500,5.301,59.875,1078.441,4665.075,2.024,9.703,944.742,-133.699,0.876025,"Formel: Rentenwertfaktor = min(1, (Beitragsbasis x Korridor + Bestandsschutz + sonstige Einnahmen) / Referenzausgaben)."
2070,moderat,lebenserwartung_gekoppelt_2zu1,stabil_22_prozent,0.220000,71.500,5.301,59.875,1078.441,4665.075,2.024,9.703,1038.043,-40.398,0.962540,"Formel: Rentenwertfaktor = min(1, (Beitragsbasis x Korridor + Bestandsschutz + sonstige Einnahmen) / Referenzausgaben)."
2070,moderat,lebenserwartung_gekoppelt_2zu1,obergrenze_24_prozent,0.240000,71.500,5.301,59.875,1078.441,4665.075,2.024,9.703,1131.345,52.904,1.000000,"Formel: Rentenwertfaktor = min(1, (Beitragsbasis x Korridor + Bestandsschutz + sonstige Einnahmen) / Referenzausgaben)."
2070,moderat,daenemarknah,ziel_20_prozent,0.200000,72.000,5.890,62.673,1037.853,4667.873,2.024,9.703,945.301,-92.552,0.910824,"Formel: Rentenwertfaktor = min(1, (Beitragsbasis x Korridor + Bestandsschutz + sonstige Einnahmen) / Referenzausgaben)."
2070,moderat,daenemarknah,stabil_22_prozent,0.220000,72.000,5.890,62.673,1037.853,4667.873,2.024,9.703,1038.659,0.806,1.000000,"Formel: Rentenwertfaktor = min(1, (Beitragsbasis x Korridor + Bestandsschutz + sonstige Einnahmen) / Referenzausgaben)."
2070,moderat,daenemarknah,obergrenze_24_prozent,0.240000,72.000,5.890,62.673,1037.853,4667.873,2.024,9.703,1132.016,94.163,1.000000,"Formel: Rentenwertfaktor = min(1, (Beitragsbasis x Korridor + Bestandsschutz + sonstige Einnahmen) / Referenzausgaben)."
2027,alt,status_quo_67,ziel_20_prozent,0.200000,67.000,0.000,0.000,436.143,1771.589,100.066,3.356,457.739,21.596,1.000000,"Formel: Rentenwertfaktor = min(1, (Beitragsbasis x Korridor + Bestandsschutz + sonstige Einnahmen) / Referenzausgaben)."
2027,alt,status_quo_67,stabil_22_prozent,0.220000,67.000,0.000,0.000,436.143,1771.589,100.066,3.356,493.171,57.028,1.000000,"Formel: Rentenwertfaktor = min(1, (Beitragsbasis x Korridor + Bestandsschutz + sonstige Einnahmen) / Referenzausgaben)."
2027,alt,status_quo_67,obergrenze_24_prozent,0.240000,67.000,0.000,0.000,436.143,1771.589,100.066,3.356,528.603,92.460,1.000000,"Formel: Rentenwertfaktor = min(1, (Beitragsbasis x Korridor + Bestandsschutz + sonstige Einnahmen) / Referenzausgaben)."
2027,alt,lebenserwartung_gekoppelt_2zu1,ziel_20_prozent,0.200000,67.000,0.000,0.000,436.143,1771.589,100.066,3.356,457.739,21.596,1.000000,"Formel: Rentenwertfaktor = min(1, (Beitragsbasis x Korridor + Bestandsschutz + sonstige Einnahmen) / Referenzausgaben)."
2027,alt,lebenserwartung_gekoppelt_2zu1,stabil_22_prozent,0.220000,67.000,0.000,0.000,436.143,1771.589,100.066,3.356,493.171,57.028,1.000000,"Formel: Rentenwertfaktor = min(1, (Beitragsbasis x Korridor + Bestandsschutz + sonstige Einnahmen) / Referenzausgaben)."
2027,alt,lebenserwartung_gekoppelt_2zu1,obergrenze_24_prozent,0.240000,67.000,0.000,0.000,436.143,1771.589,100.066,3.356,528.603,92.460,1.000000,"Formel: Rentenwertfaktor = min(1, (Beitragsbasis x Korridor + Bestandsschutz + sonstige Einnahmen) / Referenzausgaben)."
2027,alt,daenemarknah,ziel_20_prozent,0.200000,67.000,0.000,0.000,436.143,1771.589,100.066,3.356,457.739,21.596,1.000000,"Formel: Rentenwertfaktor = min(1, (Beitragsbasis x Korridor + Bestandsschutz + sonstige Einnahmen) / Referenzausgaben)."
2027,alt,daenemarknah,stabil_22_prozent,0.220000,67.000,0.000,0.000,436.143,1771.589,100.066,3.356,493.171,57.028,1.000000,"Formel: Rentenwertfaktor = min(1, (Beitragsbasis x Korridor + Bestandsschutz + sonstige Einnahmen) / Referenzausgaben)."
2027,alt,daenemarknah,obergrenze_24_prozent,0.240000,67.000,0.000,0.000,436.143,1771.589,100.066,3.356,528.603,92.460,1.000000,"Formel: Rentenwertfaktor = min(1, (Beitragsbasis x Korridor + Bestandsschutz + sonstige Einnahmen) / Referenzausgaben)."
2028,alt,status_quo_67,ziel_20_prozent,0.200000,67.000,0.000,0.000,456.261,1800.605,104.681,3.440,468.242,11.981,1.000000,"Formel: Rentenwertfaktor = min(1, (Beitragsbasis x Korridor + Bestandsschutz + sonstige Einnahmen) / Referenzausgaben)."
2028,alt,status_quo_67,stabil_22_prozent,0.220000,67.000,0.000,0.000,456.261,1800.605,104.681,3.440,504.254,47.993,1.000000,"Formel: Rentenwertfaktor = min(1, (Beitragsbasis x Korridor + Bestandsschutz + sonstige Einnahmen) / Referenzausgaben)."
2028,alt,status_quo_67,obergrenze_24_prozent,0.240000,67.000,0.000,0.000,456.261,1800.605,104.681,3.440,540.266,84.005,1.000000,"Formel: Rentenwertfaktor = min(1, (Beitragsbasis x Korridor + Bestandsschutz + sonstige Einnahmen) / Referenzausgaben)."
2028,alt,lebenserwartung_gekoppelt_2zu1,ziel_20_prozent,0.200000,67.125,0.128,0.789,453.054,1801.394,104.681,3.440,468.400,15.346,1.000000,"Formel: Rentenwertfaktor = min(1, (Beitragsbasis x Korridor + Bestandsschutz + sonstige Einnahmen) / Referenzausgaben)."
2028,alt,lebenserwartung_gekoppelt_2zu1,stabil_22_prozent,0.220000,67.125,0.128,0.789,453.054,1801.394,104.681,3.440,504.427,51.374,1.000000,"Formel: Rentenwertfaktor = min(1, (Beitragsbasis x Korridor + Bestandsschutz + sonstige Einnahmen) / Referenzausgaben)."
2028,alt,lebenserwartung_gekoppelt_2zu1,obergrenze_24_prozent,0.240000,67.125,0.128,0.789,453.054,1801.394,104.681,3.440,540.455,87.401,1.000000,"Formel: Rentenwertfaktor = min(1, (Beitragsbasis x Korridor + Bestandsschutz + sonstige Einnahmen) / Referenzausgaben)."
2028,alt,daenemarknah,ziel_20_prozent,0.200000,67.333,0.340,2.103,447.709,1802.708,104.681,3.440,468.662,20.953,1.000000,"Formel: Rentenwertfaktor = min(1, (Beitragsbasis x Korridor + Bestandsschutz + sonstige Einnahmen) / Referenzausgaben)."
2028,alt,daenemarknah,stabil_22_prozent,0.220000,67.333,0.340,2.103,447.709,1802.708,104.681,3.440,504.717,57.007,1.000000,"Formel: Rentenwertfaktor = min(1, (Beitragsbasis x Korridor + Bestandsschutz + sonstige Einnahmen) / Referenzausgaben)."
2028,alt,daenemarknah,obergrenze_24_prozent,0.240000,67.333,0.340,2.103,447.709,1802.708,104.681,3.440,540.771,93.062,1.000000,"Formel: Rentenwertfaktor = min(1, (Beitragsbasis x Korridor + Bestandsschutz + sonstige Einnahmen) / Referenzausgaben)."
2029,alt,status_quo_67,ziel_20_prozent,0.200000,67.000,0.000,0.000,477.163,1829.964,109.477,3.526,478.995,1.832,1.000000,"Formel: Rentenwertfaktor = min(1, (Beitragsbasis x Korridor + Bestandsschutz + sonstige Einnahmen) / Referenzausgaben)."
2029,alt,status_quo_67,stabil_22_prozent,0.220000,67.000,0.000,0.000,477.163,1829.964,109.477,3.526,515.595,38.432,1.000000,"Formel: Rentenwertfaktor = min(1, (Beitragsbasis x Korridor + Bestandsschutz + sonstige Einnahmen) / Referenzausgaben)."
2029,alt,status_quo_67,obergrenze_24_prozent,0.240000,67.000,0.000,0.000,477.163,1829.964,109.477,3.526,552.194,75.031,1.000000,"Formel: Rentenwertfaktor = min(1, (Beitragsbasis x Korridor + Bestandsschutz + sonstige Einnahmen) / Referenzausgaben)."
2029,alt,lebenserwartung_gekoppelt_2zu1,ziel_20_prozent,0.200000,67.250,0.260,1.645,470.456,1831.609,109.477,3.526,479.324,8.869,1.000000,"Formel: Rentenwertfaktor = min(1, (Beitragsbasis x Korridor + Bestandsschutz + sonstige Einnahmen) / Referenzausgaben)."
2029,alt,lebenserwartung_gekoppelt_2zu1,stabil_22_prozent,0.220000,67.250,0.260,1.645,470.456,1831.609,109.477,3.526,515.957,45.501,1.000000,"Formel: Rentenwertfaktor = min(1, (Beitragsbasis x Korridor + Bestandsschutz + sonstige Einnahmen) / Referenzausgaben)."
2029,alt,lebenserwartung_gekoppelt_2zu1,obergrenze_24_prozent,0.240000,67.250,0.260,1.645,470.456,1831.609,109.477,3.526,552.589,82.133,1.000000,"Formel: Rentenwertfaktor = min(1, (Beitragsbasis x Korridor + Bestandsschutz + sonstige Einnahmen) / Referenzausgaben)."
2029,alt,daenemarknah,ziel_20_prozent,0.200000,67.667,0.692,4.386,459.277,1834.350,109.477,3.526,479.873,20.596,1.000000,"Formel: Rentenwertfaktor = min(1, (Beitragsbasis x Korridor + Bestandsschutz + sonstige Einnahmen) / Referenzausgaben)."
2029,alt,daenemarknah,stabil_22_prozent,0.220000,67.667,0.692,4.386,459.277,1834.350,109.477,3.526,516.560,57.283,1.000000,"Formel: Rentenwertfaktor = min(1, (Beitragsbasis x Korridor + Bestandsschutz + sonstige Einnahmen) / Referenzausgaben)."
2029,alt,daenemarknah,obergrenze_24_prozent,0.240000,67.667,0.692,4.386,459.277,1834.350,109.477,3.526,553.247,93.970,1.000000,"Formel: Rentenwertfaktor = min(1, (Beitragsbasis x Korridor + Bestandsschutz + sonstige Einnahmen) / Referenzausgaben)."
2030,alt,status_quo_67,ziel_20_prozent,0.200000,67.000,0.000,0.000,498.879,1878.486,97.858,3.614,477.169,-21.710,0.956483,"Formel: Rentenwertfaktor = min(1, (Beitragsbasis x Korridor + Bestandsschutz + sonstige Einnahmen) / Referenzausgaben)."
2030,alt,status_quo_67,stabil_22_prozent,0.220000,67.000,0.000,0.000,498.879,1878.486,97.858,3.614,514.739,15.860,1.000000,"Formel: Rentenwertfaktor = min(1, (Beitragsbasis x Korridor + Bestandsschutz + sonstige Einnahmen) / Referenzausgaben)."
2030,alt,status_quo_67,obergrenze_24_prozent,0.240000,67.000,0.000,0.000,498.879,1878.486,97.858,3.614,552.308,53.430,1.000000,"Formel: Rentenwertfaktor = min(1, (Beitragsbasis x Korridor + Bestandsschutz + sonstige Einnahmen) / Referenzausgaben)."
2030,alt,lebenserwartung_gekoppelt_2zu1,ziel_20_prozent,0.200000,67.375,0.396,2.598,488.360,1881.084,97.858,3.614,477.689,-10.671,0.978149,"Formel: Rentenwertfaktor = min(1, (Beitragsbasis x Korridor + Bestandsschutz + sonstige Einnahmen) / Referenzausgaben)."
2030,alt,lebenserwartung_gekoppelt_2zu1,stabil_22_prozent,0.220000,67.375,0.396,2.598,488.360,1881.084,97.858,3.614,515.310,26.951,1.000000,"Formel: Rentenwertfaktor = min(1, (Beitragsbasis x Korridor + Bestandsschutz + sonstige Einnahmen) / Referenzausgaben)."
2030,alt,lebenserwartung_gekoppelt_2zu1,obergrenze_24_prozent,0.240000,67.375,0.396,2.598,488.360,1881.084,97.858,3.614,552.932,64.572,1.000000,"Formel: Rentenwertfaktor = min(1, (Beitragsbasis x Korridor + Bestandsschutz + sonstige Einnahmen) / Referenzausgaben)."
2030,alt,daenemarknah,ziel_20_prozent,0.200000,68.000,1.056,6.928,470.828,1885.415,97.858,3.614,478.555,7.726,1.000000,"Formel: Rentenwertfaktor = min(1, (Beitragsbasis x Korridor + Bestandsschutz + sonstige Einnahmen) / Referenzausgaben)."
2030,alt,daenemarknah,stabil_22_prozent,0.220000,68.000,1.056,6.928,470.828,1885.415,97.858,3.614,516.263,45.434,1.000000,"Formel: Rentenwertfaktor = min(1, (Beitragsbasis x Korridor + Bestandsschutz + sonstige Einnahmen) / Referenzausgaben)."
2030,alt,daenemarknah,obergrenze_24_prozent,0.240000,68.000,1.056,6.928,470.828,1885.415,97.858,3.614,553.971,83.143,1.000000,"Formel: Rentenwertfaktor = min(1, (Beitragsbasis x Korridor + Bestandsschutz + sonstige Einnahmen) / Referenzausgaben)."
2031,alt,status_quo_67,ziel_20_prozent,0.200000,67.000,0.000,0.000,521.436,1927.958,93.199,3.704,482.495,-38.941,0.925320,"Formel: Rentenwertfaktor = min(1, (Beitragsbasis x Korridor + Bestandsschutz + sonstige Einnahmen) / Referenzausgaben)."
2031,alt,status_quo_67,stabil_22_prozent,0.220000,67.000,0.000,0.000,521.436,1927.958,93.199,3.704,521.054,-0.382,0.999268,"Formel: Rentenwertfaktor = min(1, (Beitragsbasis x Korridor + Bestandsschutz + sonstige Einnahmen) / Referenzausgaben)."
2031,alt,status_quo_67,obergrenze_24_prozent,0.240000,67.000,0.000,0.000,521.436,1927.958,93.199,3.704,559.613,38.177,1.000000,"Formel: Rentenwertfaktor = min(1, (Beitragsbasis x Korridor + Bestandsschutz + sonstige Einnahmen) / Referenzausgaben)."
2031,alt,lebenserwartung_gekoppelt_2zu1,ziel_20_prozent,0.200000,67.500,0.537,3.646,506.777,1931.604,93.199,3.704,483.224,-23.553,0.953525,"Formel: Rentenwertfaktor = min(1, (Beitragsbasis x Korridor + Bestandsschutz + sonstige Einnahmen) / Referenzausgaben)."
2031,alt,lebenserwartung_gekoppelt_2zu1,stabil_22_prozent,0.220000,67.500,0.537,3.646,506.777,1931.604,93.199,3.704,521.856,15.080,1.000000,"Formel: Rentenwertfaktor = min(1, (Beitragsbasis x Korridor + Bestandsschutz + sonstige Einnahmen) / Referenzausgaben)."
2031,alt,lebenserwartung_gekoppelt_2zu1,obergrenze_24_prozent,0.240000,67.500,0.537,3.646,506.777,1931.604,93.199,3.704,560.488,53.712,1.000000,"Formel: Rentenwertfaktor = min(1, (Beitragsbasis x Korridor + Bestandsschutz + sonstige Einnahmen) / Referenzausgaben)."
2031,alt,daenemarknah,ziel_20_prozent,0.200000,68.200,1.289,8.314,486.254,1936.272,93.199,3.704,484.158,-2.096,0.995689,"Formel: Rentenwertfaktor = min(1, (Beitragsbasis x Korridor + Bestandsschutz + sonstige Einnahmen) / Referenzausgaben)."
2031,alt,daenemarknah,stabil_22_prozent,0.220000,68.200,1.289,8.314,486.254,1936.272,93.199,3.704,522.883,36.629,1.000000,"Formel: Rentenwertfaktor = min(1, (Beitragsbasis x Korridor + Bestandsschutz + sonstige Einnahmen) / Referenzausgaben)."
2031,alt,daenemarknah,obergrenze_24_prozent,0.240000,68.200,1.289,8.314,486.254,1936.272,93.199,3.704,561.608,75.355,1.000000,"Formel: Rentenwertfaktor = min(1, (Beitragsbasis x Korridor + Bestandsschutz + sonstige Einnahmen) / Referenzausgaben)."
2032,alt,status_quo_67,ziel_20_prozent,0.200000,67.000,0.000,0.000,544.865,1978.388,88.574,3.797,488.048,-56.817,0.895723,"Formel: Rentenwertfaktor = min(1, (Beitragsbasis x Korridor + Bestandsschutz + sonstige Einnahmen) / Referenzausgaben)."
2032,alt,status_quo_67,stabil_22_prozent,0.220000,67.000,0.000,0.000,544.865,1978.388,88.574,3.797,527.616,-17.249,0.968342,"Formel: Rentenwertfaktor = min(1, (Beitragsbasis x Korridor + Bestandsschutz + sonstige Einnahmen) / Referenzausgaben)."
2032,alt,status_quo_67,obergrenze_24_prozent,0.240000,67.000,0.000,0.000,544.865,1978.388,88.574,3.797,567.184,22.319,1.000000,"Formel: Rentenwertfaktor = min(1, (Beitragsbasis x Korridor + Bestandsschutz + sonstige Einnahmen) / Referenzausgaben)."
2032,alt,lebenserwartung_gekoppelt_2zu1,ziel_20_prozent,0.200000,67.625,0.682,4.796,525.718,1983.184,88.574,3.797,489.008,-36.710,0.930171,"Formel: Rentenwertfaktor = min(1, (Beitragsbasis x Korridor + Bestandsschutz + sonstige Einnahmen) / Referenzausgaben)."
2032,alt,lebenserwartung_gekoppelt_2zu1,stabil_22_prozent,0.220000,67.625,0.682,4.796,525.718,1983.184,88.574,3.797,528.671,2.953,1.000000,"Formel: Rentenwertfaktor = min(1, (Beitragsbasis x Korridor + Bestandsschutz + sonstige Einnahmen) / Referenzausgaben)."
2032,alt,lebenserwartung_gekoppelt_2zu1,obergrenze_24_prozent,0.240000,67.625,0.682,4.796,525.718,1983.184,88.574,3.797,568.335,42.617,1.000000,"Formel: Rentenwertfaktor = min(1, (Beitragsbasis x Korridor + Bestandsschutz + sonstige Einnahmen) / Referenzausgaben)."
2032,alt,daenemarknah,ziel_20_prozent,0.200000,68.400,1.528,9.822,501.975,1988.210,88.574,3.797,490.013,-11.962,0.976169,"Formel: Rentenwertfaktor = min(1, (Beitragsbasis x Korridor + Bestandsschutz + sonstige Einnahmen) / Referenzausgaben)."
2032,alt,daenemarknah,stabil_22_prozent,0.220000,68.400,1.528,9.822,501.975,1988.210,88.574,3.797,529.777,27.802,1.000000,"Formel: Rentenwertfaktor = min(1, (Beitragsbasis x Korridor + Bestandsschutz + sonstige Einnahmen) / Referenzausgaben)."
2032,alt,daenemarknah,obergrenze_24_prozent,0.240000,68.400,1.528,9.822,501.975,1988.210,88.574,3.797,569.541,67.566,1.000000,"Formel: Rentenwertfaktor = min(1, (Beitragsbasis x Korridor + Bestandsschutz + sonstige Einnahmen) / Referenzausgaben)."
2033,alt,status_quo_67,ziel_20_prozent,0.200000,67.000,0.000,0.000,569.198,2029.784,83.992,3.892,493.840,-75.358,0.867607,"Formel: Rentenwertfaktor = min(1, (Beitragsbasis x Korridor + Bestandsschutz + sonstige Einnahmen) / Referenzausgaben)."
2033,alt,status_quo_67,stabil_22_prozent,0.220000,67.000,0.000,0.000,569.198,2029.784,83.992,3.892,534.436,-34.762,0.938928,"Formel: Rentenwertfaktor = min(1, (Beitragsbasis x Korridor + Bestandsschutz + sonstige Einnahmen) / Referenzausgaben)."
2033,alt,status_quo_67,obergrenze_24_prozent,0.240000,67.000,0.000,0.000,569.198,2029.784,83.992,3.892,575.032,5.834,1.000000,"Formel: Rentenwertfaktor = min(1, (Beitragsbasis x Korridor + Bestandsschutz + sonstige Einnahmen) / Referenzausgaben)."
2033,alt,lebenserwartung_gekoppelt_2zu1,ziel_20_prozent,0.200000,67.750,0.832,6.054,545.195,2035.838,83.992,3.892,495.051,-50.144,0.908026,"Formel: Rentenwertfaktor = min(1, (Beitragsbasis x Korridor + Bestandsschutz + sonstige Einnahmen) / Referenzausgaben)."
2033,alt,lebenserwartung_gekoppelt_2zu1,stabil_22_prozent,0.220000,67.750,0.832,6.054,545.195,2035.838,83.992,3.892,535.768,-9.427,0.982708,"Formel: Rentenwertfaktor = min(1, (Beitragsbasis x Korridor + Bestandsschutz + sonstige Einnahmen) / Referenzausgaben)."
2033,alt,lebenserwartung_gekoppelt_2zu1,obergrenze_24_prozent,0.240000,67.750,0.832,6.054,545.195,2035.838,83.992,3.892,576.485,31.290,1.000000,"Formel: Rentenwertfaktor = min(1, (Beitragsbasis x Korridor + Bestandsschutz + sonstige Einnahmen) / Referenzausgaben)."
2033,alt,daenemarknah,ziel_20_prozent,0.200000,68.600,1.775,11.461,517.992,2041.246,83.992,3.892,496.133,-21.859,0.957800,"Formel: Rentenwertfaktor = min(1, (Beitragsbasis x Korridor + Bestandsschutz + sonstige Einnahmen) / Referenzausgaben)."
2033,alt,daenemarknah,stabil_22_prozent,0.220000,68.600,1.775,11.461,517.992,2041.246,83.992,3.892,536.958,18.966,1.000000,"Formel: Rentenwertfaktor = min(1, (Beitragsbasis x Korridor + Bestandsschutz + sonstige Einnahmen) / Referenzausgaben)."
2033,alt,daenemarknah,obergrenze_24_prozent,0.240000,68.600,1.775,11.461,517.992,2041.246,83.992,3.892,577.783,59.791,1.000000,"Formel: Rentenwertfaktor = min(1, (Beitragsbasis x Korridor + Bestandsschutz + sonstige Einnahmen) / Referenzausgaben)."
2034,alt,status_quo_67,ziel_20_prozent,0.200000,67.000,0.000,0.000,594.466,2082.156,79.464,3.989,499.884,-94.582,0.840896,"Formel: Rentenwertfaktor = min(1, (Beitragsbasis x Korridor + Bestandsschutz + sonstige Einnahmen) / Referenzausgaben)."
2034,alt,status_quo_67,stabil_22_prozent,0.220000,67.000,0.000,0.000,594.466,2082.156,79.464,3.989,541.527,-52.939,0.910947,"Formel: Rentenwertfaktor = min(1, (Beitragsbasis x Korridor + Bestandsschutz + sonstige Einnahmen) / Referenzausgaben)."
2034,alt,status_quo_67,obergrenze_24_prozent,0.240000,67.000,0.000,0.000,594.466,2082.156,79.464,3.989,583.170,-11.296,0.980998,"Formel: Rentenwertfaktor = min(1, (Beitragsbasis x Korridor + Bestandsschutz + sonstige Einnahmen) / Referenzausgaben)."
2034,alt,lebenserwartung_gekoppelt_2zu1,ziel_20_prozent,0.200000,67.875,0.986,7.426,565.220,2089.582,79.464,3.989,501.369,-63.850,0.887034,"Formel: Rentenwertfaktor = min(1, (Beitragsbasis x Korridor + Bestandsschutz + sonstige Einnahmen) / Referenzausgaben)."
2034,alt,lebenserwartung_gekoppelt_2zu1,stabil_22_prozent,0.220000,67.875,0.986,7.426,565.220,2089.582,79.464,3.989,543.161,-22.059,0.960973,"Formel: Rentenwertfaktor = min(1, (Beitragsbasis x Korridor + Bestandsschutz + sonstige Einnahmen) / Referenzausgaben)."
2034,alt,lebenserwartung_gekoppelt_2zu1,obergrenze_24_prozent,0.240000,67.875,0.986,7.426,565.220,2089.582,79.464,3.989,584.953,19.733,1.000000,"Formel: Rentenwertfaktor = min(1, (Beitragsbasis x Korridor + Bestandsschutz + sonstige Einnahmen) / Referenzausgaben)."
2034,alt,daenemarknah,ziel_20_prozent,0.200000,68.800,2.028,13.239,534.302,2095.395,79.464,3.989,502.532,-31.770,0.940539,"Formel: Rentenwertfaktor = min(1, (Beitragsbasis x Korridor + Bestandsschutz + sonstige Einnahmen) / Referenzausgaben)."
2034,alt,daenemarknah,stabil_22_prozent,0.220000,68.800,2.028,13.239,534.302,2095.395,79.464,3.989,544.440,10.138,1.000000,"Formel: Rentenwertfaktor = min(1, (Beitragsbasis x Korridor + Bestandsschutz + sonstige Einnahmen) / Referenzausgaben)."
2034,alt,daenemarknah,obergrenze_24_prozent,0.240000,68.800,2.028,13.239,534.302,2095.395,79.464,3.989,586.348,52.046,1.000000,"Formel: Rentenwertfaktor = min(1, (Beitragsbasis x Korridor + Bestandsschutz + sonstige Einnahmen) / Referenzausgaben)."
2035,alt,status_quo_67,ziel_20_prozent,0.200000,67.000,0.000,0.000,620.703,2135.510,75.003,4.089,506.194,-114.509,0.815517,"Formel: Rentenwertfaktor = min(1, (Beitragsbasis x Korridor + Bestandsschutz + sonstige Einnahmen) / Referenzausgaben)."
2035,alt,status_quo_67,stabil_22_prozent,0.220000,67.000,0.000,0.000,620.703,2135.510,75.003,4.089,548.904,-71.799,0.884326,"Formel: Rentenwertfaktor = min(1, (Beitragsbasis x Korridor + Bestandsschutz + sonstige Einnahmen) / Referenzausgaben)."
2035,alt,status_quo_67,obergrenze_24_prozent,0.240000,67.000,0.000,0.000,620.703,2135.510,75.003,4.089,591.614,-29.089,0.953135,"Formel: Rentenwertfaktor = min(1, (Beitragsbasis x Korridor + Bestandsschutz + sonstige Einnahmen) / Referenzausgaben)."
2035,alt,lebenserwartung_gekoppelt_2zu1,ziel_20_prozent,0.200000,68.000,1.145,8.921,585.803,2144.430,75.003,4.089,507.978,-77.825,0.867147,"Formel: Rentenwertfaktor = min(1, (Beitragsbasis x Korridor + Bestandsschutz + sonstige Einnahmen) / Referenzausgaben)."
2035,alt,lebenserwartung_gekoppelt_2zu1,stabil_22_prozent,0.220000,68.000,1.145,8.921,585.803,2144.430,75.003,4.089,550.867,-34.937,0.940361,"Formel: Rentenwertfaktor = min(1, (Beitragsbasis x Korridor + Bestandsschutz + sonstige Einnahmen) / Referenzausgaben)."
2035,alt,lebenserwartung_gekoppelt_2zu1,obergrenze_24_prozent,0.240000,68.000,1.145,8.921,585.803,2144.430,75.003,4.089,593.755,7.952,1.000000,"Formel: Rentenwertfaktor = min(1, (Beitragsbasis x Korridor + Bestandsschutz + sonstige Einnahmen) / Referenzausgaben)."
2035,alt,daenemarknah,ziel_20_prozent,0.200000,69.000,2.289,15.165,550.904,2150.675,75.003,4.089,509.227,-41.677,0.924348,"Formel: Rentenwertfaktor = min(1, (Beitragsbasis x Korridor + Bestandsschutz + sonstige Einnahmen) / Referenzausgaben)."
2035,alt,daenemarknah,stabil_22_prozent,0.220000,69.000,2.289,15.165,550.904,2150.675,75.003,4.089,552.240,1.337,1.000000,"Formel: Rentenwertfaktor = min(1, (Beitragsbasis x Korridor + Bestandsschutz + sonstige Einnahmen) / Referenzausgaben)."
2035,alt,daenemarknah,obergrenze_24_prozent,0.240000,69.000,2.289,15.165,550.904,2150.675,75.003,4.089,595.254,44.350,1.000000,"Formel: Rentenwertfaktor = min(1, (Beitragsbasis x Korridor + Bestandsschutz + sonstige Einnahmen) / Referenzausgaben)."
2036,alt,status_quo_67,ziel_20_prozent,0.200000,67.000,0.000,0.000,647.943,2171.049,70.625,4.191,509.025,-138.918,0.785601,"Formel: Rentenwertfaktor = min(1, (Beitragsbasis x Korridor + Bestandsschutz + sonstige Einnahmen) / Referenzausgaben)."
2036,alt,status_quo_67,stabil_22_prozent,0.220000,67.000,0.000,0.000,647.943,2171.049,70.625,4.191,552.446,-95.497,0.852615,"Formel: Rentenwertfaktor = min(1, (Beitragsbasis x Korridor + Bestandsschutz + sonstige Einnahmen) / Referenzausgaben)."
2036,alt,status_quo_67,obergrenze_24_prozent,0.240000,67.000,0.000,0.000,647.943,2171.049,70.625,4.191,595.867,-52.076,0.919628,"Formel: Rentenwertfaktor = min(1, (Beitragsbasis x Korridor + Bestandsschutz + sonstige Einnahmen) / Referenzausgaben)."
2036,alt,lebenserwartung_gekoppelt_2zu1,ziel_20_prozent,0.200000,68.100,1.278,9.944,607.869,2180.993,70.625,4.191,511.014,-96.855,0.840665,"Formel: Rentenwertfaktor = min(1, (Beitragsbasis x Korridor + Bestandsschutz + sonstige Einnahmen) / Referenzausgaben)."
2036,alt,lebenserwartung_gekoppelt_2zu1,stabil_22_prozent,0.220000,68.100,1.278,9.944,607.869,2180.993,70.625,4.191,554.634,-53.235,0.912423,"Formel: Rentenwertfaktor = min(1, (Beitragsbasis x Korridor + Bestandsschutz + sonstige Einnahmen) / Referenzausgaben)."
2036,alt,lebenserwartung_gekoppelt_2zu1,obergrenze_24_prozent,0.240000,68.100,1.278,9.944,607.869,2180.993,70.625,4.191,598.254,-9.615,0.984182,"Formel: Rentenwertfaktor = min(1, (Beitragsbasis x Korridor + Bestandsschutz + sonstige Einnahmen) / Referenzausgaben)."
2036,alt,daenemarknah,ziel_20_prozent,0.200000,69.200,2.557,16.727,567.794,2187.777,70.625,4.191,512.371,-55.424,0.902388,"Formel: Rentenwertfaktor = min(1, (Beitragsbasis x Korridor + Bestandsschutz + sonstige Einnahmen) / Referenzausgaben)."
2036,alt,daenemarknah,stabil_22_prozent,0.220000,69.200,2.557,16.727,567.794,2187.777,70.625,4.191,556.126,-11.668,0.979450,"Formel: Rentenwertfaktor = min(1, (Beitragsbasis x Korridor + Bestandsschutz + sonstige Einnahmen) / Referenzausgaben)."
2036,alt,daenemarknah,obergrenze_24_prozent,0.240000,69.200,2.557,16.727,567.794,2187.777,70.625,4.191,599.882,32.088,1.000000,"Formel: Rentenwertfaktor = min(1, (Beitragsbasis x Korridor + Bestandsschutz + sonstige Einnahmen) / Referenzausgaben)."
2037,alt,status_quo_67,ziel_20_prozent,0.200000,67.000,0.000,0.000,676.222,2206.996,66.341,4.296,512.036,-164.187,0.757200,"Formel: Rentenwertfaktor = min(1, (Beitragsbasis x Korridor + Bestandsschutz + sonstige Einnahmen) / Referenzausgaben)."
2037,alt,status_quo_67,stabil_22_prozent,0.220000,67.000,0.000,0.000,676.222,2206.996,66.341,4.296,556.176,-120.047,0.822474,"Formel: Rentenwertfaktor = min(1, (Beitragsbasis x Korridor + Bestandsschutz + sonstige Einnahmen) / Referenzausgaben)."
2037,alt,status_quo_67,obergrenze_24_prozent,0.240000,67.000,0.000,0.000,676.222,2206.996,66.341,4.296,600.316,-75.907,0.887749,"Formel: Rentenwertfaktor = min(1, (Beitragsbasis x Korridor + Bestandsschutz + sonstige Einnahmen) / Referenzausgaben)."
2037,alt,lebenserwartung_gekoppelt_2zu1,ziel_20_prozent,0.200000,68.200,1.416,11.034,630.597,2218.029,66.341,4.296,514.243,-116.354,0.815486,"Formel: Rentenwertfaktor = min(1, (Beitragsbasis x Korridor + Bestandsschutz + sonstige Einnahmen) / Referenzausgaben)."
2037,alt,lebenserwartung_gekoppelt_2zu1,stabil_22_prozent,0.220000,68.200,1.416,11.034,630.597,2218.029,66.341,4.296,558.603,-71.994,0.885833,"Formel: Rentenwertfaktor = min(1, (Beitragsbasis x Korridor + Bestandsschutz + sonstige Einnahmen) / Referenzausgaben)."
2037,alt,lebenserwartung_gekoppelt_2zu1,obergrenze_24_prozent,0.240000,68.200,1.416,11.034,630.597,2218.029,66.341,4.296,602.964,-27.633,0.956180,"Formel: Rentenwertfaktor = min(1, (Beitragsbasis x Korridor + Bestandsschutz + sonstige Einnahmen) / Referenzausgaben)."
2037,alt,daenemarknah,ziel_20_prozent,0.200000,69.400,2.832,18.390,584.971,2225.385,66.341,4.296,515.714,-69.257,0.881606,"Formel: Rentenwertfaktor = min(1, (Beitragsbasis x Korridor + Bestandsschutz + sonstige Einnahmen) / Referenzausgaben)."
2037,alt,daenemarknah,stabil_22_prozent,0.220000,69.400,2.832,18.390,584.971,2225.385,66.341,4.296,560.221,-24.749,0.957691,"Formel: Rentenwertfaktor = min(1, (Beitragsbasis x Korridor + Bestandsschutz + sonstige Einnahmen) / Referenzausgaben)."
2037,alt,daenemarknah,obergrenze_24_prozent,0.240000,69.400,2.832,18.390,584.971,2225.385,66.341,4.296,604.729,19.758,1.000000,"Formel: Rentenwertfaktor = min(1, (Beitragsbasis x Korridor + Bestandsschutz + sonstige Einnahmen) / Referenzausgaben)."
2038,alt,status_quo_67,ziel_20_prozent,0.200000,67.000,0.000,0.000,705.577,2243.346,62.165,4.403,515.238,-190.340,0.730236,"Formel: Rentenwertfaktor = min(1, (Beitragsbasis x Korridor + Bestandsschutz + sonstige Einnahmen) / Referenzausgaben)."
2038,alt,status_quo_67,stabil_22_prozent,0.220000,67.000,0.000,0.000,705.577,2243.346,62.165,4.403,560.104,-145.473,0.793825,"Formel: Rentenwertfaktor = min(1, (Beitragsbasis x Korridor + Bestandsschutz + sonstige Einnahmen) / Referenzausgaben)."
2038,alt,status_quo_67,obergrenze_24_prozent,0.240000,67.000,0.000,0.000,705.577,2243.346,62.165,4.403,604.971,-100.606,0.857414,"Formel: Rentenwertfaktor = min(1, (Beitragsbasis x Korridor + Bestandsschutz + sonstige Einnahmen) / Referenzausgaben)."
2038,alt,lebenserwartung_gekoppelt_2zu1,ziel_20_prozent,0.200000,68.300,1.557,12.195,654.003,2255.541,62.165,4.403,517.676,-136.327,0.791550,"Formel: Rentenwertfaktor = min(1, (Beitragsbasis x Korridor + Bestandsschutz + sonstige Einnahmen) / Referenzausgaben)."
2038,alt,lebenserwartung_gekoppelt_2zu1,stabil_22_prozent,0.220000,68.300,1.557,12.195,654.003,2255.541,62.165,4.403,562.787,-91.216,0.860526,"Formel: Rentenwertfaktor = min(1, (Beitragsbasis x Korridor + Bestandsschutz + sonstige Einnahmen) / Referenzausgaben)."
2038,alt,lebenserwartung_gekoppelt_2zu1,obergrenze_24_prozent,0.240000,68.300,1.557,12.195,654.003,2255.541,62.165,4.403,607.898,-46.105,0.929503,"Formel: Rentenwertfaktor = min(1, (Beitragsbasis x Korridor + Bestandsschutz + sonstige Einnahmen) / Referenzausgaben)."
2038,alt,daenemarknah,ziel_20_prozent,0.200000,69.600,3.114,20.156,602.430,2263.503,62.165,4.403,519.269,-83.161,0.861957,"Formel: Rentenwertfaktor = min(1, (Beitragsbasis x Korridor + Bestandsschutz + sonstige Einnahmen) / Referenzausgaben)."
2038,alt,daenemarknah,stabil_22_prozent,0.220000,69.600,3.114,20.156,602.430,2263.503,62.165,4.403,564.539,-37.891,0.937103,"Formel: Rentenwertfaktor = min(1, (Beitragsbasis x Korridor + Bestandsschutz + sonstige Einnahmen) / Referenzausgaben)."
2038,alt,daenemarknah,obergrenze_24_prozent,0.240000,69.600,3.114,20.156,602.430,2263.503,62.165,4.403,609.809,7.379,1.000000,"Formel: Rentenwertfaktor = min(1, (Beitragsbasis x Korridor + Bestandsschutz + sonstige Einnahmen) / Referenzausgaben)."
2039,alt,status_quo_67,ziel_20_prozent,0.200000,67.000,0.000,0.000,725.865,2288.387,58.108,4.513,520.298,-205.567,0.716797,"Formel: Rentenwertfaktor = min(1, (Beitragsbasis x Korridor + Bestandsschutz + sonstige Einnahmen) / Referenzausgaben)."
2039,alt,status_quo_67,stabil_22_prozent,0.220000,67.000,0.000,0.000,725.865,2288.387,58.108,4.513,566.066,-159.799,0.779850,"Formel: Rentenwertfaktor = min(1, (Beitragsbasis x Korridor + Bestandsschutz + sonstige Einnahmen) / Referenzausgaben)."
2039,alt,status_quo_67,obergrenze_24_prozent,0.240000,67.000,0.000,0.000,725.865,2288.387,58.108,4.513,611.834,-114.032,0.842903,"Formel: Rentenwertfaktor = min(1, (Beitragsbasis x Korridor + Bestandsschutz + sonstige Einnahmen) / Referenzausgaben)."
2039,alt,lebenserwartung_gekoppelt_2zu1,ziel_20_prozent,0.200000,68.400,1.678,13.244,668.727,2301.630,58.108,4.513,522.947,-145.780,0.782003,"Formel: Rentenwertfaktor = min(1, (Beitragsbasis x Korridor + Bestandsschutz + sonstige Einnahmen) / Referenzausgaben)."
2039,alt,lebenserwartung_gekoppelt_2zu1,stabil_22_prozent,0.220000,68.400,1.678,13.244,668.727,2301.630,58.108,4.513,568.980,-99.748,0.850839,"Formel: Rentenwertfaktor = min(1, (Beitragsbasis x Korridor + Bestandsschutz + sonstige Einnahmen) / Referenzausgaben)."
2039,alt,lebenserwartung_gekoppelt_2zu1,obergrenze_24_prozent,0.240000,68.400,1.678,13.244,668.727,2301.630,58.108,4.513,615.012,-53.715,0.919676,"Formel: Rentenwertfaktor = min(1, (Beitragsbasis x Korridor + Bestandsschutz + sonstige Einnahmen) / Referenzausgaben)."
2039,alt,daenemarknah,ziel_20_prozent,0.200000,69.800,3.356,21.728,611.590,2310.115,58.108,4.513,524.644,-86.946,0.857837,"Formel: Rentenwertfaktor = min(1, (Beitragsbasis x Korridor + Bestandsschutz + sonstige Einnahmen) / Referenzausgaben)."
2039,alt,daenemarknah,stabil_22_prozent,0.220000,69.800,3.356,21.728,611.590,2310.115,58.108,4.513,570.846,-40.743,0.933381,"Formel: Rentenwertfaktor = min(1, (Beitragsbasis x Korridor + Bestandsschutz + sonstige Einnahmen) / Referenzausgaben)."
2039,alt,daenemarknah,obergrenze_24_prozent,0.240000,69.800,3.356,21.728,611.590,2310.115,58.108,4.513,617.049,5.459,1.000000,"Formel: Rentenwertfaktor = min(1, (Beitragsbasis x Korridor + Bestandsschutz + sonstige Einnahmen) / Referenzausgaben)."
2040,alt,status_quo_67,ziel_20_prozent,0.200000,67.000,0.000,0.000,743.105,2334.253,54.176,4.626,525.652,-217.452,0.707373,"Formel: Rentenwertfaktor = min(1, (Beitragsbasis x Korridor + Bestandsschutz + sonstige Einnahmen) / Referenzausgaben)."
2040,alt,status_quo_67,stabil_22_prozent,0.220000,67.000,0.000,0.000,743.105,2334.253,54.176,4.626,572.337,-170.767,0.770197,"Formel: Rentenwertfaktor = min(1, (Beitragsbasis x Korridor + Bestandsschutz + sonstige Einnahmen) / Referenzausgaben)."
2040,alt,status_quo_67,obergrenze_24_prozent,0.240000,67.000,0.000,0.000,743.105,2334.253,54.176,4.626,619.022,-124.082,0.833022,"Formel: Rentenwertfaktor = min(1, (Beitragsbasis x Korridor + Bestandsschutz + sonstige Einnahmen) / Referenzausgaben)."
2040,alt,lebenserwartung_gekoppelt_2zu1,ziel_20_prozent,0.200000,68.500,1.799,14.340,680.431,2348.594,54.176,4.626,528.520,-151.911,0.776743,"Formel: Rentenwertfaktor = min(1, (Beitragsbasis x Korridor + Bestandsschutz + sonstige Einnahmen) / Referenzausgaben)."
2040,alt,lebenserwartung_gekoppelt_2zu1,stabil_22_prozent,0.220000,68.500,1.799,14.340,680.431,2348.594,54.176,4.626,575.492,-104.939,0.845775,"Formel: Rentenwertfaktor = min(1, (Beitragsbasis x Korridor + Bestandsschutz + sonstige Einnahmen) / Referenzausgaben)."
2040,alt,lebenserwartung_gekoppelt_2zu1,obergrenze_24_prozent,0.240000,68.500,1.799,14.340,680.431,2348.594,54.176,4.626,622.464,-57.968,0.914808,"Formel: Rentenwertfaktor = min(1, (Beitragsbasis x Korridor + Bestandsschutz + sonstige Einnahmen) / Referenzausgaben)."
2040,alt,daenemarknah,ziel_20_prozent,0.200000,70.000,3.598,23.369,617.758,2357.623,54.176,4.626,530.326,-87.432,0.858468,"Formel: Rentenwertfaktor = min(1, (Beitragsbasis x Korridor + Bestandsschutz + sonstige Einnahmen) / Referenzausgaben)."
2040,alt,daenemarknah,stabil_22_prozent,0.220000,70.000,3.598,23.369,617.758,2357.623,54.176,4.626,577.478,-40.280,0.934797,"Formel: Rentenwertfaktor = min(1, (Beitragsbasis x Korridor + Bestandsschutz + sonstige Einnahmen) / Referenzausgaben)."
2040,alt,daenemarknah,obergrenze_24_prozent,0.240000,70.000,3.598,23.369,617.758,2357.623,54.176,4.626,624.631,6.873,1.000000,"Formel: Rentenwertfaktor = min(1, (Beitragsbasis x Korridor + Bestandsschutz + sonstige Einnahmen) / Referenzausgaben)."
2041,alt,status_quo_67,ziel_20_prozent,0.200000,67.000,0.000,0.000,760.753,2380.960,50.374,4.742,531.307,-229.446,0.698397,"Formel: Rentenwertfaktor = min(1, (Beitragsbasis x Korridor + Bestandsschutz + sonstige Einnahmen) / Referenzausgaben)."
2041,alt,status_quo_67,stabil_22_prozent,0.220000,67.000,0.000,0.000,760.753,2380.960,50.374,4.742,578.926,-181.826,0.760991,"Formel: Rentenwertfaktor = min(1, (Beitragsbasis x Korridor + Bestandsschutz + sonstige Einnahmen) / Referenzausgaben)."
2041,alt,status_quo_67,obergrenze_24_prozent,0.240000,67.000,0.000,0.000,760.753,2380.960,50.374,4.742,626.546,-134.207,0.823586,"Formel: Rentenwertfaktor = min(1, (Beitragsbasis x Korridor + Bestandsschutz + sonstige Einnahmen) / Referenzausgaben)."
2041,alt,lebenserwartung_gekoppelt_2zu1,ziel_20_prozent,0.200000,68.600,1.920,15.486,692.314,2396.445,50.374,4.742,534.404,-157.910,0.771910,"Formel: Rentenwertfaktor = min(1, (Beitragsbasis x Korridor + Bestandsschutz + sonstige Einnahmen) / Referenzausgaben)."
2041,alt,lebenserwartung_gekoppelt_2zu1,stabil_22_prozent,0.220000,68.600,1.920,15.486,692.314,2396.445,50.374,4.742,582.333,-109.981,0.841140,"Formel: Rentenwertfaktor = min(1, (Beitragsbasis x Korridor + Bestandsschutz + sonstige Einnahmen) / Referenzausgaben)."
2041,alt,lebenserwartung_gekoppelt_2zu1,obergrenze_24_prozent,0.240000,68.600,1.920,15.486,692.314,2396.445,50.374,4.742,630.262,-62.052,0.910370,"Formel: Rentenwertfaktor = min(1, (Beitragsbasis x Korridor + Bestandsschutz + sonstige Einnahmen) / Referenzausgaben)."
2041,alt,daenemarknah,ziel_20_prozent,0.200000,70.067,3.681,24.246,629.578,2405.206,50.374,4.742,536.156,-93.422,0.851612,"Formel: Rentenwertfaktor = min(1, (Beitragsbasis x Korridor + Bestandsschutz + sonstige Einnahmen) / Referenzausgaben)."
2041,alt,daenemarknah,stabil_22_prozent,0.220000,70.067,3.681,24.246,629.578,2405.206,50.374,4.742,584.261,-45.318,0.928019,"Formel: Rentenwertfaktor = min(1, (Beitragsbasis x Korridor + Bestandsschutz + sonstige Einnahmen) / Referenzausgaben)."
2041,alt,daenemarknah,obergrenze_24_prozent,0.240000,70.067,3.681,24.246,629.578,2405.206,50.374,4.742,632.365,2.786,1.000000,"Formel: Rentenwertfaktor = min(1, (Beitragsbasis x Korridor + Bestandsschutz + sonstige Einnahmen) / Referenzausgaben)."
2042,alt,status_quo_67,ziel_20_prozent,0.200000,67.000,0.000,0.000,778.820,2428.518,46.704,4.860,537.267,-241.553,0.689848,"Formel: Rentenwertfaktor = min(1, (Beitragsbasis x Korridor + Bestandsschutz + sonstige Einnahmen) / Referenzausgaben)."
2042,alt,status_quo_67,stabil_22_prozent,0.220000,67.000,0.000,0.000,778.820,2428.518,46.704,4.860,585.838,-192.982,0.752212,"Formel: Rentenwertfaktor = min(1, (Beitragsbasis x Korridor + Bestandsschutz + sonstige Einnahmen) / Referenzausgaben)."
2042,alt,status_quo_67,obergrenze_24_prozent,0.240000,67.000,0.000,0.000,778.820,2428.518,46.704,4.860,634.408,-144.412,0.814576,"Formel: Rentenwertfaktor = min(1, (Beitragsbasis x Korridor + Bestandsschutz + sonstige Einnahmen) / Referenzausgaben)."
2042,alt,lebenserwartung_gekoppelt_2zu1,ziel_20_prozent,0.200000,68.700,2.042,16.682,704.376,2445.200,46.704,4.860,540.604,-163.773,0.767492,"Formel: Rentenwertfaktor = min(1, (Beitragsbasis x Korridor + Bestandsschutz + sonstige Einnahmen) / Referenzausgaben)."
2042,alt,lebenserwartung_gekoppelt_2zu1,stabil_22_prozent,0.220000,68.700,2.042,16.682,704.376,2445.200,46.704,4.860,589.508,-114.869,0.836921,"Formel: Rentenwertfaktor = min(1, (Beitragsbasis x Korridor + Bestandsschutz + sonstige Einnahmen) / Referenzausgaben)."
2042,alt,lebenserwartung_gekoppelt_2zu1,obergrenze_24_prozent,0.240000,68.700,2.042,16.682,704.376,2445.200,46.704,4.860,638.412,-65.965,0.906350,"Formel: Rentenwertfaktor = min(1, (Beitragsbasis x Korridor + Bestandsschutz + sonstige Einnahmen) / Referenzausgaben)."
2042,alt,daenemarknah,ziel_20_prozent,0.200000,70.133,3.764,25.153,641.611,2453.671,46.704,4.860,542.298,-99.313,0.845213,"Formel: Rentenwertfaktor = min(1, (Beitragsbasis x Korridor + Bestandsschutz + sonstige Einnahmen) / Referenzausgaben)."
2042,alt,daenemarknah,stabil_22_prozent,0.220000,70.133,3.764,25.153,641.611,2453.671,46.704,4.860,591.371,-50.239,0.921698,"Formel: Rentenwertfaktor = min(1, (Beitragsbasis x Korridor + Bestandsschutz + sonstige Einnahmen) / Referenzausgaben)."
2042,alt,daenemarknah,obergrenze_24_prozent,0.240000,70.133,3.764,25.153,641.611,2453.671,46.704,4.860,640.445,-1.166,0.998183,"Formel: Rentenwertfaktor = min(1, (Beitragsbasis x Korridor + Bestandsschutz + sonstige Einnahmen) / Referenzausgaben)."
2043,alt,status_quo_67,ziel_20_prozent,0.200000,67.000,0.000,0.000,797.315,2476.941,43.166,4.982,543.536,-253.780,0.681707,"Formel: Rentenwertfaktor = min(1, (Beitragsbasis x Korridor + Bestandsschutz + sonstige Einnahmen) / Referenzausgaben)."
2043,alt,status_quo_67,stabil_22_prozent,0.220000,67.000,0.000,0.000,797.315,2476.941,43.166,4.982,593.074,-204.241,0.743839,"Formel: Rentenwertfaktor = min(1, (Beitragsbasis x Korridor + Bestandsschutz + sonstige Einnahmen) / Referenzausgaben)."
2043,alt,status_quo_67,obergrenze_24_prozent,0.240000,67.000,0.000,0.000,797.315,2476.941,43.166,4.982,642.613,-154.702,0.805971,"Formel: Rentenwertfaktor = min(1, (Beitragsbasis x Korridor + Bestandsschutz + sonstige Einnahmen) / Referenzausgaben)."
2043,alt,lebenserwartung_gekoppelt_2zu1,ziel_20_prozent,0.200000,68.800,2.164,17.931,716.621,2494.872,43.166,4.982,547.122,-169.499,0.763474,"Formel: Rentenwertfaktor = min(1, (Beitragsbasis x Korridor + Bestandsschutz + sonstige Einnahmen) / Referenzausgaben)."
2043,alt,lebenserwartung_gekoppelt_2zu1,stabil_22_prozent,0.220000,68.800,2.164,17.931,716.621,2494.872,43.166,4.982,597.019,-119.602,0.833103,"Formel: Rentenwertfaktor = min(1, (Beitragsbasis x Korridor + Bestandsschutz + sonstige Einnahmen) / Referenzausgaben)."
2043,alt,lebenserwartung_gekoppelt_2zu1,obergrenze_24_prozent,0.240000,68.800,2.164,17.931,716.621,2494.872,43.166,4.982,646.917,-69.705,0.902732,"Formel: Rentenwertfaktor = min(1, (Beitragsbasis x Korridor + Bestandsschutz + sonstige Einnahmen) / Referenzausgaben)."
2043,alt,daenemarknah,ziel_20_prozent,0.200000,70.200,3.846,26.092,653.859,2503.032,43.166,4.982,548.754,-105.105,0.839254,"Formel: Rentenwertfaktor = min(1, (Beitragsbasis x Korridor + Bestandsschutz + sonstige Einnahmen) / Referenzausgaben)."
2043,alt,daenemarknah,stabil_22_prozent,0.220000,70.200,3.846,26.092,653.859,2503.032,43.166,4.982,598.815,-55.044,0.915816,"Formel: Rentenwertfaktor = min(1, (Beitragsbasis x Korridor + Bestandsschutz + sonstige Einnahmen) / Referenzausgaben)."
2043,alt,daenemarknah,obergrenze_24_prozent,0.240000,70.200,3.846,26.092,653.859,2503.032,43.166,4.982,648.875,-4.984,0.992378,"Formel: Rentenwertfaktor = min(1, (Beitragsbasis x Korridor + Bestandsschutz + sonstige Einnahmen) / Referenzausgaben)."
2044,alt,status_quo_67,ziel_20_prozent,0.200000,67.000,0.000,0.000,816.250,2526.241,39.759,5.106,550.114,-266.136,0.673953,"Formel: Rentenwertfaktor = min(1, (Beitragsbasis x Korridor + Bestandsschutz + sonstige Einnahmen) / Referenzausgaben)."
2044,alt,status_quo_67,stabil_22_prozent,0.220000,67.000,0.000,0.000,816.250,2526.241,39.759,5.106,600.639,-215.611,0.735852,"Formel: Rentenwertfaktor = min(1, (Beitragsbasis x Korridor + Bestandsschutz + sonstige Einnahmen) / Referenzausgaben)."
2044,alt,status_quo_67,obergrenze_24_prozent,0.240000,67.000,0.000,0.000,816.250,2526.241,39.759,5.106,651.163,-165.086,0.797750,"Formel: Rentenwertfaktor = min(1, (Beitragsbasis x Korridor + Bestandsschutz + sonstige Einnahmen) / Referenzausgaben)."
2044,alt,lebenserwartung_gekoppelt_2zu1,ziel_20_prozent,0.200000,68.900,2.285,19.235,729.050,2545.476,39.759,5.106,553.961,-175.089,0.759839,"Formel: Rentenwertfaktor = min(1, (Beitragsbasis x Korridor + Bestandsschutz + sonstige Einnahmen) / Referenzausgaben)."
2044,alt,lebenserwartung_gekoppelt_2zu1,stabil_22_prozent,0.220000,68.900,2.285,19.235,729.050,2545.476,39.759,5.106,604.870,-124.180,0.829669,"Formel: Rentenwertfaktor = min(1, (Beitragsbasis x Korridor + Bestandsschutz + sonstige Einnahmen) / Referenzausgaben)."
2044,alt,lebenserwartung_gekoppelt_2zu1,obergrenze_24_prozent,0.240000,68.900,2.285,19.235,729.050,2545.476,39.759,5.106,655.780,-73.270,0.899499,"Formel: Rentenwertfaktor = min(1, (Beitragsbasis x Korridor + Bestandsschutz + sonstige Einnahmen) / Referenzausgaben)."
2044,alt,daenemarknah,ziel_20_prozent,0.200000,70.267,3.929,27.062,666.327,2553.303,39.759,5.106,555.526,-110.801,0.833714,"Formel: Rentenwertfaktor = min(1, (Beitragsbasis x Korridor + Bestandsschutz + sonstige Einnahmen) / Referenzausgaben)."
2044,alt,daenemarknah,stabil_22_prozent,0.220000,70.267,3.929,27.062,666.327,2553.303,39.759,5.106,606.592,-59.735,0.910352,"Formel: Rentenwertfaktor = min(1, (Beitragsbasis x Korridor + Bestandsschutz + sonstige Einnahmen) / Referenzausgaben)."
2044,alt,daenemarknah,obergrenze_24_prozent,0.240000,70.267,3.929,27.062,666.327,2553.303,39.759,5.106,657.658,-8.669,0.986990,"Formel: Rentenwertfaktor = min(1, (Beitragsbasis x Korridor + Bestandsschutz + sonstige Einnahmen) / Referenzausgaben)."
2045,alt,status_quo_67,ziel_20_prozent,0.200000,67.000,0.000,0.000,835.633,2576.433,36.483,5.234,557.003,-278.630,0.666564,"Formel: Rentenwertfaktor = min(1, (Beitragsbasis x Korridor + Bestandsschutz + sonstige Einnahmen) / Referenzausgaben)."
2045,alt,status_quo_67,stabil_22_prozent,0.220000,67.000,0.000,0.000,835.633,2576.433,36.483,5.234,608.532,-227.102,0.728228,"Formel: Rentenwertfaktor = min(1, (Beitragsbasis x Korridor + Bestandsschutz + sonstige Einnahmen) / Referenzausgaben)."
2045,alt,status_quo_67,obergrenze_24_prozent,0.240000,67.000,0.000,0.000,835.633,2576.433,36.483,5.234,660.061,-175.573,0.789892,"Formel: Rentenwertfaktor = min(1, (Beitragsbasis x Korridor + Bestandsschutz + sonstige Einnahmen) / Referenzausgaben)."
2045,alt,lebenserwartung_gekoppelt_2zu1,ziel_20_prozent,0.200000,69.000,2.408,20.595,741.664,2597.027,36.483,5.234,561.122,-180.542,0.756572,"Formel: Rentenwertfaktor = min(1, (Beitragsbasis x Korridor + Bestandsschutz + sonstige Einnahmen) / Referenzausgaben)."
2045,alt,lebenserwartung_gekoppelt_2zu1,stabil_22_prozent,0.220000,69.000,2.408,20.595,741.664,2597.027,36.483,5.234,613.063,-128.601,0.826604,"Formel: Rentenwertfaktor = min(1, (Beitragsbasis x Korridor + Bestandsschutz + sonstige Einnahmen) / Referenzausgaben)."
2045,alt,lebenserwartung_gekoppelt_2zu1,obergrenze_24_prozent,0.240000,69.000,2.408,20.595,741.664,2597.027,36.483,5.234,665.003,-76.661,0.896637,"Formel: Rentenwertfaktor = min(1, (Beitragsbasis x Korridor + Bestandsschutz + sonstige Einnahmen) / Referenzausgaben)."
2045,alt,daenemarknah,ziel_20_prozent,0.200000,70.333,4.013,28.066,679.018,2604.498,36.483,5.234,562.616,-116.402,0.828573,"Formel: Rentenwertfaktor = min(1, (Beitragsbasis x Korridor + Bestandsschutz + sonstige Einnahmen) / Referenzausgaben)."
2045,alt,daenemarknah,stabil_22_prozent,0.220000,70.333,4.013,28.066,679.018,2604.498,36.483,5.234,614.706,-64.312,0.905287,"Formel: Rentenwertfaktor = min(1, (Beitragsbasis x Korridor + Bestandsschutz + sonstige Einnahmen) / Referenzausgaben)."
2045,alt,daenemarknah,obergrenze_24_prozent,0.240000,70.333,4.013,28.066,679.018,2604.498,36.483,5.234,666.796,-12.222,0.982001,"Formel: Rentenwertfaktor = min(1, (Beitragsbasis x Korridor + Bestandsschutz + sonstige Einnahmen) / Referenzausgaben)."
2046,alt,status_quo_67,ziel_20_prozent,0.200000,67.000,0.000,0.000,855.477,2627.195,33.337,5.365,564.140,-291.337,0.659445,"Formel: Rentenwertfaktor = min(1, (Beitragsbasis x Korridor + Bestandsschutz + sonstige Einnahmen) / Referenzausgaben)."
2046,alt,status_quo_67,stabil_22_prozent,0.220000,67.000,0.000,0.000,855.477,2627.195,33.337,5.365,616.684,-238.793,0.720866,"Formel: Rentenwertfaktor = min(1, (Beitragsbasis x Korridor + Bestandsschutz + sonstige Einnahmen) / Referenzausgaben)."
2046,alt,status_quo_67,obergrenze_24_prozent,0.240000,67.000,0.000,0.000,855.477,2627.195,33.337,5.365,669.228,-186.249,0.782287,"Formel: Rentenwertfaktor = min(1, (Beitragsbasis x Korridor + Bestandsschutz + sonstige Einnahmen) / Referenzausgaben)."
2046,alt,lebenserwartung_gekoppelt_2zu1,ziel_20_prozent,0.200000,69.100,2.530,21.763,754.466,2648.957,33.337,5.365,568.493,-185.973,0.753503,"Formel: Rentenwertfaktor = min(1, (Beitragsbasis x Korridor + Bestandsschutz + sonstige Einnahmen) / Referenzausgaben)."
2046,alt,lebenserwartung_gekoppelt_2zu1,stabil_22_prozent,0.220000,69.100,2.530,21.763,754.466,2648.957,33.337,5.365,621.472,-132.994,0.823724,"Formel: Rentenwertfaktor = min(1, (Beitragsbasis x Korridor + Bestandsschutz + sonstige Einnahmen) / Referenzausgaben)."
2046,alt,lebenserwartung_gekoppelt_2zu1,obergrenze_24_prozent,0.240000,69.100,2.530,21.763,754.466,2648.957,33.337,5.365,674.451,-80.015,0.893945,"Formel: Rentenwertfaktor = min(1, (Beitragsbasis x Korridor + Bestandsschutz + sonstige Einnahmen) / Referenzausgaben)."
2046,alt,daenemarknah,ziel_20_prozent,0.200000,70.400,4.096,29.100,691.936,2656.294,33.337,5.365,569.960,-121.976,0.823718,"Formel: Rentenwertfaktor = min(1, (Beitragsbasis x Korridor + Bestandsschutz + sonstige Einnahmen) / Referenzausgaben)."
2046,alt,daenemarknah,stabil_22_prozent,0.220000,70.400,4.096,29.100,691.936,2656.294,33.337,5.365,623.086,-68.850,0.900497,"Formel: Rentenwertfaktor = min(1, (Beitragsbasis x Korridor + Bestandsschutz + sonstige Einnahmen) / Referenzausgaben)."
2046,alt,daenemarknah,obergrenze_24_prozent,0.240000,70.400,4.096,29.100,691.936,2656.294,33.337,5.365,676.212,-15.724,0.977276,"Formel: Rentenwertfaktor = min(1, (Beitragsbasis x Korridor + Bestandsschutz + sonstige Einnahmen) / Referenzausgaben)."
2047,alt,status_quo_67,ziel_20_prozent,0.200000,67.000,0.000,0.000,875.791,2678.861,30.322,5.499,571.593,-304.198,0.652659,"Formel: Rentenwertfaktor = min(1, (Beitragsbasis x Korridor + Bestandsschutz + sonstige Einnahmen) / Referenzausgaben)."
2047,alt,status_quo_67,stabil_22_prozent,0.220000,67.000,0.000,0.000,875.791,2678.861,30.322,5.499,625.170,-250.621,0.713835,"Formel: Rentenwertfaktor = min(1, (Beitragsbasis x Korridor + Bestandsschutz + sonstige Einnahmen) / Referenzausgaben)."
2047,alt,status_quo_67,obergrenze_24_prozent,0.240000,67.000,0.000,0.000,875.791,2678.861,30.322,5.499,678.747,-197.044,0.775010,"Formel: Rentenwertfaktor = min(1, (Beitragsbasis x Korridor + Bestandsschutz + sonstige Einnahmen) / Referenzausgaben)."
2047,alt,lebenserwartung_gekoppelt_2zu1,ziel_20_prozent,0.200000,69.200,2.652,22.978,767.457,2701.839,30.322,5.499,576.188,-191.269,0.750775,"Formel: Rentenwertfaktor = min(1, (Beitragsbasis x Korridor + Bestandsschutz + sonstige Einnahmen) / Referenzausgaben)."
2047,alt,lebenserwartung_gekoppelt_2zu1,stabil_22_prozent,0.220000,69.200,2.652,22.978,767.457,2701.839,30.322,5.499,630.225,-137.233,0.821185,"Formel: Rentenwertfaktor = min(1, (Beitragsbasis x Korridor + Bestandsschutz + sonstige Einnahmen) / Referenzausgaben)."
2047,alt,lebenserwartung_gekoppelt_2zu1,obergrenze_24_prozent,0.240000,69.200,2.652,22.978,767.457,2701.839,30.322,5.499,684.262,-83.196,0.891596,"Formel: Rentenwertfaktor = min(1, (Beitragsbasis x Korridor + Bestandsschutz + sonstige Einnahmen) / Referenzausgaben)."
2047,alt,daenemarknah,ziel_20_prozent,0.200000,70.467,4.179,30.169,705.084,2709.030,30.322,5.499,577.626,-127.457,0.819231,"Formel: Rentenwertfaktor = min(1, (Beitragsbasis x Korridor + Bestandsschutz + sonstige Einnahmen) / Referenzausgaben)."
2047,alt,daenemarknah,stabil_22_prozent,0.220000,70.467,4.179,30.169,705.084,2709.030,30.322,5.499,631.807,-73.277,0.896074,"Formel: Rentenwertfaktor = min(1, (Beitragsbasis x Korridor + Bestandsschutz + sonstige Einnahmen) / Referenzausgaben)."
2047,alt,daenemarknah,obergrenze_24_prozent,0.240000,70.467,4.179,30.169,705.084,2709.030,30.322,5.499,685.988,-19.096,0.972917,"Formel: Rentenwertfaktor = min(1, (Beitragsbasis x Korridor + Bestandsschutz + sonstige Einnahmen) / Referenzausgaben)."
2048,alt,status_quo_67,ziel_20_prozent,0.200000,67.000,0.000,0.000,896.587,2731.445,27.441,5.636,579.366,-317.221,0.646191,"Formel: Rentenwertfaktor = min(1, (Beitragsbasis x Korridor + Bestandsschutz + sonstige Einnahmen) / Referenzausgaben)."
2048,alt,status_quo_67,stabil_22_prozent,0.220000,67.000,0.000,0.000,896.587,2731.445,27.441,5.636,633.995,-262.592,0.707121,"Formel: Rentenwertfaktor = min(1, (Beitragsbasis x Korridor + Bestandsschutz + sonstige Einnahmen) / Referenzausgaben)."
2048,alt,status_quo_67,obergrenze_24_prozent,0.240000,67.000,0.000,0.000,896.587,2731.445,27.441,5.636,688.624,-207.963,0.768051,"Formel: Rentenwertfaktor = min(1, (Beitragsbasis x Korridor + Bestandsschutz + sonstige Einnahmen) / Referenzausgaben)."
2048,alt,lebenserwartung_gekoppelt_2zu1,ziel_20_prozent,0.200000,69.300,2.775,24.242,780.640,2755.686,27.441,5.636,584.215,-196.425,0.748379,"Formel: Rentenwertfaktor = min(1, (Beitragsbasis x Korridor + Bestandsschutz + sonstige Einnahmen) / Referenzausgaben)."
2048,alt,lebenserwartung_gekoppelt_2zu1,stabil_22_prozent,0.220000,69.300,2.775,24.242,780.640,2755.686,27.441,5.636,639.329,-141.311,0.818980,"Formel: Rentenwertfaktor = min(1, (Beitragsbasis x Korridor + Bestandsschutz + sonstige Einnahmen) / Referenzausgaben)."
2048,alt,lebenserwartung_gekoppelt_2zu1,obergrenze_24_prozent,0.240000,69.300,2.775,24.242,780.640,2755.686,27.441,5.636,694.442,-86.198,0.889581,"Formel: Rentenwertfaktor = min(1, (Beitragsbasis x Korridor + Bestandsschutz + sonstige Einnahmen) / Referenzausgaben)."
2048,alt,daenemarknah,ziel_20_prozent,0.200000,70.533,4.263,31.274,718.465,2762.719,27.441,5.636,585.621,-132.844,0.815100,"Formel: Rentenwertfaktor = min(1, (Beitragsbasis x Korridor + Bestandsschutz + sonstige Einnahmen) / Referenzausgaben)."
2048,alt,daenemarknah,stabil_22_prozent,0.220000,70.533,4.263,31.274,718.465,2762.719,27.441,5.636,640.876,-77.590,0.892006,"Formel: Rentenwertfaktor = min(1, (Beitragsbasis x Korridor + Bestandsschutz + sonstige Einnahmen) / Referenzausgaben)."
2048,alt,daenemarknah,obergrenze_24_prozent,0.240000,70.533,4.263,31.274,718.465,2762.719,27.441,5.636,696.130,-22.335,0.968912,"Formel: Rentenwertfaktor = min(1, (Beitragsbasis x Korridor + Bestandsschutz + sonstige Einnahmen) / Referenzausgaben)."
2049,alt,status_quo_67,ziel_20_prozent,0.200000,67.000,0.000,0.000,917.877,2784.958,24.700,5.777,587.469,-330.408,0.640030,"Formel: Rentenwertfaktor = min(1, (Beitragsbasis x Korridor + Bestandsschutz + sonstige Einnahmen) / Referenzausgaben)."
2049,alt,status_quo_67,stabil_22_prozent,0.220000,67.000,0.000,0.000,917.877,2784.958,24.700,5.777,643.168,-274.709,0.700713,"Formel: Rentenwertfaktor = min(1, (Beitragsbasis x Korridor + Bestandsschutz + sonstige Einnahmen) / Referenzausgaben)."
2049,alt,status_quo_67,obergrenze_24_prozent,0.240000,67.000,0.000,0.000,917.877,2784.958,24.700,5.777,698.867,-219.010,0.761395,"Formel: Rentenwertfaktor = min(1, (Beitragsbasis x Korridor + Bestandsschutz + sonstige Einnahmen) / Referenzausgaben)."
2049,alt,lebenserwartung_gekoppelt_2zu1,ziel_20_prozent,0.200000,69.400,2.897,25.557,794.015,2810.515,24.700,5.777,592.580,-201.436,0.746308,"Formel: Rentenwertfaktor = min(1, (Beitragsbasis x Korridor + Bestandsschutz + sonstige Einnahmen) / Referenzausgaben)."
2049,alt,lebenserwartung_gekoppelt_2zu1,stabil_22_prozent,0.220000,69.400,2.897,25.557,794.015,2810.515,24.700,5.777,648.790,-145.225,0.817100,"Formel: Rentenwertfaktor = min(1, (Beitragsbasis x Korridor + Bestandsschutz + sonstige Einnahmen) / Referenzausgaben)."
2049,alt,lebenserwartung_gekoppelt_2zu1,obergrenze_24_prozent,0.240000,69.400,2.897,25.557,794.015,2810.515,24.700,5.777,705.000,-89.015,0.887893,"Formel: Rentenwertfaktor = min(1, (Beitragsbasis x Korridor + Bestandsschutz + sonstige Einnahmen) / Referenzausgaben)."
2049,alt,daenemarknah,ziel_20_prozent,0.200000,70.600,4.346,32.417,732.085,2817.375,24.700,5.777,593.952,-138.133,0.811316,"Formel: Rentenwertfaktor = min(1, (Beitragsbasis x Korridor + Bestandsschutz + sonstige Einnahmen) / Referenzausgaben)."
2049,alt,daenemarknah,stabil_22_prozent,0.220000,70.600,4.346,32.417,732.085,2817.375,24.700,5.777,650.299,-81.785,0.888284,"Formel: Rentenwertfaktor = min(1, (Beitragsbasis x Korridor + Bestandsschutz + sonstige Einnahmen) / Referenzausgaben)."
2049,alt,daenemarknah,obergrenze_24_prozent,0.240000,70.600,4.346,32.417,732.085,2817.375,24.700,5.777,706.647,-25.438,0.965253,"Formel: Rentenwertfaktor = min(1, (Beitragsbasis x Korridor + Bestandsschutz + sonstige Einnahmen) / Referenzausgaben)."
2050,alt,status_quo_67,ziel_20_prozent,0.200000,67.000,0.000,0.000,939.671,2839.415,22.104,5.921,595.909,-343.762,0.634167,"Formel: Rentenwertfaktor = min(1, (Beitragsbasis x Korridor + Bestandsschutz + sonstige Einnahmen) / Referenzausgaben)."
2050,alt,status_quo_67,stabil_22_prozent,0.220000,67.000,0.000,0.000,939.671,2839.415,22.104,5.921,652.697,-286.974,0.694602,"Formel: Rentenwertfaktor = min(1, (Beitragsbasis x Korridor + Bestandsschutz + sonstige Einnahmen) / Referenzausgaben)."
2050,alt,status_quo_67,obergrenze_24_prozent,0.240000,67.000,0.000,0.000,939.671,2839.415,22.104,5.921,709.485,-230.186,0.755036,"Formel: Rentenwertfaktor = min(1, (Beitragsbasis x Korridor + Bestandsschutz + sonstige Einnahmen) / Referenzausgaben)."
2050,alt,lebenserwartung_gekoppelt_2zu1,ziel_20_prozent,0.200000,69.500,3.020,26.924,807.585,2866.339,22.104,5.921,601.294,-206.292,0.744557,"Formel: Rentenwertfaktor = min(1, (Beitragsbasis x Korridor + Bestandsschutz + sonstige Einnahmen) / Referenzausgaben)."
2050,alt,lebenserwartung_gekoppelt_2zu1,stabil_22_prozent,0.220000,69.500,3.020,26.924,807.585,2866.339,22.104,5.921,658.620,-148.965,0.815543,"Formel: Rentenwertfaktor = min(1, (Beitragsbasis x Korridor + Bestandsschutz + sonstige Einnahmen) / Referenzausgaben)."
2050,alt,lebenserwartung_gekoppelt_2zu1,obergrenze_24_prozent,0.240000,69.500,3.020,26.924,807.585,2866.339,22.104,5.921,715.947,-91.638,0.886528,"Formel: Rentenwertfaktor = min(1, (Beitragsbasis x Korridor + Bestandsschutz + sonstige Einnahmen) / Referenzausgaben)."
2050,alt,daenemarknah,ziel_20_prozent,0.200000,70.667,4.430,33.598,745.945,2873.013,22.104,5.921,602.628,-143.317,0.807872,"Formel: Rentenwertfaktor = min(1, (Beitragsbasis x Korridor + Bestandsschutz + sonstige Einnahmen) / Referenzausgaben)."
2050,alt,daenemarknah,stabil_22_prozent,0.220000,70.667,4.430,33.598,745.945,2873.013,22.104,5.921,660.089,-85.857,0.884902,"Formel: Rentenwertfaktor = min(1, (Beitragsbasis x Korridor + Bestandsschutz + sonstige Einnahmen) / Referenzausgaben)."
2050,alt,daenemarknah,obergrenze_24_prozent,0.240000,70.667,4.430,33.598,745.945,2873.013,22.104,5.921,717.549,-28.397,0.961932,"Formel: Rentenwertfaktor = min(1, (Beitragsbasis x Korridor + Bestandsschutz + sonstige Einnahmen) / Referenzausgaben)."
2051,alt,status_quo_67,ziel_20_prozent,0.200000,67.000,0.000,0.000,961.982,2894.828,19.663,6.070,604.698,-357.285,0.628595,"Formel: Rentenwertfaktor = min(1, (Beitragsbasis x Korridor + Bestandsschutz + sonstige Einnahmen) / Referenzausgaben)."
2051,alt,status_quo_67,stabil_22_prozent,0.220000,67.000,0.000,0.000,961.982,2894.828,19.663,6.070,662.594,-299.388,0.688780,"Formel: Rentenwertfaktor = min(1, (Beitragsbasis x Korridor + Bestandsschutz + sonstige Einnahmen) / Referenzausgaben)."
2051,alt,status_quo_67,obergrenze_24_prozent,0.240000,67.000,0.000,0.000,961.982,2894.828,19.663,6.070,720.491,-241.492,0.748965,"Formel: Rentenwertfaktor = min(1, (Beitragsbasis x Korridor + Bestandsschutz + sonstige Einnahmen) / Referenzausgaben)."
2051,alt,lebenserwartung_gekoppelt_2zu1,ziel_20_prozent,0.200000,69.600,3.144,28.346,821.352,2923.175,19.663,6.070,610.367,-210.985,0.743125,"Formel: Rentenwertfaktor = min(1, (Beitragsbasis x Korridor + Bestandsschutz + sonstige Einnahmen) / Referenzausgaben)."
2051,alt,lebenserwartung_gekoppelt_2zu1,stabil_22_prozent,0.220000,69.600,3.144,28.346,821.352,2923.175,19.663,6.070,668.830,-152.521,0.814305,"Formel: Rentenwertfaktor = min(1, (Beitragsbasis x Korridor + Bestandsschutz + sonstige Einnahmen) / Referenzausgaben)."
2051,alt,lebenserwartung_gekoppelt_2zu1,obergrenze_24_prozent,0.240000,69.600,3.144,28.346,821.352,2923.175,19.663,6.070,727.294,-94.058,0.885484,"Formel: Rentenwertfaktor = min(1, (Beitragsbasis x Korridor + Bestandsschutz + sonstige Einnahmen) / Referenzausgaben)."
2051,alt,daenemarknah,ziel_20_prozent,0.200000,70.733,4.514,34.819,760.051,2929.647,19.663,6.070,611.661,-148.390,0.804764,"Formel: Rentenwertfaktor = min(1, (Beitragsbasis x Korridor + Bestandsschutz + sonstige Einnahmen) / Referenzausgaben)."
2051,alt,daenemarknah,stabil_22_prozent,0.220000,70.733,4.514,34.819,760.051,2929.647,19.663,6.070,670.254,-89.797,0.881854,"Formel: Rentenwertfaktor = min(1, (Beitragsbasis x Korridor + Bestandsschutz + sonstige Einnahmen) / Referenzausgaben)."
2051,alt,daenemarknah,obergrenze_24_prozent,0.240000,70.733,4.514,34.819,760.051,2929.647,19.663,6.070,728.847,-31.204,0.958945,"Formel: Rentenwertfaktor = min(1, (Beitragsbasis x Korridor + Bestandsschutz + sonstige Einnahmen) / Referenzausgaben)."
2052,alt,status_quo_67,ziel_20_prozent,0.200000,67.000,0.000,0.000,984.823,2951.210,17.384,6.221,613.848,-370.976,0.623307,"Formel: Rentenwertfaktor = min(1, (Beitragsbasis x Korridor + Bestandsschutz + sonstige Einnahmen) / Referenzausgaben)."
2052,alt,status_quo_67,stabil_22_prozent,0.220000,67.000,0.000,0.000,984.823,2951.210,17.384,6.221,672.872,-311.951,0.683241,"Formel: Rentenwertfaktor = min(1, (Beitragsbasis x Korridor + Bestandsschutz + sonstige Einnahmen) / Referenzausgaben)."
2052,alt,status_quo_67,obergrenze_24_prozent,0.240000,67.000,0.000,0.000,984.823,2951.210,17.384,6.221,731.896,-252.927,0.743175,"Formel: Rentenwertfaktor = min(1, (Beitragsbasis x Korridor + Bestandsschutz + sonstige Einnahmen) / Referenzausgaben)."
2052,alt,lebenserwartung_gekoppelt_2zu1,ziel_20_prozent,0.200000,69.700,3.267,29.825,835.316,2981.036,17.384,6.221,619.813,-215.504,0.742010,"Formel: Rentenwertfaktor = min(1, (Beitragsbasis x Korridor + Bestandsschutz + sonstige Einnahmen) / Referenzausgaben)."
2052,alt,lebenserwartung_gekoppelt_2zu1,stabil_22_prozent,0.220000,69.700,3.267,29.825,835.316,2981.036,17.384,6.221,679.433,-155.883,0.813385,"Formel: Rentenwertfaktor = min(1, (Beitragsbasis x Korridor + Bestandsschutz + sonstige Einnahmen) / Referenzausgaben)."
2052,alt,lebenserwartung_gekoppelt_2zu1,obergrenze_24_prozent,0.240000,69.700,3.267,29.825,835.316,2981.036,17.384,6.221,739.054,-96.262,0.884760,"Formel: Rentenwertfaktor = min(1, (Beitragsbasis x Korridor + Bestandsschutz + sonstige Einnahmen) / Referenzausgaben)."
2052,alt,daenemarknah,ziel_20_prozent,0.200000,70.800,4.598,36.081,774.406,2987.292,17.384,6.221,621.064,-153.342,0.801988,"Formel: Rentenwertfaktor = min(1, (Beitragsbasis x Korridor + Bestandsschutz + sonstige Einnahmen) / Referenzausgaben)."
2052,alt,daenemarknah,stabil_22_prozent,0.220000,70.800,4.598,36.081,774.406,2987.292,17.384,6.221,680.810,-93.596,0.879138,"Formel: Rentenwertfaktor = min(1, (Beitragsbasis x Korridor + Bestandsschutz + sonstige Einnahmen) / Referenzausgaben)."
2052,alt,daenemarknah,obergrenze_24_prozent,0.240000,70.800,4.598,36.081,774.406,2987.292,17.384,6.221,740.555,-33.850,0.956289,"Formel: Rentenwertfaktor = min(1, (Beitragsbasis x Korridor + Bestandsschutz + sonstige Einnahmen) / Referenzausgaben)."
2053,alt,status_quo_67,ziel_20_prozent,0.200000,67.000,0.000,0.000,1008.206,3008.575,15.279,6.377,623.371,-384.834,0.618298,"Formel: Rentenwertfaktor = min(1, (Beitragsbasis x Korridor + Bestandsschutz + sonstige Einnahmen) / Referenzausgaben)."
2053,alt,status_quo_67,stabil_22_prozent,0.220000,67.000,0.000,0.000,1008.206,3008.575,15.279,6.377,683.543,-324.663,0.677979,"Formel: Rentenwertfaktor = min(1, (Beitragsbasis x Korridor + Bestandsschutz + sonstige Einnahmen) / Referenzausgaben)."
2053,alt,status_quo_67,obergrenze_24_prozent,0.240000,67.000,0.000,0.000,1008.206,3008.575,15.279,6.377,743.714,-264.491,0.737661,"Formel: Rentenwertfaktor = min(1, (Beitragsbasis x Korridor + Bestandsschutz + sonstige Einnahmen) / Referenzausgaben)."
2053,alt,lebenserwartung_gekoppelt_2zu1,ziel_20_prozent,0.200000,69.800,3.390,31.362,849.480,3039.937,15.279,6.377,629.644,-219.836,0.741211,"Formel: Rentenwertfaktor = min(1, (Beitragsbasis x Korridor + Bestandsschutz + sonstige Einnahmen) / Referenzausgaben)."
2053,alt,lebenserwartung_gekoppelt_2zu1,stabil_22_prozent,0.220000,69.800,3.390,31.362,849.480,3039.937,15.279,6.377,690.442,-159.038,0.812782,"Formel: Rentenwertfaktor = min(1, (Beitragsbasis x Korridor + Bestandsschutz + sonstige Einnahmen) / Referenzausgaben)."
2053,alt,lebenserwartung_gekoppelt_2zu1,obergrenze_24_prozent,0.240000,69.800,3.390,31.362,849.480,3039.937,15.279,6.377,751.241,-98.239,0.884354,"Formel: Rentenwertfaktor = min(1, (Beitragsbasis x Korridor + Bestandsschutz + sonstige Einnahmen) / Referenzausgaben)."
2053,alt,daenemarknah,ziel_20_prozent,0.200000,70.867,4.682,37.386,789.013,3045.961,15.279,6.377,630.848,-158.165,0.799541,"Formel: Rentenwertfaktor = min(1, (Beitragsbasis x Korridor + Bestandsschutz + sonstige Einnahmen) / Referenzausgaben)."
2053,alt,daenemarknah,stabil_22_prozent,0.220000,70.867,4.682,37.386,789.013,3045.961,15.279,6.377,691.767,-97.246,0.876750,"Formel: Rentenwertfaktor = min(1, (Beitragsbasis x Korridor + Bestandsschutz + sonstige Einnahmen) / Referenzausgaben)."
2053,alt,daenemarknah,obergrenze_24_prozent,0.240000,70.867,4.682,37.386,789.013,3045.961,15.279,6.377,752.687,-36.326,0.953960,"Formel: Rentenwertfaktor = min(1, (Beitragsbasis x Korridor + Bestandsschutz + sonstige Einnahmen) / Referenzausgaben)."
2054,alt,status_quo_67,ziel_20_prozent,0.200000,67.000,0.000,0.000,1032.143,3066.936,13.356,6.536,633.279,-398.863,0.613558,"Formel: Rentenwertfaktor = min(1, (Beitragsbasis x Korridor + Bestandsschutz + sonstige Einnahmen) / Referenzausgaben)."
2054,alt,status_quo_67,stabil_22_prozent,0.220000,67.000,0.000,0.000,1032.143,3066.936,13.356,6.536,694.618,-337.525,0.672986,"Formel: Rentenwertfaktor = min(1, (Beitragsbasis x Korridor + Bestandsschutz + sonstige Einnahmen) / Referenzausgaben)."
2054,alt,status_quo_67,obergrenze_24_prozent,0.240000,67.000,0.000,0.000,1032.143,3066.936,13.356,6.536,755.957,-276.186,0.732415,"Formel: Rentenwertfaktor = min(1, (Beitragsbasis x Korridor + Bestandsschutz + sonstige Einnahmen) / Referenzausgaben)."
2054,alt,lebenserwartung_gekoppelt_2zu1,ziel_20_prozent,0.200000,69.900,3.514,32.960,863.845,3099.896,13.356,6.536,639.871,-223.974,0.740724,"Formel: Rentenwertfaktor = min(1, (Beitragsbasis x Korridor + Bestandsschutz + sonstige Einnahmen) / Referenzausgaben)."
2054,alt,lebenserwartung_gekoppelt_2zu1,stabil_22_prozent,0.220000,69.900,3.514,32.960,863.845,3099.896,13.356,6.536,701.869,-161.976,0.812494,"Formel: Rentenwertfaktor = min(1, (Beitragsbasis x Korridor + Bestandsschutz + sonstige Einnahmen) / Referenzausgaben)."
2054,alt,lebenserwartung_gekoppelt_2zu1,obergrenze_24_prozent,0.240000,69.900,3.514,32.960,863.845,3099.896,13.356,6.536,763.867,-99.978,0.884264,"Formel: Rentenwertfaktor = min(1, (Beitragsbasis x Korridor + Bestandsschutz + sonstige Einnahmen) / Referenzausgaben)."
2054,alt,daenemarknah,ziel_20_prozent,0.200000,70.933,4.766,38.734,803.877,3105.670,13.356,6.536,641.026,-162.851,0.797418,"Formel: Rentenwertfaktor = min(1, (Beitragsbasis x Korridor + Bestandsschutz + sonstige Einnahmen) / Referenzausgaben)."
2054,alt,daenemarknah,stabil_22_prozent,0.220000,70.933,4.766,38.734,803.877,3105.670,13.356,6.536,703.140,-100.738,0.874685,"Formel: Rentenwertfaktor = min(1, (Beitragsbasis x Korridor + Bestandsschutz + sonstige Einnahmen) / Referenzausgaben)."
2054,alt,daenemarknah,obergrenze_24_prozent,0.240000,70.933,4.766,38.734,803.877,3105.670,13.356,6.536,765.253,-38.624,0.951952,"Formel: Rentenwertfaktor = min(1, (Beitragsbasis x Korridor + Bestandsschutz + sonstige Einnahmen) / Referenzausgaben)."
2055,alt,status_quo_67,ziel_20_prozent,0.200000,67.000,0.000,0.000,1056.648,3126.306,11.620,6.700,643.581,-413.067,0.609078,"Formel: Rentenwertfaktor = min(1, (Beitragsbasis x Korridor + Bestandsschutz + sonstige Einnahmen) / Referenzausgaben)."
2055,alt,status_quo_67,stabil_22_prozent,0.220000,67.000,0.000,0.000,1056.648,3126.306,11.620,6.700,706.107,-350.541,0.668252,"Formel: Rentenwertfaktor = min(1, (Beitragsbasis x Korridor + Bestandsschutz + sonstige Einnahmen) / Referenzausgaben)."
2055,alt,status_quo_67,obergrenze_24_prozent,0.240000,67.000,0.000,0.000,1056.648,3126.306,11.620,6.700,768.633,-288.015,0.727426,"Formel: Rentenwertfaktor = min(1, (Beitragsbasis x Korridor + Bestandsschutz + sonstige Einnahmen) / Referenzausgaben)."
2055,alt,lebenserwartung_gekoppelt_2zu1,ziel_20_prozent,0.200000,70.000,3.638,34.620,878.413,3160.925,11.620,6.700,650.504,-227.909,0.740545,"Formel: Rentenwertfaktor = min(1, (Beitragsbasis x Korridor + Bestandsschutz + sonstige Einnahmen) / Referenzausgaben)."
2055,alt,lebenserwartung_gekoppelt_2zu1,stabil_22_prozent,0.220000,70.000,3.638,34.620,878.413,3160.925,11.620,6.700,713.723,-164.690,0.812514,"Formel: Rentenwertfaktor = min(1, (Beitragsbasis x Korridor + Bestandsschutz + sonstige Einnahmen) / Referenzausgaben)."
2055,alt,lebenserwartung_gekoppelt_2zu1,obergrenze_24_prozent,0.240000,70.000,3.638,34.620,878.413,3160.925,11.620,6.700,776.941,-101.472,0.884483,"Formel: Rentenwertfaktor = min(1, (Beitragsbasis x Korridor + Bestandsschutz + sonstige Einnahmen) / Referenzausgaben)."
2055,alt,daenemarknah,ziel_20_prozent,0.200000,71.000,4.850,40.127,819.002,3166.433,11.620,6.700,651.606,-167.396,0.795610,"Formel: Rentenwertfaktor = min(1, (Beitragsbasis x Korridor + Bestandsschutz + sonstige Einnahmen) / Referenzausgaben)."
2055,alt,daenemarknah,stabil_22_prozent,0.220000,71.000,4.850,40.127,819.002,3166.433,11.620,6.700,714.935,-104.067,0.872934,"Formel: Rentenwertfaktor = min(1, (Beitragsbasis x Korridor + Bestandsschutz + sonstige Einnahmen) / Referenzausgaben)."
2055,alt,daenemarknah,obergrenze_24_prozent,0.240000,71.000,4.850,40.127,819.002,3166.433,11.620,6.700,778.263,-40.739,0.950258,"Formel: Rentenwertfaktor = min(1, (Beitragsbasis x Korridor + Bestandsschutz + sonstige Einnahmen) / Referenzausgaben)."
2056,alt,status_quo_67,ziel_20_prozent,0.200000,67.000,0.000,0.000,1081.734,3186.697,10.073,6.867,654.279,-427.454,0.604843,"Formel: Rentenwertfaktor = min(1, (Beitragsbasis x Korridor + Bestandsschutz + sonstige Einnahmen) / Referenzausgaben)."
2056,alt,status_quo_67,stabil_22_prozent,0.220000,67.000,0.000,0.000,1081.734,3186.697,10.073,6.867,718.013,-363.721,0.663761,"Formel: Rentenwertfaktor = min(1, (Beitragsbasis x Korridor + Bestandsschutz + sonstige Einnahmen) / Referenzausgaben)."
2056,alt,status_quo_67,obergrenze_24_prozent,0.240000,67.000,0.000,0.000,1081.734,3186.697,10.073,6.867,781.747,-299.987,0.722680,"Formel: Rentenwertfaktor = min(1, (Beitragsbasis x Korridor + Bestandsschutz + sonstige Einnahmen) / Referenzausgaben)."
2056,alt,lebenserwartung_gekoppelt_2zu1,ziel_20_prozent,0.200000,70.100,3.762,36.102,893.186,3222.799,10.073,6.867,661.500,-231.686,0.740607,"Formel: Rentenwertfaktor = min(1, (Beitragsbasis x Korridor + Bestandsschutz + sonstige Einnahmen) / Referenzausgaben)."
2056,alt,lebenserwartung_gekoppelt_2zu1,stabil_22_prozent,0.220000,70.100,3.762,36.102,893.186,3222.799,10.073,6.867,725.956,-167.230,0.812771,"Formel: Rentenwertfaktor = min(1, (Beitragsbasis x Korridor + Bestandsschutz + sonstige Einnahmen) / Referenzausgaben)."
2056,alt,lebenserwartung_gekoppelt_2zu1,obergrenze_24_prozent,0.240000,70.100,3.762,36.102,893.186,3222.799,10.073,6.867,790.412,-102.774,0.884935,"Formel: Rentenwertfaktor = min(1, (Beitragsbasis x Korridor + Bestandsschutz + sonstige Einnahmen) / Referenzausgaben)."
2056,alt,daenemarknah,ziel_20_prozent,0.200000,71.067,4.935,41.460,834.391,3228.157,10.073,6.867,662.571,-171.820,0.794077,"Formel: Rentenwertfaktor = min(1, (Beitragsbasis x Korridor + Bestandsschutz + sonstige Einnahmen) / Referenzausgaben)."
2056,alt,daenemarknah,stabil_22_prozent,0.220000,71.067,4.935,41.460,834.391,3228.157,10.073,6.867,727.134,-107.257,0.871455,"Formel: Rentenwertfaktor = min(1, (Beitragsbasis x Korridor + Bestandsschutz + sonstige Einnahmen) / Referenzausgaben)."
2056,alt,daenemarknah,obergrenze_24_prozent,0.240000,71.067,4.935,41.460,834.391,3228.157,10.073,6.867,791.697,-42.694,0.948832,"Formel: Rentenwertfaktor = min(1, (Beitragsbasis x Korridor + Bestandsschutz + sonstige Einnahmen) / Referenzausgaben)."
2057,alt,status_quo_67,ziel_20_prozent,0.200000,67.000,0.000,0.000,1107.415,3248.125,8.712,7.039,665.376,-442.039,0.600837,"Formel: Rentenwertfaktor = min(1, (Beitragsbasis x Korridor + Bestandsschutz + sonstige Einnahmen) / Referenzausgaben)."
2057,alt,status_quo_67,stabil_22_prozent,0.220000,67.000,0.000,0.000,1107.415,3248.125,8.712,7.039,730.339,-377.076,0.659499,"Formel: Rentenwertfaktor = min(1, (Beitragsbasis x Korridor + Bestandsschutz + sonstige Einnahmen) / Referenzausgaben)."
2057,alt,status_quo_67,obergrenze_24_prozent,0.240000,67.000,0.000,0.000,1107.415,3248.125,8.712,7.039,795.301,-312.114,0.718160,"Formel: Rentenwertfaktor = min(1, (Beitragsbasis x Korridor + Bestandsschutz + sonstige Einnahmen) / Referenzausgaben)."
2057,alt,lebenserwartung_gekoppelt_2zu1,ziel_20_prozent,0.200000,70.200,3.886,37.639,908.164,3285.764,8.712,7.039,672.904,-235.260,0.740950,"Formel: Rentenwertfaktor = min(1, (Beitragsbasis x Korridor + Bestandsschutz + sonstige Einnahmen) / Referenzausgaben)."
2057,alt,lebenserwartung_gekoppelt_2zu1,stabil_22_prozent,0.220000,70.200,3.886,37.639,908.164,3285.764,8.712,7.039,738.619,-169.545,0.813310,"Formel: Rentenwertfaktor = min(1, (Beitragsbasis x Korridor + Bestandsschutz + sonstige Einnahmen) / Referenzausgaben)."
2057,alt,lebenserwartung_gekoppelt_2zu1,obergrenze_24_prozent,0.240000,70.200,3.886,37.639,908.164,3285.764,8.712,7.039,804.335,-103.829,0.885671,"Formel: Rentenwertfaktor = min(1, (Beitragsbasis x Korridor + Bestandsschutz + sonstige Einnahmen) / Referenzausgaben)."
2057,alt,daenemarknah,ziel_20_prozent,0.200000,71.133,5.019,42.834,850.049,3290.959,8.712,7.039,673.943,-176.106,0.792828,"Formel: Rentenwertfaktor = min(1, (Beitragsbasis x Korridor + Bestandsschutz + sonstige Einnahmen) / Referenzausgaben)."
2057,alt,daenemarknah,stabil_22_prozent,0.220000,71.133,5.019,42.834,850.049,3290.959,8.712,7.039,739.762,-110.287,0.870258,"Formel: Rentenwertfaktor = min(1, (Beitragsbasis x Korridor + Bestandsschutz + sonstige Einnahmen) / Referenzausgaben)."
2057,alt,daenemarknah,obergrenze_24_prozent,0.240000,71.133,5.019,42.834,850.049,3290.959,8.712,7.039,805.581,-44.468,0.947688,"Formel: Rentenwertfaktor = min(1, (Beitragsbasis x Korridor + Bestandsschutz + sonstige Einnahmen) / Referenzausgaben)."
2058,alt,status_quo_67,ziel_20_prozent,0.200000,67.000,0.000,0.000,1133.705,3310.601,7.533,7.215,676.868,-456.837,0.597041,"Formel: Rentenwertfaktor = min(1, (Beitragsbasis x Korridor + Bestandsschutz + sonstige Einnahmen) / Referenzausgaben)."
2058,alt,status_quo_67,stabil_22_prozent,0.220000,67.000,0.000,0.000,1133.705,3310.601,7.533,7.215,743.080,-390.625,0.655444,"Formel: Rentenwertfaktor = min(1, (Beitragsbasis x Korridor + Bestandsschutz + sonstige Einnahmen) / Referenzausgaben)."
2058,alt,status_quo_67,obergrenze_24_prozent,0.240000,67.000,0.000,0.000,1133.705,3310.601,7.533,7.215,809.292,-324.413,0.713847,"Formel: Rentenwertfaktor = min(1, (Beitragsbasis x Korridor + Bestandsschutz + sonstige Einnahmen) / Referenzausgaben)."
2058,alt,lebenserwartung_gekoppelt_2zu1,ziel_20_prozent,0.200000,70.300,4.010,39.232,923.349,3349.832,7.533,7.215,684.714,-238.635,0.741555,"Formel: Rentenwertfaktor = min(1, (Beitragsbasis x Korridor + Bestandsschutz + sonstige Einnahmen) / Referenzausgaben)."
2058,alt,lebenserwartung_gekoppelt_2zu1,stabil_22_prozent,0.220000,70.300,4.010,39.232,923.349,3349.832,7.533,7.215,751.711,-171.638,0.814113,"Formel: Rentenwertfaktor = min(1, (Beitragsbasis x Korridor + Bestandsschutz + sonstige Einnahmen) / Referenzausgaben)."
2058,alt,lebenserwartung_gekoppelt_2zu1,obergrenze_24_prozent,0.240000,70.300,4.010,39.232,923.349,3349.832,7.533,7.215,818.708,-104.642,0.886672,"Formel: Rentenwertfaktor = min(1, (Beitragsbasis x Korridor + Bestandsschutz + sonstige Einnahmen) / Referenzausgaben)."
2058,alt,daenemarknah,ziel_20_prozent,0.200000,71.200,5.104,44.253,865.980,3354.853,7.533,7.215,685.719,-180.261,0.791841,"Formel: Rentenwertfaktor = min(1, (Beitragsbasis x Korridor + Bestandsschutz + sonstige Einnahmen) / Referenzausgaben)."
2058,alt,daenemarknah,stabil_22_prozent,0.220000,71.200,5.104,44.253,865.980,3354.853,7.533,7.215,752.816,-113.164,0.869322,"Formel: Rentenwertfaktor = min(1, (Beitragsbasis x Korridor + Bestandsschutz + sonstige Einnahmen) / Referenzausgaben)."
2058,alt,daenemarknah,obergrenze_24_prozent,0.240000,71.200,5.104,44.253,865.980,3354.853,7.533,7.215,819.913,-46.067,0.946803,"Formel: Rentenwertfaktor = min(1, (Beitragsbasis x Korridor + Bestandsschutz + sonstige Einnahmen) / Referenzausgaben)."
2059,alt,status_quo_67,ziel_20_prozent,0.200000,67.000,0.000,0.000,1160.619,3374.139,6.524,7.395,688.747,-471.872,0.593431,"Formel: Rentenwertfaktor = min(1, (Beitragsbasis x Korridor + Bestandsschutz + sonstige Einnahmen) / Referenzausgaben)."
2059,alt,status_quo_67,stabil_22_prozent,0.220000,67.000,0.000,0.000,1160.619,3374.139,6.524,7.395,756.229,-404.389,0.651575,"Formel: Rentenwertfaktor = min(1, (Beitragsbasis x Korridor + Bestandsschutz + sonstige Einnahmen) / Referenzausgaben)."
2059,alt,status_quo_67,obergrenze_24_prozent,0.240000,67.000,0.000,0.000,1160.619,3374.139,6.524,7.395,823.712,-336.906,0.709718,"Formel: Rentenwertfaktor = min(1, (Beitragsbasis x Korridor + Bestandsschutz + sonstige Einnahmen) / Referenzausgaben)."
2059,alt,lebenserwartung_gekoppelt_2zu1,ziel_20_prozent,0.200000,70.400,4.135,40.883,938.744,3415.021,6.524,7.395,696.923,-241.820,0.742400,"Formel: Rentenwertfaktor = min(1, (Beitragsbasis x Korridor + Bestandsschutz + sonstige Einnahmen) / Referenzausgaben)."
2059,alt,lebenserwartung_gekoppelt_2zu1,stabil_22_prozent,0.220000,70.400,4.135,40.883,938.744,3415.021,6.524,7.395,765.224,-173.520,0.815157,"Formel: Rentenwertfaktor = min(1, (Beitragsbasis x Korridor + Bestandsschutz + sonstige Einnahmen) / Referenzausgaben)."
2059,alt,lebenserwartung_gekoppelt_2zu1,obergrenze_24_prozent,0.240000,70.400,4.135,40.883,938.744,3415.021,6.524,7.395,833.524,-105.220,0.887914,"Formel: Rentenwertfaktor = min(1, (Beitragsbasis x Korridor + Bestandsschutz + sonstige Einnahmen) / Referenzausgaben)."
2059,alt,daenemarknah,ziel_20_prozent,0.200000,71.267,5.189,45.716,882.187,3419.855,6.524,7.395,697.890,-184.297,0.791090,"Formel: Rentenwertfaktor = min(1, (Beitragsbasis x Korridor + Bestandsschutz + sonstige Einnahmen) / Referenzausgaben)."
2059,alt,daenemarknah,stabil_22_prozent,0.220000,71.267,5.189,45.716,882.187,3419.855,6.524,7.395,766.287,-115.900,0.868622,"Formel: Rentenwertfaktor = min(1, (Beitragsbasis x Korridor + Bestandsschutz + sonstige Einnahmen) / Referenzausgaben)."
2059,alt,daenemarknah,obergrenze_24_prozent,0.240000,71.267,5.189,45.716,882.187,3419.855,6.524,7.395,834.684,-47.503,0.946153,"Formel: Rentenwertfaktor = min(1, (Beitragsbasis x Korridor + Bestandsschutz + sonstige Einnahmen) / Referenzausgaben)."
2060,alt,status_quo_67,ziel_20_prozent,0.200000,67.000,0.000,0.000,1188.171,3438.752,5.670,7.580,701.000,-487.170,0.589983,"Formel: Rentenwertfaktor = min(1, (Beitragsbasis x Korridor + Bestandsschutz + sonstige Einnahmen) / Referenzausgaben)."
2060,alt,status_quo_67,stabil_22_prozent,0.220000,67.000,0.000,0.000,1188.171,3438.752,5.670,7.580,769.775,-418.395,0.647866,"Formel: Rentenwertfaktor = min(1, (Beitragsbasis x Korridor + Bestandsschutz + sonstige Einnahmen) / Referenzausgaben)."
2060,alt,status_quo_67,obergrenze_24_prozent,0.240000,67.000,0.000,0.000,1188.171,3438.752,5.670,7.580,838.550,-349.620,0.705749,"Formel: Rentenwertfaktor = min(1, (Beitragsbasis x Korridor + Bestandsschutz + sonstige Einnahmen) / Referenzausgaben)."
2060,alt,lebenserwartung_gekoppelt_2zu1,ziel_20_prozent,0.200000,70.500,4.259,42.593,954.348,3481.345,5.670,7.580,709.519,-244.829,0.743459,"Formel: Rentenwertfaktor = min(1, (Beitragsbasis x Korridor + Bestandsschutz + sonstige Einnahmen) / Referenzausgaben)."
2060,alt,lebenserwartung_gekoppelt_2zu1,stabil_22_prozent,0.220000,70.500,4.259,42.593,954.348,3481.345,5.670,7.580,779.146,-175.202,0.816417,"Formel: Rentenwertfaktor = min(1, (Beitragsbasis x Korridor + Bestandsschutz + sonstige Einnahmen) / Referenzausgaben)."
2060,alt,lebenserwartung_gekoppelt_2zu1,obergrenze_24_prozent,0.240000,70.500,4.259,42.593,954.348,3481.345,5.670,7.580,848.773,-105.575,0.889374,"Formel: Rentenwertfaktor = min(1, (Beitragsbasis x Korridor + Bestandsschutz + sonstige Einnahmen) / Referenzausgaben)."
2060,alt,daenemarknah,ziel_20_prozent,0.200000,71.333,5.273,47.226,898.676,3485.978,5.670,7.580,710.445,-188.230,0.790547,"Formel: Rentenwertfaktor = min(1, (Beitragsbasis x Korridor + Bestandsschutz + sonstige Einnahmen) / Referenzausgaben)."
2060,alt,daenemarknah,stabil_22_prozent,0.220000,71.333,5.273,47.226,898.676,3485.978,5.670,7.580,780.165,-118.511,0.868127,"Formel: Rentenwertfaktor = min(1, (Beitragsbasis x Korridor + Bestandsschutz + sonstige Einnahmen) / Referenzausgaben)."
2060,alt,daenemarknah,obergrenze_24_prozent,0.240000,71.333,5.273,47.226,898.676,3485.978,5.670,7.580,849.885,-48.791,0.945708,"Formel: Rentenwertfaktor = min(1, (Beitragsbasis x Korridor + Bestandsschutz + sonstige Einnahmen) / Referenzausgaben)."
2061,alt,status_quo_67,ziel_20_prozent,0.200000,67.000,0.000,0.000,1216.376,3504.454,4.954,7.770,713.614,-502.762,0.586672,"Formel: Rentenwertfaktor = min(1, (Beitragsbasis x Korridor + Bestandsschutz + sonstige Einnahmen) / Referenzausgaben)."
2061,alt,status_quo_67,stabil_22_prozent,0.220000,67.000,0.000,0.000,1216.376,3504.454,4.954,7.770,783.703,-432.673,0.644294,"Formel: Rentenwertfaktor = min(1, (Beitragsbasis x Korridor + Bestandsschutz + sonstige Einnahmen) / Referenzausgaben)."
2061,alt,status_quo_67,obergrenze_24_prozent,0.240000,67.000,0.000,0.000,1216.376,3504.454,4.954,7.770,853.792,-362.584,0.701915,"Formel: Rentenwertfaktor = min(1, (Beitragsbasis x Korridor + Bestandsschutz + sonstige Einnahmen) / Referenzausgaben)."
2061,alt,lebenserwartung_gekoppelt_2zu1,ziel_20_prozent,0.200000,70.600,4.384,44.366,970.164,3548.819,4.954,7.770,722.487,-247.676,0.744707,"Formel: Rentenwertfaktor = min(1, (Beitragsbasis x Korridor + Bestandsschutz + sonstige Einnahmen) / Referenzausgaben)."
2061,alt,lebenserwartung_gekoppelt_2zu1,stabil_22_prozent,0.220000,70.600,4.384,44.366,970.164,3548.819,4.954,7.770,793.464,-176.700,0.817866,"Formel: Rentenwertfaktor = min(1, (Beitragsbasis x Korridor + Bestandsschutz + sonstige Einnahmen) / Referenzausgaben)."
2061,alt,lebenserwartung_gekoppelt_2zu1,obergrenze_24_prozent,0.240000,70.600,4.384,44.366,970.164,3548.819,4.954,7.770,864.440,-105.723,0.891025,"Formel: Rentenwertfaktor = min(1, (Beitragsbasis x Korridor + Bestandsschutz + sonstige Einnahmen) / Referenzausgaben)."
2061,alt,daenemarknah,ziel_20_prozent,0.200000,71.400,5.358,48.784,915.450,3553.238,4.954,7.770,723.371,-192.079,0.790181,"Formel: Rentenwertfaktor = min(1, (Beitragsbasis x Korridor + Bestandsschutz + sonstige Einnahmen) / Referenzausgaben)."
2061,alt,daenemarknah,stabil_22_prozent,0.220000,71.400,5.358,48.784,915.450,3553.238,4.954,7.770,794.436,-121.014,0.867809,"Formel: Rentenwertfaktor = min(1, (Beitragsbasis x Korridor + Bestandsschutz + sonstige Einnahmen) / Referenzausgaben)."
2061,alt,daenemarknah,obergrenze_24_prozent,0.240000,71.400,5.358,48.784,915.450,3553.238,4.954,7.770,865.500,-49.949,0.945438,"Formel: Rentenwertfaktor = min(1, (Beitragsbasis x Korridor + Bestandsschutz + sonstige Einnahmen) / Referenzausgaben)."
2062,alt,status_quo_67,ziel_20_prozent,0.200000,67.000,0.000,0.000,1245.250,3571.257,4.358,7.964,726.573,-518.678,0.583475,"Formel: Rentenwertfaktor = min(1, (Beitragsbasis x Korridor + Bestandsschutz + sonstige Einnahmen) / Referenzausgaben)."
2062,alt,status_quo_67,stabil_22_prozent,0.220000,67.000,0.000,0.000,1245.250,3571.257,4.358,7.964,797.998,-447.252,0.640833,"Formel: Rentenwertfaktor = min(1, (Beitragsbasis x Korridor + Bestandsschutz + sonstige Einnahmen) / Referenzausgaben)."
2062,alt,status_quo_67,obergrenze_24_prozent,0.240000,67.000,0.000,0.000,1245.250,3571.257,4.358,7.964,869.423,-375.827,0.698191,"Formel: Rentenwertfaktor = min(1, (Beitragsbasis x Korridor + Bestandsschutz + sonstige Einnahmen) / Referenzausgaben)."
2062,alt,lebenserwartung_gekoppelt_2zu1,ziel_20_prozent,0.200000,70.700,4.509,46.202,986.192,3617.460,4.358,7.964,735.813,-250.378,0.746116,"Formel: Rentenwertfaktor = min(1, (Beitragsbasis x Korridor + Bestandsschutz + sonstige Einnahmen) / Referenzausgaben)."
2062,alt,lebenserwartung_gekoppelt_2zu1,stabil_22_prozent,0.220000,70.700,4.509,46.202,986.192,3617.460,4.358,7.964,808.162,-178.029,0.819478,"Formel: Rentenwertfaktor = min(1, (Beitragsbasis x Korridor + Bestandsschutz + sonstige Einnahmen) / Referenzausgaben)."
2062,alt,lebenserwartung_gekoppelt_2zu1,obergrenze_24_prozent,0.240000,70.700,4.509,46.202,986.192,3617.460,4.358,7.964,880.512,-105.680,0.892840,"Formel: Rentenwertfaktor = min(1, (Beitragsbasis x Korridor + Bestandsschutz + sonstige Einnahmen) / Referenzausgaben)."
2062,alt,daenemarknah,ziel_20_prozent,0.200000,71.467,5.444,50.391,932.513,3621.648,4.358,7.964,736.651,-195.862,0.789963,"Formel: Rentenwertfaktor = min(1, (Beitragsbasis x Korridor + Bestandsschutz + sonstige Einnahmen) / Referenzausgaben)."
2062,alt,daenemarknah,stabil_22_prozent,0.220000,71.467,5.444,50.391,932.513,3621.648,4.358,7.964,809.084,-123.429,0.867638,"Formel: Rentenwertfaktor = min(1, (Beitragsbasis x Korridor + Bestandsschutz + sonstige Einnahmen) / Referenzausgaben)."
2062,alt,daenemarknah,obergrenze_24_prozent,0.240000,71.467,5.444,50.391,932.513,3621.648,4.358,7.964,881.517,-50.996,0.945313,"Formel: Rentenwertfaktor = min(1, (Beitragsbasis x Korridor + Bestandsschutz + sonstige Einnahmen) / Referenzausgaben)."
2063,alt,status_quo_67,ziel_20_prozent,0.200000,67.000,0.000,0.000,1274.809,3639.176,3.863,8.163,739.861,-534.949,0.580370,"Formel: Rentenwertfaktor = min(1, (Beitragsbasis x Korridor + Bestandsschutz + sonstige Einnahmen) / Referenzausgaben)."
2063,alt,status_quo_67,stabil_22_prozent,0.220000,67.000,0.000,0.000,1274.809,3639.176,3.863,8.163,812.644,-462.165,0.637463,"Formel: Rentenwertfaktor = min(1, (Beitragsbasis x Korridor + Bestandsschutz + sonstige Einnahmen) / Referenzausgaben)."
2063,alt,status_quo_67,obergrenze_24_prozent,0.240000,67.000,0.000,0.000,1274.809,3639.176,3.863,8.163,885.428,-389.382,0.694557,"Formel: Rentenwertfaktor = min(1, (Beitragsbasis x Korridor + Bestandsschutz + sonstige Einnahmen) / Referenzausgaben)."
2063,alt,lebenserwartung_gekoppelt_2zu1,ziel_20_prozent,0.200000,70.800,4.634,48.105,1002.434,3687.281,3.863,8.163,749.482,-252.952,0.747662,"Formel: Rentenwertfaktor = min(1, (Beitragsbasis x Korridor + Bestandsschutz + sonstige Einnahmen) / Referenzausgaben)."
2063,alt,lebenserwartung_gekoppelt_2zu1,stabil_22_prozent,0.220000,70.800,4.634,48.105,1002.434,3687.281,3.863,8.163,823.227,-179.206,0.821229,"Formel: Rentenwertfaktor = min(1, (Beitragsbasis x Korridor + Bestandsschutz + sonstige Einnahmen) / Referenzausgaben)."
2063,alt,lebenserwartung_gekoppelt_2zu1,obergrenze_24_prozent,0.240000,70.800,4.634,48.105,1002.434,3687.281,3.863,8.163,896.973,-105.461,0.894795,"Formel: Rentenwertfaktor = min(1, (Beitragsbasis x Korridor + Bestandsschutz + sonstige Einnahmen) / Referenzausgaben)."
2063,alt,daenemarknah,ziel_20_prozent,0.200000,71.533,5.529,52.049,949.870,3691.225,3.863,8.163,750.270,-199.599,0.789866,"Formel: Rentenwertfaktor = min(1, (Beitragsbasis x Korridor + Bestandsschutz + sonstige Einnahmen) / Referenzausgaben)."
2063,alt,daenemarknah,stabil_22_prozent,0.220000,71.533,5.529,52.049,949.870,3691.225,3.863,8.163,824.095,-125.775,0.867587,"Formel: Rentenwertfaktor = min(1, (Beitragsbasis x Korridor + Bestandsschutz + sonstige Einnahmen) / Referenzausgaben)."
2063,alt,daenemarknah,obergrenze_24_prozent,0.240000,71.533,5.529,52.049,949.870,3691.225,3.863,8.163,897.919,-51.950,0.945308,"Formel: Rentenwertfaktor = min(1, (Beitragsbasis x Korridor + Bestandsschutz + sonstige Einnahmen) / Referenzausgaben)."
2064,alt,status_quo_67,ziel_20_prozent,0.200000,67.000,0.000,0.000,1305.069,3708.222,3.452,8.367,753.463,-551.606,0.577336,"Formel: Rentenwertfaktor = min(1, (Beitragsbasis x Korridor + Bestandsschutz + sonstige Einnahmen) / Referenzausgaben)."
2064,alt,status_quo_67,stabil_22_prozent,0.220000,67.000,0.000,0.000,1305.069,3708.222,3.452,8.367,827.628,-477.442,0.634164,"Formel: Rentenwertfaktor = min(1, (Beitragsbasis x Korridor + Bestandsschutz + sonstige Einnahmen) / Referenzausgaben)."
2064,alt,status_quo_67,obergrenze_24_prozent,0.240000,67.000,0.000,0.000,1305.069,3708.222,3.452,8.367,901.792,-403.277,0.690992,"Formel: Rentenwertfaktor = min(1, (Beitragsbasis x Korridor + Bestandsschutz + sonstige Einnahmen) / Referenzausgaben)."
2064,alt,lebenserwartung_gekoppelt_2zu1,ziel_20_prozent,0.200000,70.900,4.760,50.076,1018.890,3758.298,3.452,8.367,763.478,-255.412,0.749323,"Formel: Rentenwertfaktor = min(1, (Beitragsbasis x Korridor + Bestandsschutz + sonstige Einnahmen) / Referenzausgaben)."
2064,alt,lebenserwartung_gekoppelt_2zu1,stabil_22_prozent,0.220000,70.900,4.760,50.076,1018.890,3758.298,3.452,8.367,838.644,-180.246,0.823096,"Formel: Rentenwertfaktor = min(1, (Beitragsbasis x Korridor + Bestandsschutz + sonstige Einnahmen) / Referenzausgaben)."
2064,alt,lebenserwartung_gekoppelt_2zu1,obergrenze_24_prozent,0.240000,70.900,4.760,50.076,1018.890,3758.298,3.452,8.367,913.810,-105.080,0.896868,"Formel: Rentenwertfaktor = min(1, (Beitragsbasis x Korridor + Bestandsschutz + sonstige Einnahmen) / Referenzausgaben)."
2064,alt,daenemarknah,ziel_20_prozent,0.200000,71.600,5.614,53.759,967.525,3761.982,3.452,8.367,764.215,-203.310,0.789866,"Formel: Rentenwertfaktor = min(1, (Beitragsbasis x Korridor + Bestandsschutz + sonstige Einnahmen) / Referenzausgaben)."
2064,alt,daenemarknah,stabil_22_prozent,0.220000,71.600,5.614,53.759,967.525,3761.982,3.452,8.367,839.455,-128.070,0.867631,"Formel: Rentenwertfaktor = min(1, (Beitragsbasis x Korridor + Bestandsschutz + sonstige Einnahmen) / Referenzausgaben)."
2064,alt,daenemarknah,obergrenze_24_prozent,0.240000,71.600,5.614,53.759,967.525,3761.982,3.452,8.367,914.694,-52.831,0.945396,"Formel: Rentenwertfaktor = min(1, (Beitragsbasis x Korridor + Bestandsschutz + sonstige Einnahmen) / Referenzausgaben)."
2065,alt,status_quo_67,ziel_20_prozent,0.200000,67.000,0.000,0.000,1336.047,3778.410,3.109,8.576,767.367,-568.680,0.574356,"Formel: Rentenwertfaktor = min(1, (Beitragsbasis x Korridor + Bestandsschutz + sonstige Einnahmen) / Referenzausgaben)."
2065,alt,status_quo_67,stabil_22_prozent,0.220000,67.000,0.000,0.000,1336.047,3778.410,3.109,8.576,842.935,-493.112,0.630917,"Formel: Rentenwertfaktor = min(1, (Beitragsbasis x Korridor + Bestandsschutz + sonstige Einnahmen) / Referenzausgaben)."
2065,alt,status_quo_67,obergrenze_24_prozent,0.240000,67.000,0.000,0.000,1336.047,3778.410,3.109,8.576,918.504,-417.543,0.687478,"Formel: Rentenwertfaktor = min(1, (Beitragsbasis x Korridor + Bestandsschutz + sonstige Einnahmen) / Referenzausgaben)."
2065,alt,lebenserwartung_gekoppelt_2zu1,ziel_20_prozent,0.200000,71.000,4.885,52.117,1035.563,3830.527,3.109,8.576,777.791,-257.772,0.751080,"Formel: Rentenwertfaktor = min(1, (Beitragsbasis x Korridor + Bestandsschutz + sonstige Einnahmen) / Referenzausgaben)."
2065,alt,lebenserwartung_gekoppelt_2zu1,stabil_22_prozent,0.220000,71.000,4.885,52.117,1035.563,3830.527,3.109,8.576,854.401,-181.162,0.825060,"Formel: Rentenwertfaktor = min(1, (Beitragsbasis x Korridor + Bestandsschutz + sonstige Einnahmen) / Referenzausgaben)."
2065,alt,lebenserwartung_gekoppelt_2zu1,obergrenze_24_prozent,0.240000,71.000,4.885,52.117,1035.563,3830.527,3.109,8.576,931.012,-104.551,0.899039,"Formel: Rentenwertfaktor = min(1, (Beitragsbasis x Korridor + Bestandsschutz + sonstige Einnahmen) / Referenzausgaben)."
2065,alt,daenemarknah,ziel_20_prozent,0.200000,71.667,5.700,55.524,985.482,3833.934,3.109,8.576,778.472,-207.010,0.789940,"Formel: Rentenwertfaktor = min(1, (Beitragsbasis x Korridor + Bestandsschutz + sonstige Einnahmen) / Referenzausgaben)."
2065,alt,daenemarknah,stabil_22_prozent,0.220000,71.667,5.700,55.524,985.482,3833.934,3.109,8.576,855.151,-130.332,0.867748,"Formel: Rentenwertfaktor = min(1, (Beitragsbasis x Korridor + Bestandsschutz + sonstige Einnahmen) / Referenzausgaben)."
2065,alt,daenemarknah,obergrenze_24_prozent,0.240000,71.667,5.700,55.524,985.482,3833.934,3.109,8.576,931.829,-53.653,0.945557,"Formel: Rentenwertfaktor = min(1, (Beitragsbasis x Korridor + Bestandsschutz + sonstige Einnahmen) / Referenzausgaben)."
2066,alt,status_quo_67,ziel_20_prozent,0.200000,67.000,0.000,0.000,1367.759,3849.752,2.821,8.790,781.562,-586.197,0.571418,"Formel: Rentenwertfaktor = min(1, (Beitragsbasis x Korridor + Bestandsschutz + sonstige Einnahmen) / Referenzausgaben)."
2066,alt,status_quo_67,stabil_22_prozent,0.220000,67.000,0.000,0.000,1367.759,3849.752,2.821,8.790,858.557,-509.202,0.627711,"Formel: Rentenwertfaktor = min(1, (Beitragsbasis x Korridor + Bestandsschutz + sonstige Einnahmen) / Referenzausgaben)."
2066,alt,status_quo_67,obergrenze_24_prozent,0.240000,67.000,0.000,0.000,1367.759,3849.752,2.821,8.790,935.552,-432.207,0.684003,"Formel: Rentenwertfaktor = min(1, (Beitragsbasis x Korridor + Bestandsschutz + sonstige Einnahmen) / Referenzausgaben)."
2066,alt,lebenserwartung_gekoppelt_2zu1,ziel_20_prozent,0.200000,71.100,5.011,54.022,1052.453,3903.774,2.821,8.790,792.366,-260.086,0.752876,"Formel: Rentenwertfaktor = min(1, (Beitragsbasis x Korridor + Bestandsschutz + sonstige Einnahmen) / Referenzausgaben)."
2066,alt,lebenserwartung_gekoppelt_2zu1,stabil_22_prozent,0.220000,71.100,5.011,54.022,1052.453,3903.774,2.821,8.790,870.442,-182.011,0.827060,"Formel: Rentenwertfaktor = min(1, (Beitragsbasis x Korridor + Bestandsschutz + sonstige Einnahmen) / Referenzausgaben)."
2066,alt,lebenserwartung_gekoppelt_2zu1,obergrenze_24_prozent,0.240000,71.100,5.011,54.022,1052.453,3903.774,2.821,8.790,948.517,-103.935,0.901245,"Formel: Rentenwertfaktor = min(1, (Beitragsbasis x Korridor + Bestandsschutz + sonstige Einnahmen) / Referenzausgaben)."
2066,alt,daenemarknah,ziel_20_prozent,0.200000,71.733,5.785,57.344,1003.747,3907.095,2.821,8.790,793.031,-210.716,0.790071,"Formel: Rentenwertfaktor = min(1, (Beitragsbasis x Korridor + Bestandsschutz + sonstige Einnahmen) / Referenzausgaben)."
2066,alt,daenemarknah,stabil_22_prozent,0.220000,71.733,5.785,57.344,1003.747,3907.095,2.821,8.790,871.173,-132.574,0.867921,"Formel: Rentenwertfaktor = min(1, (Beitragsbasis x Korridor + Bestandsschutz + sonstige Einnahmen) / Referenzausgaben)."
2066,alt,daenemarknah,obergrenze_24_prozent,0.240000,71.733,5.785,57.344,1003.747,3907.095,2.821,8.790,949.314,-54.432,0.945771,"Formel: Rentenwertfaktor = min(1, (Beitragsbasis x Korridor + Bestandsschutz + sonstige Einnahmen) / Referenzausgaben)."
2067,alt,status_quo_67,ziel_20_prozent,0.200000,67.000,0.000,0.000,1400.224,3922.260,2.576,9.010,796.039,-604.185,0.568508,"Formel: Rentenwertfaktor = min(1, (Beitragsbasis x Korridor + Bestandsschutz + sonstige Einnahmen) / Referenzausgaben)."
2067,alt,status_quo_67,stabil_22_prozent,0.220000,67.000,0.000,0.000,1400.224,3922.260,2.576,9.010,874.484,-525.740,0.624532,"Formel: Rentenwertfaktor = min(1, (Beitragsbasis x Korridor + Bestandsschutz + sonstige Einnahmen) / Referenzausgaben)."
2067,alt,status_quo_67,obergrenze_24_prozent,0.240000,67.000,0.000,0.000,1400.224,3922.260,2.576,9.010,952.929,-447.295,0.680555,"Formel: Rentenwertfaktor = min(1, (Beitragsbasis x Korridor + Bestandsschutz + sonstige Einnahmen) / Referenzausgaben)."
2067,alt,lebenserwartung_gekoppelt_2zu1,ziel_20_prozent,0.200000,71.200,5.137,55.991,1069.560,3978.251,2.576,9.010,807.237,-262.323,0.754737,"Formel: Rentenwertfaktor = min(1, (Beitragsbasis x Korridor + Bestandsschutz + sonstige Einnahmen) / Referenzausgaben)."
2067,alt,lebenserwartung_gekoppelt_2zu1,stabil_22_prozent,0.220000,71.200,5.137,55.991,1069.560,3978.251,2.576,9.010,886.802,-182.758,0.829128,"Formel: Rentenwertfaktor = min(1, (Beitragsbasis x Korridor + Bestandsschutz + sonstige Einnahmen) / Referenzausgaben)."
2067,alt,lebenserwartung_gekoppelt_2zu1,obergrenze_24_prozent,0.240000,71.200,5.137,55.991,1069.560,3978.251,2.576,9.010,966.367,-103.193,0.903518,"Formel: Rentenwertfaktor = min(1, (Beitragsbasis x Korridor + Bestandsschutz + sonstige Einnahmen) / Referenzausgaben)."
2067,alt,daenemarknah,ziel_20_prozent,0.200000,71.800,5.871,59.221,1022.322,3981.481,2.576,9.010,807.883,-214.439,0.790243,"Formel: Rentenwertfaktor = min(1, (Beitragsbasis x Korridor + Bestandsschutz + sonstige Einnahmen) / Referenzausgaben)."
2067,alt,daenemarknah,stabil_22_prozent,0.220000,71.800,5.871,59.221,1022.322,3981.481,2.576,9.010,887.512,-134.810,0.868134,"Formel: Rentenwertfaktor = min(1, (Beitragsbasis x Korridor + Bestandsschutz + sonstige Einnahmen) / Referenzausgaben)."
2067,alt,daenemarknah,obergrenze_24_prozent,0.240000,71.800,5.871,59.221,1022.322,3981.481,2.576,9.010,967.142,-55.180,0.946025,"Formel: Rentenwertfaktor = min(1, (Beitragsbasis x Korridor + Bestandsschutz + sonstige Einnahmen) / Referenzausgaben)."
2068,alt,status_quo_67,ziel_20_prozent,0.200000,67.000,0.000,0.000,1433.458,3995.948,2.366,9.236,810.791,-622.666,0.565619,"Formel: Rentenwertfaktor = min(1, (Beitragsbasis x Korridor + Bestandsschutz + sonstige Einnahmen) / Referenzausgaben)."
2068,alt,status_quo_67,stabil_22_prozent,0.220000,67.000,0.000,0.000,1433.458,3995.948,2.366,9.236,890.710,-542.747,0.621372,"Formel: Rentenwertfaktor = min(1, (Beitragsbasis x Korridor + Bestandsschutz + sonstige Einnahmen) / Referenzausgaben)."
2068,alt,status_quo_67,obergrenze_24_prozent,0.240000,67.000,0.000,0.000,1433.458,3995.948,2.366,9.236,970.629,-462.828,0.677124,"Formel: Rentenwertfaktor = min(1, (Beitragsbasis x Korridor + Bestandsschutz + sonstige Einnahmen) / Referenzausgaben)."
2068,alt,lebenserwartung_gekoppelt_2zu1,ziel_20_prozent,0.200000,71.300,5.263,58.026,1086.886,4053.975,2.366,9.236,822.396,-264.490,0.756654,"Formel: Rentenwertfaktor = min(1, (Beitragsbasis x Korridor + Bestandsschutz + sonstige Einnahmen) / Referenzausgaben)."
2068,alt,lebenserwartung_gekoppelt_2zu1,stabil_22_prozent,0.220000,71.300,5.263,58.026,1086.886,4053.975,2.366,9.236,903.476,-183.410,0.831252,"Formel: Rentenwertfaktor = min(1, (Beitragsbasis x Korridor + Bestandsschutz + sonstige Einnahmen) / Referenzausgaben)."
2068,alt,lebenserwartung_gekoppelt_2zu1,obergrenze_24_prozent,0.240000,71.300,5.263,58.026,1086.886,4053.975,2.366,9.236,984.555,-102.331,0.905850,"Formel: Rentenwertfaktor = min(1, (Beitragsbasis x Korridor + Bestandsschutz + sonstige Einnahmen) / Referenzausgaben)."
2068,alt,daenemarknah,ziel_20_prozent,0.200000,71.867,5.957,61.158,1041.214,4057.106,2.366,9.236,823.023,-218.191,0.790446,"Formel: Rentenwertfaktor = min(1, (Beitragsbasis x Korridor + Bestandsschutz + sonstige Einnahmen) / Referenzausgaben)."
2068,alt,daenemarknah,stabil_22_prozent,0.220000,71.867,5.957,61.158,1041.214,4057.106,2.366,9.236,904.165,-137.049,0.868376,"Formel: Rentenwertfaktor = min(1, (Beitragsbasis x Korridor + Bestandsschutz + sonstige Einnahmen) / Referenzausgaben)."
2068,alt,daenemarknah,obergrenze_24_prozent,0.240000,71.867,5.957,61.158,1041.214,4057.106,2.366,9.236,985.307,-55.907,0.946306,"Formel: Rentenwertfaktor = min(1, (Beitragsbasis x Korridor + Bestandsschutz + sonstige Einnahmen) / Referenzausgaben)."
2069,alt,status_quo_67,ziel_20_prozent,0.200000,67.000,0.000,0.000,1467.480,4070.829,2.184,9.466,825.816,-641.664,0.562744,"Formel: Rentenwertfaktor = min(1, (Beitragsbasis x Korridor + Bestandsschutz + sonstige Einnahmen) / Referenzausgaben)."
2069,alt,status_quo_67,stabil_22_prozent,0.220000,67.000,0.000,0.000,1467.480,4070.829,2.184,9.466,907.232,-560.247,0.618225,"Formel: Rentenwertfaktor = min(1, (Beitragsbasis x Korridor + Bestandsschutz + sonstige Einnahmen) / Referenzausgaben)."
2069,alt,status_quo_67,obergrenze_24_prozent,0.240000,67.000,0.000,0.000,1467.480,4070.829,2.184,9.466,988.649,-478.831,0.673705,"Formel: Rentenwertfaktor = min(1, (Beitragsbasis x Korridor + Bestandsschutz + sonstige Einnahmen) / Referenzausgaben)."
2069,alt,lebenserwartung_gekoppelt_2zu1,ziel_20_prozent,0.200000,71.400,5.389,60.130,1104.431,4130.959,2.184,9.466,837.842,-266.589,0.758618,"Formel: Rentenwertfaktor = min(1, (Beitragsbasis x Korridor + Bestandsschutz + sonstige Einnahmen) / Referenzausgaben)."
2069,alt,lebenserwartung_gekoppelt_2zu1,stabil_22_prozent,0.220000,71.400,5.389,60.130,1104.431,4130.959,2.184,9.466,920.461,-183.970,0.833425,"Formel: Rentenwertfaktor = min(1, (Beitragsbasis x Korridor + Bestandsschutz + sonstige Einnahmen) / Referenzausgaben)."
2069,alt,lebenserwartung_gekoppelt_2zu1,obergrenze_24_prozent,0.240000,71.400,5.389,60.130,1104.431,4130.959,2.184,9.466,1003.080,-101.351,0.908232,"Formel: Rentenwertfaktor = min(1, (Beitragsbasis x Korridor + Bestandsschutz + sonstige Einnahmen) / Referenzausgaben)."
2069,alt,daenemarknah,ziel_20_prozent,0.200000,71.933,6.043,63.156,1060.425,4133.985,2.184,9.466,838.447,-221.979,0.790670,"Formel: Rentenwertfaktor = min(1, (Beitragsbasis x Korridor + Bestandsschutz + sonstige Einnahmen) / Referenzausgaben)."
2069,alt,daenemarknah,stabil_22_prozent,0.220000,71.933,6.043,63.156,1060.425,4133.985,2.184,9.466,921.127,-139.299,0.868639,"Formel: Rentenwertfaktor = min(1, (Beitragsbasis x Korridor + Bestandsschutz + sonstige Einnahmen) / Referenzausgaben)."
2069,alt,daenemarknah,obergrenze_24_prozent,0.240000,71.933,6.043,63.156,1060.425,4133.985,2.184,9.466,1003.806,-56.619,0.946607,"Formel: Rentenwertfaktor = min(1, (Beitragsbasis x Korridor + Bestandsschutz + sonstige Einnahmen) / Referenzausgaben)."
2070,alt,status_quo_67,ziel_20_prozent,0.200000,67.000,0.000,0.000,1502.308,4146.915,2.024,9.703,841.110,-661.198,0.559878,"Formel: Rentenwertfaktor = min(1, (Beitragsbasis x Korridor + Bestandsschutz + sonstige Einnahmen) / Referenzausgaben)."
2070,alt,status_quo_67,stabil_22_prozent,0.220000,67.000,0.000,0.000,1502.308,4146.915,2.024,9.703,924.048,-578.260,0.615086,"Formel: Rentenwertfaktor = min(1, (Beitragsbasis x Korridor + Bestandsschutz + sonstige Einnahmen) / Referenzausgaben)."
2070,alt,status_quo_67,obergrenze_24_prozent,0.240000,67.000,0.000,0.000,1502.308,4146.915,2.024,9.703,1006.987,-495.322,0.670293,"Formel: Rentenwertfaktor = min(1, (Beitragsbasis x Korridor + Bestandsschutz + sonstige Einnahmen) / Referenzausgaben)."
2070,alt,lebenserwartung_gekoppelt_2zu1,ziel_20_prozent,0.200000,71.500,5.516,62.305,1122.197,4209.220,2.024,9.703,853.571,-268.626,0.760625,"Formel: Rentenwertfaktor = min(1, (Beitragsbasis x Korridor + Bestandsschutz + sonstige Einnahmen) / Referenzausgaben)."
2070,alt,lebenserwartung_gekoppelt_2zu1,stabil_22_prozent,0.220000,71.500,5.516,62.305,1122.197,4209.220,2.024,9.703,937.755,-184.441,0.835643,"Formel: Rentenwertfaktor = min(1, (Beitragsbasis x Korridor + Bestandsschutz + sonstige Einnahmen) / Referenzausgaben)."
2070,alt,lebenserwartung_gekoppelt_2zu1,obergrenze_24_prozent,0.240000,71.500,5.516,62.305,1122.197,4209.220,2.024,9.703,1021.940,-100.257,0.910660,"Formel: Rentenwertfaktor = min(1, (Beitragsbasis x Korridor + Bestandsschutz + sonstige Einnahmen) / Referenzausgaben)."
2070,alt,daenemarknah,ziel_20_prozent,0.200000,72.000,6.129,65.216,1079.962,4212.131,2.024,9.703,854.153,-225.809,0.790910,"Formel: Rentenwertfaktor = min(1, (Beitragsbasis x Korridor + Bestandsschutz + sonstige Einnahmen) / Referenzausgaben)."
2070,alt,daenemarknah,stabil_22_prozent,0.220000,72.000,6.129,65.216,1079.962,4212.131,2.024,9.703,938.396,-141.566,0.868916,"Formel: Rentenwertfaktor = min(1, (Beitragsbasis x Korridor + Bestandsschutz + sonstige Einnahmen) / Referenzausgaben)."
2070,alt,daenemarknah,obergrenze_24_prozent,0.240000,72.000,6.129,65.216,1079.962,4212.131,2.024,9.703,1022.638,-57.324,0.946921,"Formel: Rentenwertfaktor = min(1, (Beitragsbasis x Korridor + Bestandsschutz + sonstige Einnahmen) / Referenzausgaben)."
