jahr,szenario,korridor,beitragssatz_obergrenze,referenzausgaben_mrd_euro,beitragsbasis_status_quo_mrd_euro,zusatzbasis_erwerbstaetige_mrd_euro,beitragsbasis_reform_mrd_euro,beitragseinnahmen_mrd_euro,bestandsschutz_zuschuss_mrd_euro,sonstige_einnahmen_mrd_euro,leistbares_ausgabenvolumen_mrd_euro,finanzierungsluecke_vs_referenz_mrd_euro,leistungsfaktor_vs_referenz,notiz
2027,jung,ziel_20_prozent,0.200000,431.952,1789.493,0.000,1789.493,357.899,99.104,3.356,460.358,-28.407,1.065764,"Maximal leistbares Rentenvolumen bei stabiler Beitragssatz-Obergrenze, Erwerbstaetigenbasis und abschmelzendem Bestandsschutz-Zuschuss."
2027,jung,stabil_22_prozent,0.220000,431.952,1789.493,0.000,1789.493,393.688,99.104,3.356,496.148,-64.197,1.148620,"Maximal leistbares Rentenvolumen bei stabiler Beitragssatz-Obergrenze, Erwerbstaetigenbasis und abschmelzendem Bestandsschutz-Zuschuss."
2027,jung,obergrenze_24_prozent,0.240000,431.952,1789.493,0.000,1789.493,429.478,99.104,3.356,531.938,-99.986,1.231476,"Maximal leistbares Rentenvolumen bei stabiler Beitragssatz-Obergrenze, Erwerbstaetigenbasis und abschmelzendem Bestandsschutz-Zuschuss."
2028,jung,ziel_20_prozent,0.200000,450.516,1825.074,0.000,1825.074,365.015,103.363,3.440,471.818,-21.302,1.047283,"Maximal leistbares Rentenvolumen bei stabiler Beitragssatz-Obergrenze, Erwerbstaetigenbasis und abschmelzendem Bestandsschutz-Zuschuss."
2028,jung,stabil_22_prozent,0.220000,450.516,1825.074,0.000,1825.074,401.516,103.363,3.440,508.319,-57.803,1.128304,"Maximal leistbares Rentenvolumen bei stabiler Beitragssatz-Obergrenze, Erwerbstaetigenbasis und abschmelzendem Bestandsschutz-Zuschuss."
2028,jung,obergrenze_24_prozent,0.240000,450.516,1825.074,0.000,1825.074,438.018,103.363,3.440,544.820,-94.305,1.209326,"Maximal leistbares Rentenvolumen bei stabiler Beitragssatz-Obergrenze, Erwerbstaetigenbasis und abschmelzendem Bestandsschutz-Zuschuss."
2029,jung,ziel_20_prozent,0.200000,469.781,1861.315,0.000,1861.315,372.263,107.783,3.526,483.572,-13.791,1.029355,"Maximal leistbares Rentenvolumen bei stabiler Beitragssatz-Obergrenze, Erwerbstaetigenbasis und abschmelzendem Bestandsschutz-Zuschuss."
2029,jung,stabil_22_prozent,0.220000,469.781,1861.315,0.000,1861.315,409.489,107.783,3.526,520.798,-51.017,1.108597,"Maximal leistbares Rentenvolumen bei stabiler Beitragssatz-Obergrenze, Erwerbstaetigenbasis und abschmelzendem Bestandsschutz-Zuschuss."
2029,jung,obergrenze_24_prozent,0.240000,469.781,1861.315,0.000,1861.315,446.716,107.783,3.526,558.024,-88.243,1.187839,"Maximal leistbares Rentenvolumen bei stabiler Beitragssatz-Obergrenze, Erwerbstaetigenbasis und abschmelzendem Bestandsschutz-Zuschuss."
2030,jung,ziel_20_prozent,0.200000,489.772,1898.227,19.101,1917.328,383.466,97.858,3.614,484.937,4.835,0.990128,"Maximal leistbares Rentenvolumen bei stabiler Beitragssatz-Obergrenze, Erwerbstaetigenbasis und abschmelzendem Bestandsschutz-Zuschuss."
2030,jung,stabil_22_prozent,0.220000,489.772,1898.227,19.101,1917.328,421.812,97.858,3.614,523.284,-33.511,1.068423,"Maximal leistbares Rentenvolumen bei stabiler Beitragssatz-Obergrenze, Erwerbstaetigenbasis und abschmelzendem Bestandsschutz-Zuschuss."
2030,jung,obergrenze_24_prozent,0.240000,489.772,1898.227,19.101,1917.328,460.159,97.858,3.614,561.630,-71.858,1.146717,"Maximal leistbares Rentenvolumen bei stabiler Beitragssatz-Obergrenze, Erwerbstaetigenbasis und abschmelzendem Bestandsschutz-Zuschuss."
2031,jung,ziel_20_prozent,0.200000,510.515,1935.822,38.958,1974.780,394.956,93.199,3.704,491.859,18.655,0.963458,"Maximal leistbares Rentenvolumen bei stabiler Beitragssatz-Obergrenze, Erwerbstaetigenbasis und abschmelzendem Bestandsschutz-Zuschuss."
2031,jung,stabil_22_prozent,0.220000,510.515,1935.822,38.958,1974.780,434.452,93.199,3.704,531.355,-20.840,1.040822,"Maximal leistbares Rentenvolumen bei stabiler Beitragssatz-Obergrenze, Erwerbstaetigenbasis und abschmelzendem Bestandsschutz-Zuschuss."
2031,jung,obergrenze_24_prozent,0.240000,510.515,1935.822,38.958,1974.780,473.947,93.199,3.704,570.851,-60.336,1.118186,"Maximal leistbares Rentenvolumen bei stabiler Beitragssatz-Obergrenze, Erwerbstaetigenbasis und abschmelzendem Bestandsschutz-Zuschuss."
2032,jung,ziel_20_prozent,0.200000,532.034,1974.110,59.593,2033.703,406.741,88.574,3.797,499.112,32.923,0.938119,"Maximal leistbares Rentenvolumen bei stabiler Beitragssatz-Obergrenze, Erwerbstaetigenbasis und abschmelzendem Bestandsschutz-Zuschuss."
2032,jung,stabil_22_prozent,0.220000,532.034,1974.110,59.593,2033.703,447.415,88.574,3.797,539.786,-7.751,1.014569,"Maximal leistbares Rentenvolumen bei stabiler Beitragssatz-Obergrenze, Erwerbstaetigenbasis und abschmelzendem Bestandsschutz-Zuschuss."
2032,jung,obergrenze_24_prozent,0.240000,532.034,1974.110,59.593,2033.703,488.089,88.574,3.797,580.460,-48.425,1.091019,"Maximal leistbares Rentenvolumen bei stabiler Beitragssatz-Obergrenze, Erwerbstaetigenbasis und abschmelzendem Bestandsschutz-Zuschuss."
2033,jung,ziel_20_prozent,0.200000,554.359,2013.103,81.027,2094.130,418.826,83.992,3.892,506.710,47.650,0.914046,"Maximal leistbares Rentenvolumen bei stabiler Beitragssatz-Obergrenze, Erwerbstaetigenbasis und abschmelzendem Bestandsschutz-Zuschuss."
2033,jung,stabil_22_prozent,0.220000,554.359,2013.103,81.027,2094.130,460.709,83.992,3.892,548.592,5.767,0.989597,"Maximal leistbares Rentenvolumen bei stabiler Beitragssatz-Obergrenze, Erwerbstaetigenbasis und abschmelzendem Bestandsschutz-Zuschuss."
2033,jung,obergrenze_24_prozent,0.240000,554.359,2013.103,81.027,2094.130,502.591,83.992,3.892,590.475,-36.116,1.065148,"Maximal leistbares Rentenvolumen bei stabiler Beitragssatz-Obergrenze, Erwerbstaetigenbasis und abschmelzendem Bestandsschutz-Zuschuss."
2034,jung,ziel_20_prozent,0.200000,577.517,2052.812,103.281,2156.093,431.219,79.464,3.989,514.672,62.845,0.891180,"Maximal leistbares Rentenvolumen bei stabiler Beitragssatz-Obergrenze, Erwerbstaetigenbasis und abschmelzendem Bestandsschutz-Zuschuss."
2034,jung,stabil_22_prozent,0.220000,577.517,2052.812,103.281,2156.093,474.340,79.464,3.989,557.793,19.724,0.965848,"Maximal leistbares Rentenvolumen bei stabiler Beitragssatz-Obergrenze, Erwerbstaetigenbasis und abschmelzendem Bestandsschutz-Zuschuss."
2034,jung,obergrenze_24_prozent,0.240000,577.517,2052.812,103.281,2156.093,517.462,79.464,3.989,600.915,-23.398,1.040515,"Maximal leistbares Rentenvolumen bei stabiler Beitragssatz-Obergrenze, Erwerbstaetigenbasis und abschmelzendem Bestandsschutz-Zuschuss."
2035,jung,ziel_20_prozent,0.200000,601.537,2093.247,126.379,2219.626,443.925,75.003,4.089,523.017,78.520,0.869468,"Maximal leistbares Rentenvolumen bei stabiler Beitragssatz-Obergrenze, Erwerbstaetigenbasis und abschmelzendem Bestandsschutz-Zuschuss."
2035,jung,stabil_22_prozent,0.220000,601.537,2093.247,126.379,2219.626,488.318,75.003,4.089,567.410,34.127,0.943267,"Maximal leistbares Rentenvolumen bei stabiler Beitragssatz-Obergrenze, Erwerbstaetigenbasis und abschmelzendem Bestandsschutz-Zuschuss."
2035,jung,obergrenze_24_prozent,0.240000,601.537,2093.247,126.379,2219.626,532.710,75.003,4.089,611.802,-10.265,1.017065,"Maximal leistbares Rentenvolumen bei stabiler Beitragssatz-Obergrenze, Erwerbstaetigenbasis und abschmelzendem Bestandsschutz-Zuschuss."
2036,jung,ziel_20_prozent,0.200000,626.449,2134.422,130.716,2265.137,453.027,70.625,4.191,527.843,98.606,0.842595,"Maximal leistbares Rentenvolumen bei stabiler Beitragssatz-Obergrenze, Erwerbstaetigenbasis und abschmelzendem Bestandsschutz-Zuschuss."
2036,jung,stabil_22_prozent,0.220000,626.449,2134.422,130.716,2265.137,498.330,70.625,4.191,573.146,53.304,0.914911,"Maximal leistbares Rentenvolumen bei stabiler Beitragssatz-Obergrenze, Erwerbstaetigenbasis und abschmelzendem Bestandsschutz-Zuschuss."
2036,jung,obergrenze_24_prozent,0.240000,626.449,2134.422,130.716,2265.137,543.633,70.625,4.191,618.448,8.001,0.987228,"Maximal leistbares Rentenvolumen bei stabiler Beitragssatz-Obergrenze, Erwerbstaetigenbasis und abschmelzendem Bestandsschutz-Zuschuss."
2037,jung,ziel_20_prozent,0.200000,652.285,2176.347,135.170,2311.517,462.303,66.341,4.296,532.940,119.345,0.817036,"Maximal leistbares Rentenvolumen bei stabiler Beitragssatz-Obergrenze, Erwerbstaetigenbasis und abschmelzendem Bestandsschutz-Zuschuss."
2037,jung,stabil_22_prozent,0.220000,652.285,2176.347,135.170,2311.517,508.534,66.341,4.296,579.170,73.115,0.887910,"Maximal leistbares Rentenvolumen bei stabiler Beitragssatz-Obergrenze, Erwerbstaetigenbasis und abschmelzendem Bestandsschutz-Zuschuss."
2037,jung,obergrenze_24_prozent,0.240000,652.285,2176.347,135.170,2311.517,554.764,66.341,4.296,625.401,26.884,0.958785,"Maximal leistbares Rentenvolumen bei stabiler Beitragssatz-Obergrenze, Erwerbstaetigenbasis und abschmelzendem Bestandsschutz-Zuschuss."
2038,jung,ziel_20_prozent,0.200000,679.077,2219.034,139.746,2358.780,471.756,62.165,4.403,538.324,140.752,0.792730,"Maximal leistbares Rentenvolumen bei stabiler Beitragssatz-Obergrenze, Erwerbstaetigenbasis und abschmelzendem Bestandsschutz-Zuschuss."
2038,jung,stabil_22_prozent,0.220000,679.077,2219.034,139.746,2358.780,518.932,62.165,4.403,585.500,93.577,0.862200,"Maximal leistbares Rentenvolumen bei stabiler Beitragssatz-Obergrenze, Erwerbstaetigenbasis und abschmelzendem Bestandsschutz-Zuschuss."
2038,jung,obergrenze_24_prozent,0.240000,679.077,2219.034,139.746,2358.780,566.107,62.165,4.403,632.676,46.401,0.931670,"Maximal leistbares Rentenvolumen bei stabiler Beitragssatz-Obergrenze, Erwerbstaetigenbasis und abschmelzendem Bestandsschutz-Zuschuss."
2039,jung,ziel_20_prozent,0.200000,697.665,2270.970,144.986,2415.956,483.191,58.108,4.513,545.812,151.853,0.782341,"Maximal leistbares Rentenvolumen bei stabiler Beitragssatz-Obergrenze, Erwerbstaetigenbasis und abschmelzendem Bestandsschutz-Zuschuss."
2039,jung,stabil_22_prozent,0.220000,697.665,2270.970,144.986,2415.956,531.510,58.108,4.513,594.131,103.534,0.851600,"Maximal leistbares Rentenvolumen bei stabiler Beitragssatz-Obergrenze, Erwerbstaetigenbasis und abschmelzendem Bestandsschutz-Zuschuss."
2039,jung,obergrenze_24_prozent,0.240000,697.665,2270.970,144.986,2415.956,579.829,58.108,4.513,642.450,55.215,0.920858,"Maximal leistbares Rentenvolumen bei stabiler Beitragssatz-Obergrenze, Erwerbstaetigenbasis und abschmelzendem Bestandsschutz-Zuschuss."
2040,jung,ziel_20_prozent,0.200000,713.276,2324.116,150.395,2474.510,494.902,54.176,4.626,553.704,159.572,0.776282,"Maximal leistbares Rentenvolumen bei stabiler Beitragssatz-Obergrenze, Erwerbstaetigenbasis und abschmelzendem Bestandsschutz-Zuschuss."
2040,jung,stabil_22_prozent,0.220000,713.276,2324.116,150.395,2474.510,544.392,54.176,4.626,603.194,110.082,0.845667,"Maximal leistbares Rentenvolumen bei stabiler Beitragssatz-Obergrenze, Erwerbstaetigenbasis und abschmelzendem Bestandsschutz-Zuschuss."
2040,jung,obergrenze_24_prozent,0.240000,713.276,2324.116,150.395,2474.510,593.882,54.176,4.626,652.684,60.592,0.915051,"Maximal leistbares Rentenvolumen bei stabiler Beitragssatz-Obergrenze, Erwerbstaetigenbasis und abschmelzendem Bestandsschutz-Zuschuss."
2041,jung,ziel_20_prozent,0.200000,729.236,2378.499,155.976,2534.476,506.895,50.374,4.742,562.010,167.225,0.770684,"Maximal leistbares Rentenvolumen bei stabiler Beitragssatz-Obergrenze, Erwerbstaetigenbasis und abschmelzendem Bestandsschutz-Zuschuss."
2041,jung,stabil_22_prozent,0.220000,729.236,2378.499,155.976,2534.476,557.585,50.374,4.742,612.700,116.536,0.840195,"Maximal leistbares Rentenvolumen bei stabiler Beitragssatz-Obergrenze, Erwerbstaetigenbasis und abschmelzendem Bestandsschutz-Zuschuss."
2041,jung,obergrenze_24_prozent,0.240000,729.236,2378.499,155.976,2534.476,608.274,50.374,4.742,663.389,65.846,0.909705,"Maximal leistbares Rentenvolumen bei stabiler Beitragssatz-Obergrenze, Erwerbstaetigenbasis und abschmelzendem Bestandsschutz-Zuschuss."
2042,jung,ziel_20_prozent,0.200000,745.552,2434.149,161.737,2595.886,519.177,46.704,4.860,570.741,174.812,0.765527,"Maximal leistbares Rentenvolumen bei stabiler Beitragssatz-Obergrenze, Erwerbstaetigenbasis und abschmelzendem Bestandsschutz-Zuschuss."
2042,jung,stabil_22_prozent,0.220000,745.552,2434.149,161.737,2595.886,571.095,46.704,4.860,622.659,122.894,0.835164,"Maximal leistbares Rentenvolumen bei stabiler Beitragssatz-Obergrenze, Erwerbstaetigenbasis und abschmelzendem Bestandsschutz-Zuschuss."
2042,jung,obergrenze_24_prozent,0.240000,745.552,2434.149,161.737,2595.886,623.013,46.704,4.860,674.576,70.976,0.904801,"Maximal leistbares Rentenvolumen bei stabiler Beitragssatz-Obergrenze, Erwerbstaetigenbasis und abschmelzendem Bestandsschutz-Zuschuss."
2043,jung,ziel_20_prozent,0.200000,762.234,2491.096,167.681,2658.776,531.755,43.166,4.982,579.903,182.331,0.760794,"Maximal leistbares Rentenvolumen bei stabiler Beitragssatz-Obergrenze, Erwerbstaetigenbasis und abschmelzendem Bestandsschutz-Zuschuss."
2043,jung,stabil_22_prozent,0.220000,762.234,2491.096,167.681,2658.776,584.931,43.166,4.982,633.078,129.156,0.830556,"Maximal leistbares Rentenvolumen bei stabiler Beitragssatz-Obergrenze, Erwerbstaetigenbasis und abschmelzendem Bestandsschutz-Zuschuss."
2043,jung,obergrenze_24_prozent,0.240000,762.234,2491.096,167.681,2658.776,638.106,43.166,4.982,686.254,75.980,0.900319,"Maximal leistbares Rentenvolumen bei stabiler Beitragssatz-Obergrenze, Erwerbstaetigenbasis und abschmelzendem Bestandsschutz-Zuschuss."
2044,jung,ziel_20_prozent,0.200000,779.288,2549.368,173.814,2723.182,544.636,39.759,5.106,589.502,189.787,0.756462,"Maximal leistbares Rentenvolumen bei stabiler Beitragssatz-Obergrenze, Erwerbstaetigenbasis und abschmelzendem Bestandsschutz-Zuschuss."
2044,jung,stabil_22_prozent,0.220000,779.288,2549.368,173.814,2723.182,599.100,39.759,5.106,643.966,135.323,0.826351,"Maximal leistbares Rentenvolumen bei stabiler Beitragssatz-Obergrenze, Erwerbstaetigenbasis und abschmelzendem Bestandsschutz-Zuschuss."
2044,jung,obergrenze_24_prozent,0.240000,779.288,2549.368,173.814,2723.182,653.564,39.759,5.106,698.429,80.859,0.896240,"Maximal leistbares Rentenvolumen bei stabiler Beitragssatz-Obergrenze, Erwerbstaetigenbasis und abschmelzendem Bestandsschutz-Zuschuss."
2045,jung,ziel_20_prozent,0.200000,796.724,2608.997,180.142,2789.139,557.828,36.483,5.234,599.544,197.180,0.752512,"Maximal leistbares Rentenvolumen bei stabiler Beitragssatz-Obergrenze, Erwerbstaetigenbasis und abschmelzendem Bestandsschutz-Zuschuss."
2045,jung,stabil_22_prozent,0.220000,796.724,2608.997,180.142,2789.139,613.610,36.483,5.234,655.327,141.397,0.822527,"Maximal leistbares Rentenvolumen bei stabiler Beitragssatz-Obergrenze, Erwerbstaetigenbasis und abschmelzendem Bestandsschutz-Zuschuss."
2045,jung,obergrenze_24_prozent,0.240000,796.724,2608.997,180.142,2789.139,669.393,36.483,5.234,711.110,85.614,0.892542,"Maximal leistbares Rentenvolumen bei stabiler Beitragssatz-Obergrenze, Erwerbstaetigenbasis und abschmelzendem Bestandsschutz-Zuschuss."
2046,jung,ziel_20_prozent,0.200000,814.550,2670.013,186.331,2856.344,571.269,33.337,5.365,609.970,204.579,0.748843,"Maximal leistbares Rentenvolumen bei stabiler Beitragssatz-Obergrenze, Erwerbstaetigenbasis und abschmelzendem Bestandsschutz-Zuschuss."
2046,jung,stabil_22_prozent,0.220000,814.550,2670.013,186.331,2856.344,628.396,33.337,5.365,667.097,147.453,0.818977,"Maximal leistbares Rentenvolumen bei stabiler Beitragssatz-Obergrenze, Erwerbstaetigenbasis und abschmelzendem Bestandsschutz-Zuschuss."
2046,jung,obergrenze_24_prozent,0.240000,814.550,2670.013,186.331,2856.344,685.523,33.337,5.365,724.224,90.326,0.889110,"Maximal leistbares Rentenvolumen bei stabiler Beitragssatz-Obergrenze, Erwerbstaetigenbasis und abschmelzendem Bestandsschutz-Zuschuss."
2047,jung,ziel_20_prozent,0.200000,832.774,2732.451,192.710,2925.161,585.032,30.322,5.499,620.853,211.921,0.745524,"Maximal leistbares Rentenvolumen bei stabiler Beitragssatz-Obergrenze, Erwerbstaetigenbasis und abschmelzendem Bestandsschutz-Zuschuss."
2047,jung,stabil_22_prozent,0.220000,832.774,2732.451,192.710,2925.161,643.535,30.322,5.499,679.356,153.418,0.815775,"Maximal leistbares Rentenvolumen bei stabiler Beitragssatz-Obergrenze, Erwerbstaetigenbasis und abschmelzendem Bestandsschutz-Zuschuss."
2047,jung,obergrenze_24_prozent,0.240000,832.774,2732.451,192.710,2925.161,702.039,30.322,5.499,737.859,94.915,0.886026,"Maximal leistbares Rentenvolumen bei stabiler Beitragssatz-Obergrenze, Erwerbstaetigenbasis und abschmelzendem Bestandsschutz-Zuschuss."
2048,jung,ziel_20_prozent,0.200000,851.405,2796.341,199.285,2995.626,599.125,27.441,5.636,632.203,219.202,0.742540,"Maximal leistbares Rentenvolumen bei stabiler Beitragssatz-Obergrenze, Erwerbstaetigenbasis und abschmelzendem Bestandsschutz-Zuschuss."
2048,jung,stabil_22_prozent,0.220000,851.405,2796.341,199.285,2995.626,659.038,27.441,5.636,692.115,159.290,0.812909,"Maximal leistbares Rentenvolumen bei stabiler Beitragssatz-Obergrenze, Erwerbstaetigenbasis und abschmelzendem Bestandsschutz-Zuschuss."
2048,jung,obergrenze_24_prozent,0.240000,851.405,2796.341,199.285,2995.626,718.950,27.441,5.636,752.028,99.377,0.883278,"Maximal leistbares Rentenvolumen bei stabiler Beitragssatz-Obergrenze, Erwerbstaetigenbasis und abschmelzendem Bestandsschutz-Zuschuss."
2049,jung,ziel_20_prozent,0.200000,870.453,2861.718,206.062,3067.780,613.556,24.700,5.777,644.033,226.420,0.739882,"Maximal leistbares Rentenvolumen bei stabiler Beitragssatz-Obergrenze, Erwerbstaetigenbasis und abschmelzendem Bestandsschutz-Zuschuss."
2049,jung,stabil_22_prozent,0.220000,870.453,2861.718,206.062,3067.780,674.912,24.700,5.777,705.388,165.065,0.810369,"Maximal leistbares Rentenvolumen bei stabiler Beitragssatz-Obergrenze, Erwerbstaetigenbasis und abschmelzendem Bestandsschutz-Zuschuss."
2049,jung,obergrenze_24_prozent,0.240000,870.453,2861.718,206.062,3067.780,736.267,24.700,5.777,766.744,103.709,0.880856,"Maximal leistbares Rentenvolumen bei stabiler Beitragssatz-Obergrenze, Erwerbstaetigenbasis und abschmelzendem Bestandsschutz-Zuschuss."
2050,jung,ziel_20_prozent,0.200000,889.927,2928.616,213.047,3141.662,628.332,22.104,5.921,656.358,233.569,0.737542,"Maximal leistbares Rentenvolumen bei stabiler Beitragssatz-Obergrenze, Erwerbstaetigenbasis und abschmelzendem Bestandsschutz-Zuschuss."
2050,jung,stabil_22_prozent,0.220000,889.927,2928.616,213.047,3141.662,691.166,22.104,5.921,719.191,170.735,0.808147,"Maximal leistbares Rentenvolumen bei stabiler Beitragssatz-Obergrenze, Erwerbstaetigenbasis und abschmelzendem Bestandsschutz-Zuschuss."
2050,jung,obergrenze_24_prozent,0.240000,889.927,2928.616,213.047,3141.662,753.999,22.104,5.921,782.025,107.902,0.878752,"Maximal leistbares Rentenvolumen bei stabiler Beitragssatz-Obergrenze, Erwerbstaetigenbasis und abschmelzendem Bestandsschutz-Zuschuss."
2051,jung,ziel_20_prozent,0.200000,909.836,2997.070,220.244,3217.315,643.463,19.663,6.070,669.195,240.641,0.735512,"Maximal leistbares Rentenvolumen bei stabiler Beitragssatz-Obergrenze, Erwerbstaetigenbasis und abschmelzendem Bestandsschutz-Zuschuss."
2051,jung,stabil_22_prozent,0.220000,909.836,2997.070,220.244,3217.315,707.809,19.663,6.070,733.541,176.295,0.806235,"Maximal leistbares Rentenvolumen bei stabiler Beitragssatz-Obergrenze, Erwerbstaetigenbasis und abschmelzendem Bestandsschutz-Zuschuss."
2051,jung,obergrenze_24_prozent,0.240000,909.836,2997.070,220.244,3217.315,772.155,19.663,6.070,797.888,111.949,0.876957,"Maximal leistbares Rentenvolumen bei stabiler Beitragssatz-Obergrenze, Erwerbstaetigenbasis und abschmelzendem Bestandsschutz-Zuschuss."
2052,jung,ziel_20_prozent,0.200000,930.190,3067.117,227.661,3294.778,658.956,17.384,6.221,682.561,247.629,0.733787,"Maximal leistbares Rentenvolumen bei stabiler Beitragssatz-Obergrenze, Erwerbstaetigenbasis und abschmelzendem Bestandsschutz-Zuschuss."
2052,jung,stabil_22_prozent,0.220000,930.190,3067.117,227.661,3294.778,724.851,17.384,6.221,748.457,181.733,0.804628,"Maximal leistbares Rentenvolumen bei stabiler Beitragssatz-Obergrenze, Erwerbstaetigenbasis und abschmelzendem Bestandsschutz-Zuschuss."
2052,jung,obergrenze_24_prozent,0.240000,930.190,3067.117,227.661,3294.778,790.747,17.384,6.221,814.352,115.838,0.875469,"Maximal leistbares Rentenvolumen bei stabiler Beitragssatz-Obergrenze, Erwerbstaetigenbasis und abschmelzendem Bestandsschutz-Zuschuss."
2053,jung,ziel_20_prozent,0.200000,950.999,3138.793,235.304,3374.097,674.819,15.279,6.377,696.476,254.524,0.732362,"Maximal leistbares Rentenvolumen bei stabiler Beitragssatz-Obergrenze, Erwerbstaetigenbasis und abschmelzendem Bestandsschutz-Zuschuss."
2053,jung,stabil_22_prozent,0.220000,950.999,3138.793,235.304,3374.097,742.301,15.279,6.377,763.958,187.042,0.803321,"Maximal leistbares Rentenvolumen bei stabiler Beitragssatz-Obergrenze, Erwerbstaetigenbasis und abschmelzendem Bestandsschutz-Zuschuss."
2053,jung,obergrenze_24_prozent,0.240000,950.999,3138.793,235.304,3374.097,809.783,15.279,6.377,831.439,119.560,0.874280,"Maximal leistbares Rentenvolumen bei stabiler Beitragssatz-Obergrenze, Erwerbstaetigenbasis und abschmelzendem Bestandsschutz-Zuschuss."
2054,jung,ziel_20_prozent,0.200000,972.274,3212.136,243.180,3455.315,691.063,13.356,6.536,710.955,261.318,0.731230,"Maximal leistbares Rentenvolumen bei stabiler Beitragssatz-Obergrenze, Erwerbstaetigenbasis und abschmelzendem Bestandsschutz-Zuschuss."
2054,jung,stabil_22_prozent,0.220000,972.274,3212.136,243.180,3455.315,760.169,13.356,6.536,780.062,192.212,0.802307,"Maximal leistbares Rentenvolumen bei stabiler Beitragssatz-Obergrenze, Erwerbstaetigenbasis und abschmelzendem Bestandsschutz-Zuschuss."
2054,jung,obergrenze_24_prozent,0.240000,972.274,3212.136,243.180,3455.315,829.276,13.356,6.536,849.168,123.106,0.873384,"Maximal leistbares Rentenvolumen bei stabiler Beitragssatz-Obergrenze, Erwerbstaetigenbasis und abschmelzendem Bestandsschutz-Zuschuss."
2055,jung,ziel_20_prozent,0.200000,994.023,3287.184,251.294,3538.478,707.696,11.620,6.700,726.015,268.009,0.730380,"Maximal leistbares Rentenvolumen bei stabiler Beitragssatz-Obergrenze, Erwerbstaetigenbasis und abschmelzendem Bestandsschutz-Zuschuss."
2055,jung,stabil_22_prozent,0.220000,994.023,3287.184,251.294,3538.478,778.465,11.620,6.700,796.785,197.239,0.801575,"Maximal leistbares Rentenvolumen bei stabiler Beitragssatz-Obergrenze, Erwerbstaetigenbasis und abschmelzendem Bestandsschutz-Zuschuss."
2055,jung,obergrenze_24_prozent,0.240000,994.023,3287.184,251.294,3538.478,849.235,11.620,6.700,867.554,126.469,0.872770,"Maximal leistbares Rentenvolumen bei stabiler Beitragssatz-Obergrenze, Erwerbstaetigenbasis und abschmelzendem Bestandsschutz-Zuschuss."
2056,jung,ziel_20_prozent,0.200000,1016.259,3363.977,259.654,3623.631,724.726,10.073,6.867,741.666,274.594,0.729800,"Maximal leistbares Rentenvolumen bei stabiler Beitragssatz-Obergrenze, Erwerbstaetigenbasis und abschmelzendem Bestandsschutz-Zuschuss."
2056,jung,stabil_22_prozent,0.220000,1016.259,3363.977,259.654,3623.631,797.199,10.073,6.867,814.138,202.121,0.801113,"Maximal leistbares Rentenvolumen bei stabiler Beitragssatz-Obergrenze, Erwerbstaetigenbasis und abschmelzendem Bestandsschutz-Zuschuss."
2056,jung,obergrenze_24_prozent,0.240000,1016.259,3363.977,259.654,3623.631,869.671,10.073,6.867,886.611,129.648,0.872426,"Maximal leistbares Rentenvolumen bei stabiler Beitragssatz-Obergrenze, Erwerbstaetigenbasis und abschmelzendem Bestandsschutz-Zuschuss."
2057,jung,ziel_20_prozent,0.200000,1038.992,3442.555,268.267,3710.822,742.164,8.712,7.039,757.916,281.077,0.729472,"Maximal leistbares Rentenvolumen bei stabiler Beitragssatz-Obergrenze, Erwerbstaetigenbasis und abschmelzendem Bestandsschutz-Zuschuss."
2057,jung,stabil_22_prozent,0.220000,1038.992,3442.555,268.267,3710.822,816.381,8.712,7.039,832.132,206.860,0.800903,"Maximal leistbares Rentenvolumen bei stabiler Beitragssatz-Obergrenze, Erwerbstaetigenbasis und abschmelzendem Bestandsschutz-Zuschuss."
2057,jung,obergrenze_24_prozent,0.240000,1038.992,3442.555,268.267,3710.822,890.597,8.712,7.039,906.348,132.644,0.872334,"Maximal leistbares Rentenvolumen bei stabiler Beitragssatz-Obergrenze, Erwerbstaetigenbasis und abschmelzendem Bestandsschutz-Zuschuss."
2058,jung,ziel_20_prozent,0.200000,1062.234,3522.960,277.139,3800.099,760.020,7.533,7.215,774.768,287.466,0.729376,"Maximal leistbares Rentenvolumen bei stabiler Beitragssatz-Obergrenze, Erwerbstaetigenbasis und abschmelzendem Bestandsschutz-Zuschuss."
2058,jung,stabil_22_prozent,0.220000,1062.234,3522.960,277.139,3800.099,836.022,7.533,7.215,850.770,211.464,0.800925,"Maximal leistbares Rentenvolumen bei stabiler Beitragssatz-Obergrenze, Erwerbstaetigenbasis und abschmelzendem Bestandsschutz-Zuschuss."
2058,jung,obergrenze_24_prozent,0.240000,1062.234,3522.960,277.139,3800.099,912.024,7.533,7.215,926.772,135.462,0.872474,"Maximal leistbares Rentenvolumen bei stabiler Beitragssatz-Obergrenze, Erwerbstaetigenbasis und abschmelzendem Bestandsschutz-Zuschuss."
2059,jung,ziel_20_prozent,0.200000,1085.994,3605.233,286.279,3891.512,778.302,6.524,7.395,792.221,293.773,0.729490,"Maximal leistbares Rentenvolumen bei stabiler Beitragssatz-Obergrenze, Erwerbstaetigenbasis und abschmelzendem Bestandsschutz-Zuschuss."
2059,jung,stabil_22_prozent,0.220000,1085.994,3605.233,286.279,3891.512,856.133,6.524,7.395,870.052,215.943,0.801157,"Maximal leistbares Rentenvolumen bei stabiler Beitragssatz-Obergrenze, Erwerbstaetigenbasis und abschmelzendem Bestandsschutz-Zuschuss."
2059,jung,obergrenze_24_prozent,0.240000,1085.994,3605.233,286.279,3891.512,933.963,6.524,7.395,947.882,138.112,0.872824,"Maximal leistbares Rentenvolumen bei stabiler Beitragssatz-Obergrenze, Erwerbstaetigenbasis und abschmelzendem Bestandsschutz-Zuschuss."
2060,jung,ziel_20_prozent,0.200000,1110.286,3689.418,295.694,3985.112,797.022,5.670,7.580,810.272,300.014,0.729787,"Maximal leistbares Rentenvolumen bei stabiler Beitragssatz-Obergrenze, Erwerbstaetigenbasis und abschmelzendem Bestandsschutz-Zuschuss."
2060,jung,stabil_22_prozent,0.220000,1110.286,3689.418,295.694,3985.112,876.725,5.670,7.580,889.974,220.311,0.801572,"Maximal leistbares Rentenvolumen bei stabiler Beitragssatz-Obergrenze, Erwerbstaetigenbasis und abschmelzendem Bestandsschutz-Zuschuss."
2060,jung,obergrenze_24_prozent,0.240000,1110.286,3689.418,295.694,3985.112,956.427,5.670,7.580,969.677,140.609,0.873358,"Maximal leistbares Rentenvolumen bei stabiler Beitragssatz-Obergrenze, Erwerbstaetigenbasis und abschmelzendem Bestandsschutz-Zuschuss."
2061,jung,ziel_20_prozent,0.200000,1135.120,3775.559,305.392,4080.951,816.190,4.954,7.770,828.914,306.207,0.730243,"Maximal leistbares Rentenvolumen bei stabiler Beitragssatz-Obergrenze, Erwerbstaetigenbasis und abschmelzendem Bestandsschutz-Zuschuss."
2061,jung,stabil_22_prozent,0.220000,1135.120,3775.559,305.392,4080.951,897.809,4.954,7.770,910.533,224.588,0.802146,"Maximal leistbares Rentenvolumen bei stabiler Beitragssatz-Obergrenze, Erwerbstaetigenbasis und abschmelzendem Bestandsschutz-Zuschuss."
2061,jung,obergrenze_24_prozent,0.240000,1135.120,3775.559,305.392,4080.951,979.428,4.954,7.770,992.152,142.969,0.874050,"Maximal leistbares Rentenvolumen bei stabiler Beitragssatz-Obergrenze, Erwerbstaetigenbasis und abschmelzendem Bestandsschutz-Zuschuss."
2062,jung,ziel_20_prozent,0.200000,1160.510,3863.701,315.381,4179.082,835.816,4.358,7.964,848.138,312.372,0.730832,"Maximal leistbares Rentenvolumen bei stabiler Beitragssatz-Obergrenze, Erwerbstaetigenbasis und abschmelzendem Bestandsschutz-Zuschuss."
2062,jung,stabil_22_prozent,0.220000,1160.510,3863.701,315.381,4179.082,919.398,4.358,7.964,931.719,228.791,0.802853,"Maximal leistbares Rentenvolumen bei stabiler Beitragssatz-Obergrenze, Erwerbstaetigenbasis und abschmelzendem Bestandsschutz-Zuschuss."
2062,jung,obergrenze_24_prozent,0.240000,1160.510,3863.701,315.381,4179.082,1002.980,4.358,7.964,1015.301,145.209,0.874875,"Maximal leistbares Rentenvolumen bei stabiler Beitragssatz-Obergrenze, Erwerbstaetigenbasis und abschmelzendem Bestandsschutz-Zuschuss."
2063,jung,ziel_20_prozent,0.200000,1186.467,3953.890,325.669,4279.559,855.912,3.863,8.163,867.937,318.530,0.731531,"Maximal leistbares Rentenvolumen bei stabiler Beitragssatz-Obergrenze, Erwerbstaetigenbasis und abschmelzendem Bestandsschutz-Zuschuss."
2063,jung,stabil_22_prozent,0.220000,1186.467,3953.890,325.669,4279.559,941.503,3.863,8.163,953.528,232.939,0.803670,"Maximal leistbares Rentenvolumen bei stabiler Beitragssatz-Obergrenze, Erwerbstaetigenbasis und abschmelzendem Bestandsschutz-Zuschuss."
2063,jung,obergrenze_24_prozent,0.240000,1186.467,3953.890,325.669,4279.559,1027.094,3.863,8.163,1039.120,147.348,0.875810,"Maximal leistbares Rentenvolumen bei stabiler Beitragssatz-Obergrenze, Erwerbstaetigenbasis und abschmelzendem Bestandsschutz-Zuschuss."
2064,jung,ziel_20_prozent,0.200000,1213.004,4046.175,336.264,4382.439,876.488,3.452,8.367,888.306,324.698,0.732319,"Maximal leistbares Rentenvolumen bei stabiler Beitragssatz-Obergrenze, Erwerbstaetigenbasis und abschmelzendem Bestandsschutz-Zuschuss."
2064,jung,stabil_22_prozent,0.220000,1213.004,4046.175,336.264,4382.439,964.137,3.452,8.367,975.955,237.049,0.804577,"Maximal leistbares Rentenvolumen bei stabiler Beitragssatz-Obergrenze, Erwerbstaetigenbasis und abschmelzendem Bestandsschutz-Zuschuss."
2064,jung,obergrenze_24_prozent,0.240000,1213.004,4046.175,336.264,4382.439,1051.785,3.452,8.367,1063.604,149.400,0.876834,"Maximal leistbares Rentenvolumen bei stabiler Beitragssatz-Obergrenze, Erwerbstaetigenbasis und abschmelzendem Bestandsschutz-Zuschuss."
2065,jung,ziel_20_prozent,0.200000,1240.135,4140.602,347.176,4487.777,897.555,3.109,8.576,909.241,330.894,0.733179,"Maximal leistbares Rentenvolumen bei stabiler Beitragssatz-Obergrenze, Erwerbstaetigenbasis und abschmelzendem Bestandsschutz-Zuschuss."
2065,jung,stabil_22_prozent,0.220000,1240.135,4140.602,347.176,4487.777,987.311,3.109,8.576,998.996,241.138,0.805555,"Maximal leistbares Rentenvolumen bei stabiler Beitragssatz-Obergrenze, Erwerbstaetigenbasis und abschmelzendem Bestandsschutz-Zuschuss."
2065,jung,obergrenze_24_prozent,0.240000,1240.135,4140.602,347.176,4487.777,1077.067,3.109,8.576,1088.752,151.383,0.877930,"Maximal leistbares Rentenvolumen bei stabiler Beitragssatz-Obergrenze, Erwerbstaetigenbasis und abschmelzendem Bestandsschutz-Zuschuss."
2066,jung,ziel_20_prozent,0.200000,1267.871,4237.222,358.412,4595.634,919.127,2.821,8.790,930.738,337.133,0.734095,"Maximal leistbares Rentenvolumen bei stabiler Beitragssatz-Obergrenze, Erwerbstaetigenbasis und abschmelzendem Bestandsschutz-Zuschuss."
2066,jung,stabil_22_prozent,0.220000,1267.871,4237.222,358.412,4595.634,1011.039,2.821,8.790,1022.651,245.220,0.806589,"Maximal leistbares Rentenvolumen bei stabiler Beitragssatz-Obergrenze, Erwerbstaetigenbasis und abschmelzendem Bestandsschutz-Zuschuss."
2066,jung,obergrenze_24_prozent,0.240000,1267.871,4237.222,358.412,4595.634,1102.952,2.821,8.790,1114.564,153.307,0.879083,"Maximal leistbares Rentenvolumen bei stabiler Beitragssatz-Obergrenze, Erwerbstaetigenbasis und abschmelzendem Bestandsschutz-Zuschuss."
2067,jung,ziel_20_prozent,0.200000,1296.228,4336.084,369.984,4706.068,941.214,2.576,9.010,952.800,343.427,0.735056,"Maximal leistbares Rentenvolumen bei stabiler Beitragssatz-Obergrenze, Erwerbstaetigenbasis und abschmelzendem Bestandsschutz-Zuschuss."
2067,jung,stabil_22_prozent,0.220000,1296.228,4336.084,369.984,4706.068,1035.335,2.576,9.010,1046.922,249.306,0.807668,"Maximal leistbares Rentenvolumen bei stabiler Beitragssatz-Obergrenze, Erwerbstaetigenbasis und abschmelzendem Bestandsschutz-Zuschuss."
2067,jung,obergrenze_24_prozent,0.240000,1296.228,4336.084,369.984,4706.068,1129.456,2.576,9.010,1141.043,155.185,0.880280,"Maximal leistbares Rentenvolumen bei stabiler Beitragssatz-Obergrenze, Erwerbstaetigenbasis und abschmelzendem Bestandsschutz-Zuschuss."
2068,jung,ziel_20_prozent,0.200000,1325.218,4437.242,381.899,4819.141,963.828,2.366,9.236,975.430,349.788,0.736052,"Maximal leistbares Rentenvolumen bei stabiler Beitragssatz-Obergrenze, Erwerbstaetigenbasis und abschmelzendem Bestandsschutz-Zuschuss."
2068,jung,stabil_22_prozent,0.220000,1325.218,4437.242,381.899,4819.141,1060.211,2.366,9.236,1071.812,253.405,0.808782,"Maximal leistbares Rentenvolumen bei stabiler Beitragssatz-Obergrenze, Erwerbstaetigenbasis und abschmelzendem Bestandsschutz-Zuschuss."
2068,jung,obergrenze_24_prozent,0.240000,1325.218,4437.242,381.899,4819.141,1156.594,2.366,9.236,1168.195,157.022,0.881512,"Maximal leistbares Rentenvolumen bei stabiler Beitragssatz-Obergrenze, Erwerbstaetigenbasis und abschmelzendem Bestandsschutz-Zuschuss."
2069,jung,ziel_20_prozent,0.200000,1354.856,4540.748,394.167,4934.915,986.983,2.184,9.466,998.633,356.223,0.737077,"Maximal leistbares Rentenvolumen bei stabiler Beitragssatz-Obergrenze, Erwerbstaetigenbasis und abschmelzendem Bestandsschutz-Zuschuss."
2069,jung,stabil_22_prozent,0.220000,1354.856,4540.748,394.167,4934.915,1085.681,2.184,9.466,1097.331,257.524,0.809925,"Maximal leistbares Rentenvolumen bei stabiler Beitragssatz-Obergrenze, Erwerbstaetigenbasis und abschmelzendem Bestandsschutz-Zuschuss."
2069,jung,obergrenze_24_prozent,0.240000,1354.856,4540.748,394.167,4934.915,1184.380,2.184,9.466,1196.030,158.826,0.882773,"Maximal leistbares Rentenvolumen bei stabiler Beitragssatz-Obergrenze, Erwerbstaetigenbasis und abschmelzendem Bestandsschutz-Zuschuss."
2070,jung,ziel_20_prozent,0.200000,1385.156,4646.655,406.799,5053.455,1010.691,2.024,9.703,1022.418,362.738,0.738125,"Maximal leistbares Rentenvolumen bei stabiler Beitragssatz-Obergrenze, Erwerbstaetigenbasis und abschmelzendem Bestandsschutz-Zuschuss."
2070,jung,stabil_22_prozent,0.220000,1385.156,4646.655,406.799,5053.455,1111.760,2.024,9.703,1123.487,261.669,0.811091,"Maximal leistbares Rentenvolumen bei stabiler Beitragssatz-Obergrenze, Erwerbstaetigenbasis und abschmelzendem Bestandsschutz-Zuschuss."
2070,jung,obergrenze_24_prozent,0.240000,1385.156,4646.655,406.799,5053.455,1212.829,2.024,9.703,1224.556,160.600,0.884056,"Maximal leistbares Rentenvolumen bei stabiler Beitragssatz-Obergrenze, Erwerbstaetigenbasis und abschmelzendem Bestandsschutz-Zuschuss."
2027,moderat,ziel_20_prozent,0.200000,434.047,1780.143,0.000,1780.143,356.029,99.585,3.356,458.969,-24.922,1.057418,"Maximal leistbares Rentenvolumen bei stabiler Beitragssatz-Obergrenze, Erwerbstaetigenbasis und abschmelzendem Bestandsschutz-Zuschuss."
2027,moderat,stabil_22_prozent,0.220000,434.047,1780.143,0.000,1780.143,391.632,99.585,3.356,494.572,-60.525,1.139443,"Maximal leistbares Rentenvolumen bei stabiler Beitragssatz-Obergrenze, Erwerbstaetigenbasis und abschmelzendem Bestandsschutz-Zuschuss."
2027,moderat,obergrenze_24_prozent,0.240000,434.047,1780.143,0.000,1780.143,427.234,99.585,3.356,530.175,-96.128,1.221468,"Maximal leistbares Rentenvolumen bei stabiler Beitragssatz-Obergrenze, Erwerbstaetigenbasis und abschmelzendem Bestandsschutz-Zuschuss."
2028,moderat,ziel_20_prozent,0.200000,453.388,1812.295,0.000,1812.295,362.459,104.022,3.440,469.921,-16.533,1.036465,"Maximal leistbares Rentenvolumen bei stabiler Beitragssatz-Obergrenze, Erwerbstaetigenbasis und abschmelzendem Bestandsschutz-Zuschuss."
2028,moderat,stabil_22_prozent,0.220000,453.388,1812.295,0.000,1812.295,398.705,104.022,3.440,506.167,-52.779,1.116409,"Maximal leistbares Rentenvolumen bei stabiler Beitragssatz-Obergrenze, Erwerbstaetigenbasis und abschmelzendem Bestandsschutz-Zuschuss."
2028,moderat,obergrenze_24_prozent,0.240000,453.388,1812.295,0.000,1812.295,434.951,104.022,3.440,542.413,-89.024,1.196354,"Maximal leistbares Rentenvolumen bei stabiler Beitragssatz-Obergrenze, Erwerbstaetigenbasis und abschmelzendem Bestandsschutz-Zuschuss."
2029,moderat,ziel_20_prozent,0.200000,473.472,1844.943,0.000,1844.943,368.989,108.630,3.526,481.144,-7.672,1.016204,"Maximal leistbares Rentenvolumen bei stabiler Beitragssatz-Obergrenze, Erwerbstaetigenbasis und abschmelzendem Bestandsschutz-Zuschuss."
2029,moderat,stabil_22_prozent,0.220000,473.472,1844.943,0.000,1844.943,405.887,108.630,3.526,518.043,-44.571,1.094136,"Maximal leistbares Rentenvolumen bei stabiler Beitragssatz-Obergrenze, Erwerbstaetigenbasis und abschmelzendem Bestandsschutz-Zuschuss."
2029,moderat,obergrenze_24_prozent,0.240000,473.472,1844.943,0.000,1844.943,442.786,108.630,3.526,554.942,-81.470,1.172069,"Maximal leistbares Rentenvolumen bei stabiler Beitragssatz-Obergrenze, Erwerbstaetigenbasis und abschmelzendem Bestandsschutz-Zuschuss."
2030,moderat,ziel_20_prozent,0.200000,494.325,1878.090,18.898,1896.988,379.398,97.858,3.614,480.869,13.456,0.972779,"Maximal leistbares Rentenvolumen bei stabiler Beitragssatz-Obergrenze, Erwerbstaetigenbasis und abschmelzendem Bestandsschutz-Zuschuss."
2030,moderat,stabil_22_prozent,0.220000,494.325,1878.090,18.898,1896.988,417.337,97.858,3.614,518.809,-24.484,1.049529,"Maximal leistbares Rentenvolumen bei stabiler Beitragssatz-Obergrenze, Erwerbstaetigenbasis und abschmelzendem Bestandsschutz-Zuschuss."
2030,moderat,obergrenze_24_prozent,0.240000,494.325,1878.090,18.898,1896.988,455.277,97.858,3.614,556.749,-62.423,1.126280,"Maximal leistbares Rentenvolumen bei stabiler Beitragssatz-Obergrenze, Erwerbstaetigenbasis und abschmelzendem Bestandsschutz-Zuschuss."
2031,moderat,ziel_20_prozent,0.200000,515.975,1911.741,38.473,1950.214,390.043,93.199,3.704,486.946,29.029,0.943739,"Maximal leistbares Rentenvolumen bei stabiler Beitragssatz-Obergrenze, Erwerbstaetigenbasis und abschmelzendem Bestandsschutz-Zuschuss."
2031,moderat,stabil_22_prozent,0.220000,515.975,1911.741,38.473,1950.214,429.047,93.199,3.704,525.950,-9.975,1.019333,"Maximal leistbares Rentenvolumen bei stabiler Beitragssatz-Obergrenze, Erwerbstaetigenbasis und abschmelzendem Bestandsschutz-Zuschuss."
2031,moderat,obergrenze_24_prozent,0.240000,515.975,1911.741,38.473,1950.214,468.051,93.199,3.704,564.955,-48.979,1.094926,"Maximal leistbares Rentenvolumen bei stabiler Beitragssatz-Obergrenze, Erwerbstaetigenbasis und abschmelzendem Bestandsschutz-Zuschuss."
2032,moderat,ziel_20_prozent,0.200000,538.450,1945.901,58.741,2004.642,400.928,88.574,3.797,493.299,45.151,0.916147,"Maximal leistbares Rentenvolumen bei stabiler Beitragssatz-Obergrenze, Erwerbstaetigenbasis und abschmelzendem Bestandsschutz-Zuschuss."
2032,moderat,stabil_22_prozent,0.220000,538.450,1945.901,58.741,2004.642,441.021,88.574,3.797,533.392,5.058,0.990607,"Maximal leistbares Rentenvolumen bei stabiler Beitragssatz-Obergrenze, Erwerbstaetigenbasis und abschmelzendem Bestandsschutz-Zuschuss."
2032,moderat,obergrenze_24_prozent,0.240000,538.450,1945.901,58.741,2004.642,481.114,88.574,3.797,573.485,-35.035,1.065067,"Maximal leistbares Rentenvolumen bei stabiler Beitragssatz-Obergrenze, Erwerbstaetigenbasis und abschmelzendem Bestandsschutz-Zuschuss."
2033,moderat,ziel_20_prozent,0.200000,561.779,1980.574,79.717,2060.291,412.058,83.992,3.892,499.942,61.837,0.889927,"Maximal leistbares Rentenvolumen bei stabiler Beitragssatz-Obergrenze, Erwerbstaetigenbasis und abschmelzendem Bestandsschutz-Zuschuss."
2033,moderat,stabil_22_prozent,0.220000,561.779,1980.574,79.717,2060.291,453.264,83.992,3.892,541.148,20.631,0.963276,"Maximal leistbares Rentenvolumen bei stabiler Beitragssatz-Obergrenze, Erwerbstaetigenbasis und abschmelzendem Bestandsschutz-Zuschuss."
2033,moderat,obergrenze_24_prozent,0.240000,561.779,1980.574,79.717,2060.291,494.470,83.992,3.892,582.354,-20.575,1.036625,"Maximal leistbares Rentenvolumen bei stabiler Beitragssatz-Obergrenze, Erwerbstaetigenbasis und abschmelzendem Bestandsschutz-Zuschuss."
2034,moderat,ziel_20_prozent,0.200000,585.992,2015.765,101.417,2117.182,423.436,79.464,3.989,506.889,79.102,0.865011,"Maximal leistbares Rentenvolumen bei stabiler Beitragssatz-Obergrenze, Erwerbstaetigenbasis und abschmelzendem Bestandsschutz-Zuschuss."
2034,moderat,stabil_22_prozent,0.220000,585.992,2015.765,101.417,2117.182,465.780,79.464,3.989,549.233,36.759,0.937271,"Maximal leistbares Rentenvolumen bei stabiler Beitragssatz-Obergrenze, Erwerbstaetigenbasis und abschmelzendem Bestandsschutz-Zuschuss."
2034,moderat,obergrenze_24_prozent,0.240000,585.992,2015.765,101.417,2117.182,508.124,79.464,3.989,591.577,-5.585,1.009531,"Maximal leistbares Rentenvolumen bei stabiler Beitragssatz-Obergrenze, Erwerbstaetigenbasis und abschmelzendem Bestandsschutz-Zuschuss."
2035,moderat,ziel_20_prozent,0.200000,611.120,2051.477,123.857,2175.334,435.067,75.003,4.089,514.159,96.961,0.841338,"Maximal leistbares Rentenvolumen bei stabiler Beitragssatz-Obergrenze, Erwerbstaetigenbasis und abschmelzendem Bestandsschutz-Zuschuss."
2035,moderat,stabil_22_prozent,0.220000,611.120,2051.477,123.857,2175.334,478.573,75.003,4.089,557.665,53.455,0.912530,"Maximal leistbares Rentenvolumen bei stabiler Beitragssatz-Obergrenze, Erwerbstaetigenbasis und abschmelzendem Bestandsschutz-Zuschuss."
2035,moderat,obergrenze_24_prozent,0.240000,611.120,2051.477,123.857,2175.334,522.080,75.003,4.089,601.172,9.948,0.983722,"Maximal leistbares Rentenvolumen bei stabiler Beitragssatz-Obergrenze, Erwerbstaetigenbasis und abschmelzendem Bestandsschutz-Zuschuss."
2036,moderat,ziel_20_prozent,0.200000,637.196,2087.715,127.855,2215.570,443.114,70.625,4.191,517.929,119.267,0.812825,"Maximal leistbares Rentenvolumen bei stabiler Beitragssatz-Obergrenze, Erwerbstaetigenbasis und abschmelzendem Bestandsschutz-Zuschuss."
2036,moderat,stabil_22_prozent,0.220000,637.196,2087.715,127.855,2215.570,487.425,70.625,4.191,562.241,74.956,0.882367,"Maximal leistbares Rentenvolumen bei stabiler Beitragssatz-Obergrenze, Erwerbstaetigenbasis und abschmelzendem Bestandsschutz-Zuschuss."
2036,moderat,obergrenze_24_prozent,0.240000,637.196,2087.715,127.855,2215.570,531.737,70.625,4.191,606.552,30.644,0.951908,"Maximal leistbares Rentenvolumen bei stabiler Beitragssatz-Obergrenze, Erwerbstaetigenbasis und abschmelzendem Bestandsschutz-Zuschuss."
2037,moderat,ziel_20_prozent,0.200000,664.254,2124.483,131.949,2256.432,451.286,66.341,4.296,521.923,142.331,0.785728,"Maximal leistbares Rentenvolumen bei stabiler Beitragssatz-Obergrenze, Erwerbstaetigenbasis und abschmelzendem Bestandsschutz-Zuschuss."
2037,moderat,stabil_22_prozent,0.220000,664.254,2124.483,131.949,2256.432,496.415,66.341,4.296,567.052,97.202,0.853667,"Maximal leistbares Rentenvolumen bei stabiler Beitragssatz-Obergrenze, Erwerbstaetigenbasis und abschmelzendem Bestandsschutz-Zuschuss."
2037,moderat,obergrenze_24_prozent,0.240000,664.254,2124.483,131.949,2256.432,541.544,66.341,4.296,612.180,52.073,0.921606,"Maximal leistbares Rentenvolumen bei stabiler Beitragssatz-Obergrenze, Erwerbstaetigenbasis und abschmelzendem Bestandsschutz-Zuschuss."
2038,moderat,ziel_20_prozent,0.200000,692.327,2161.784,136.141,2297.925,459.585,62.165,4.403,526.153,166.174,0.759978,"Maximal leistbares Rentenvolumen bei stabiler Beitragssatz-Obergrenze, Erwerbstaetigenbasis und abschmelzendem Bestandsschutz-Zuschuss."
2038,moderat,stabil_22_prozent,0.220000,692.327,2161.784,136.141,2297.925,505.543,62.165,4.403,572.112,120.215,0.826361,"Maximal leistbares Rentenvolumen bei stabiler Beitragssatz-Obergrenze, Erwerbstaetigenbasis und abschmelzendem Bestandsschutz-Zuschuss."
2038,moderat,obergrenze_24_prozent,0.240000,692.327,2161.784,136.141,2297.925,551.502,62.165,4.403,618.070,74.257,0.892743,"Maximal leistbares Rentenvolumen bei stabiler Beitragssatz-Obergrenze, Erwerbstaetigenbasis und abschmelzendem Bestandsschutz-Zuschuss."
2039,moderat,ziel_20_prozent,0.200000,711.765,2208.010,140.967,2348.976,469.795,58.108,4.513,532.416,179.349,0.748022,"Maximal leistbares Rentenvolumen bei stabiler Beitragssatz-Obergrenze, Erwerbstaetigenbasis und abschmelzendem Bestandsschutz-Zuschuss."
2039,moderat,stabil_22_prozent,0.220000,711.765,2208.010,140.967,2348.976,516.775,58.108,4.513,579.396,132.369,0.814027,"Maximal leistbares Rentenvolumen bei stabiler Beitragssatz-Obergrenze, Erwerbstaetigenbasis und abschmelzendem Bestandsschutz-Zuschuss."
2039,moderat,obergrenze_24_prozent,0.240000,711.765,2208.010,140.967,2348.976,563.754,58.108,4.513,626.375,85.390,0.880031,"Maximal leistbares Rentenvolumen bei stabiler Beitragssatz-Obergrenze, Erwerbstaetigenbasis und abschmelzendem Bestandsschutz-Zuschuss."
2040,moderat,ziel_20_prozent,0.200000,728.190,2255.195,145.935,2401.130,480.226,54.176,4.626,539.028,189.163,0.740229,"Maximal leistbares Rentenvolumen bei stabiler Beitragssatz-Obergrenze, Erwerbstaetigenbasis und abschmelzendem Bestandsschutz-Zuschuss."
2040,moderat,stabil_22_prozent,0.220000,728.190,2255.195,145.935,2401.130,528.249,54.176,4.626,587.050,141.140,0.806177,"Maximal leistbares Rentenvolumen bei stabiler Beitragssatz-Obergrenze, Erwerbstaetigenbasis und abschmelzendem Bestandsschutz-Zuschuss."
2040,moderat,obergrenze_24_prozent,0.240000,728.190,2255.195,145.935,2401.130,576.271,54.176,4.626,635.073,93.117,0.872125,"Maximal leistbares Rentenvolumen bei stabiler Beitragssatz-Obergrenze, Erwerbstaetigenbasis und abschmelzendem Bestandsschutz-Zuschuss."
2041,moderat,ziel_20_prozent,0.200000,744.994,2303.361,151.049,2454.410,490.882,50.374,4.742,545.997,198.997,0.732888,"Maximal leistbares Rentenvolumen bei stabiler Beitragssatz-Obergrenze, Erwerbstaetigenbasis und abschmelzendem Bestandsschutz-Zuschuss."
2041,moderat,stabil_22_prozent,0.220000,744.994,2303.361,151.049,2454.410,539.970,50.374,4.742,595.085,149.909,0.798778,"Maximal leistbares Rentenvolumen bei stabiler Beitragssatz-Obergrenze, Erwerbstaetigenbasis und abschmelzendem Bestandsschutz-Zuschuss."
2041,moderat,obergrenze_24_prozent,0.240000,744.994,2303.361,151.049,2454.410,589.058,50.374,4.742,644.174,100.821,0.864669,"Maximal leistbares Rentenvolumen bei stabiler Beitragssatz-Obergrenze, Erwerbstaetigenbasis und abschmelzendem Bestandsschutz-Zuschuss."
2042,moderat,ziel_20_prozent,0.200000,762.186,2352.524,156.313,2508.837,501.767,46.704,4.860,553.331,208.855,0.725979,"Maximal leistbares Rentenvolumen bei stabiler Beitragssatz-Obergrenze, Erwerbstaetigenbasis und abschmelzendem Bestandsschutz-Zuschuss."
2042,moderat,stabil_22_prozent,0.220000,762.186,2352.524,156.313,2508.837,551.944,46.704,4.860,603.508,158.678,0.791812,"Maximal leistbares Rentenvolumen bei stabiler Beitragssatz-Obergrenze, Erwerbstaetigenbasis und abschmelzendem Bestandsschutz-Zuschuss."
2042,moderat,obergrenze_24_prozent,0.240000,762.186,2352.524,156.313,2508.837,602.121,46.704,4.860,653.685,108.501,0.857644,"Maximal leistbares Rentenvolumen bei stabiler Beitragssatz-Obergrenze, Erwerbstaetigenbasis und abschmelzendem Bestandsschutz-Zuschuss."
2043,moderat,ziel_20_prozent,0.200000,779.775,2402.707,161.731,2564.438,512.888,43.166,4.982,561.035,218.740,0.719484,"Maximal leistbares Rentenvolumen bei stabiler Beitragssatz-Obergrenze, Erwerbstaetigenbasis und abschmelzendem Bestandsschutz-Zuschuss."
2043,moderat,stabil_22_prozent,0.220000,779.775,2402.707,161.731,2564.438,564.176,43.166,4.982,612.324,167.451,0.785257,"Maximal leistbares Rentenvolumen bei stabiler Beitragssatz-Obergrenze, Erwerbstaetigenbasis und abschmelzendem Bestandsschutz-Zuschuss."
2043,moderat,obergrenze_24_prozent,0.240000,779.775,2402.707,161.731,2564.438,615.465,43.166,4.982,663.613,116.162,0.851031,"Maximal leistbares Rentenvolumen bei stabiler Beitragssatz-Obergrenze, Erwerbstaetigenbasis und abschmelzendem Bestandsschutz-Zuschuss."
2044,moderat,ziel_20_prozent,0.200000,797.769,2453.928,167.307,2621.235,524.247,39.759,5.106,569.113,228.657,0.713380,"Maximal leistbares Rentenvolumen bei stabiler Beitragssatz-Obergrenze, Erwerbstaetigenbasis und abschmelzendem Bestandsschutz-Zuschuss."
2044,moderat,stabil_22_prozent,0.220000,797.769,2453.928,167.307,2621.235,576.672,39.759,5.106,621.537,176.232,0.779094,"Maximal leistbares Rentenvolumen bei stabiler Beitragssatz-Obergrenze, Erwerbstaetigenbasis und abschmelzendem Bestandsschutz-Zuschuss."
2044,moderat,obergrenze_24_prozent,0.240000,797.769,2453.928,167.307,2621.235,629.096,39.759,5.106,673.962,123.807,0.844808,"Maximal leistbares Rentenvolumen bei stabiler Beitragssatz-Obergrenze, Erwerbstaetigenbasis und abschmelzendem Bestandsschutz-Zuschuss."
2045,moderat,ziel_20_prozent,0.200000,816.179,2506.208,173.045,2679.253,535.851,36.483,5.234,577.567,238.611,0.707648,"Maximal leistbares Rentenvolumen bei stabiler Beitragssatz-Obergrenze, Erwerbstaetigenbasis und abschmelzendem Bestandsschutz-Zuschuss."
2045,moderat,stabil_22_prozent,0.220000,816.179,2506.208,173.045,2679.253,589.436,36.483,5.234,631.152,185.026,0.773302,"Maximal leistbares Rentenvolumen bei stabiler Beitragssatz-Obergrenze, Erwerbstaetigenbasis und abschmelzendem Bestandsschutz-Zuschuss."
2045,moderat,obergrenze_24_prozent,0.240000,816.179,2506.208,173.045,2679.253,643.021,36.483,5.234,684.737,131.441,0.838955,"Maximal leistbares Rentenvolumen bei stabiler Beitragssatz-Obergrenze, Erwerbstaetigenbasis und abschmelzendem Bestandsschutz-Zuschuss."
2046,moderat,ziel_20_prozent,0.200000,835.013,2559.569,178.623,2738.193,547.639,33.337,5.365,586.340,248.673,0.702192,"Maximal leistbares Rentenvolumen bei stabiler Beitragssatz-Obergrenze, Erwerbstaetigenbasis und abschmelzendem Bestandsschutz-Zuschuss."
2046,moderat,stabil_22_prozent,0.220000,835.013,2559.569,178.623,2738.193,602.402,33.337,5.365,641.104,193.910,0.767777,"Maximal leistbares Rentenvolumen bei stabiler Beitragssatz-Obergrenze, Erwerbstaetigenbasis und abschmelzendem Bestandsschutz-Zuschuss."
2046,moderat,obergrenze_24_prozent,0.240000,835.013,2559.569,178.623,2738.193,657.166,33.337,5.365,695.868,139.146,0.833361,"Maximal leistbares Rentenvolumen bei stabiler Beitragssatz-Obergrenze, Erwerbstaetigenbasis und abschmelzendem Bestandsschutz-Zuschuss."
2047,moderat,ziel_20_prozent,0.200000,854.282,2614.032,184.358,2798.390,559.678,30.322,5.499,595.499,258.784,0.697075,"Maximal leistbares Rentenvolumen bei stabiler Beitragssatz-Obergrenze, Erwerbstaetigenbasis und abschmelzendem Bestandsschutz-Zuschuss."
2047,moderat,stabil_22_prozent,0.220000,854.282,2614.032,184.358,2798.390,615.646,30.322,5.499,651.466,202.816,0.762589,"Maximal leistbares Rentenvolumen bei stabiler Beitragssatz-Obergrenze, Erwerbstaetigenbasis und abschmelzendem Bestandsschutz-Zuschuss."
2047,moderat,obergrenze_24_prozent,0.240000,854.282,2614.032,184.358,2798.390,671.614,30.322,5.499,707.434,146.848,0.828103,"Maximal leistbares Rentenvolumen bei stabiler Beitragssatz-Obergrenze, Erwerbstaetigenbasis und abschmelzendem Bestandsschutz-Zuschuss."
2048,moderat,ziel_20_prozent,0.200000,873.996,2669.618,190.254,2859.872,571.974,27.441,5.636,605.052,268.944,0.692282,"Maximal leistbares Rentenvolumen bei stabiler Beitragssatz-Obergrenze, Erwerbstaetigenbasis und abschmelzendem Bestandsschutz-Zuschuss."
2048,moderat,stabil_22_prozent,0.220000,873.996,2669.618,190.254,2859.872,629.172,27.441,5.636,662.249,211.747,0.757726,"Maximal leistbares Rentenvolumen bei stabiler Beitragssatz-Obergrenze, Erwerbstaetigenbasis und abschmelzendem Bestandsschutz-Zuschuss."
2048,moderat,obergrenze_24_prozent,0.240000,873.996,2669.618,190.254,2859.872,686.369,27.441,5.636,719.447,154.549,0.823169,"Maximal leistbares Rentenvolumen bei stabiler Beitragssatz-Obergrenze, Erwerbstaetigenbasis und abschmelzendem Bestandsschutz-Zuschuss."
2049,moderat,ziel_20_prozent,0.200000,894.165,2726.349,196.315,2922.664,584.533,24.700,5.777,615.010,279.155,0.687803,"Maximal leistbares Rentenvolumen bei stabiler Beitragssatz-Obergrenze, Erwerbstaetigenbasis und abschmelzendem Bestandsschutz-Zuschuss."
2049,moderat,stabil_22_prozent,0.220000,894.165,2726.349,196.315,2922.664,642.986,24.700,5.777,673.463,220.702,0.753175,"Maximal leistbares Rentenvolumen bei stabiler Beitragssatz-Obergrenze, Erwerbstaetigenbasis und abschmelzendem Bestandsschutz-Zuschuss."
2049,moderat,obergrenze_24_prozent,0.240000,894.165,2726.349,196.315,2922.664,701.439,24.700,5.777,731.916,162.249,0.818547,"Maximal leistbares Rentenvolumen bei stabiler Beitragssatz-Obergrenze, Erwerbstaetigenbasis und abschmelzendem Bestandsschutz-Zuschuss."
2050,moderat,ziel_20_prozent,0.200000,914.799,2784.249,202.544,2986.793,597.359,22.104,5.921,625.384,289.415,0.683630,"Maximal leistbares Rentenvolumen bei stabiler Beitragssatz-Obergrenze, Erwerbstaetigenbasis und abschmelzendem Bestandsschutz-Zuschuss."
2050,moderat,stabil_22_prozent,0.220000,914.799,2784.249,202.544,2986.793,657.094,22.104,5.921,685.120,229.679,0.748930,"Maximal leistbares Rentenvolumen bei stabiler Beitragssatz-Obergrenze, Erwerbstaetigenbasis und abschmelzendem Bestandsschutz-Zuschuss."
2050,moderat,obergrenze_24_prozent,0.240000,914.799,2784.249,202.544,2986.793,716.830,22.104,5.921,744.856,169.943,0.814229,"Maximal leistbares Rentenvolumen bei stabiler Beitragssatz-Obergrenze, Erwerbstaetigenbasis und abschmelzendem Bestandsschutz-Zuschuss."
2051,moderat,ziel_20_prozent,0.200000,935.909,2843.339,208.947,3052.286,610.457,19.663,6.070,636.189,299.720,0.679755,"Maximal leistbares Rentenvolumen bei stabiler Beitragssatz-Obergrenze, Erwerbstaetigenbasis und abschmelzendem Bestandsschutz-Zuschuss."
2051,moderat,stabil_22_prozent,0.220000,935.909,2843.339,208.947,3052.286,671.503,19.663,6.070,697.235,238.674,0.744981,"Maximal leistbares Rentenvolumen bei stabiler Beitragssatz-Obergrenze, Erwerbstaetigenbasis und abschmelzendem Bestandsschutz-Zuschuss."
2051,moderat,obergrenze_24_prozent,0.240000,935.909,2843.339,208.947,3052.286,732.549,19.663,6.070,758.281,177.628,0.810208,"Maximal leistbares Rentenvolumen bei stabiler Beitragssatz-Obergrenze, Erwerbstaetigenbasis und abschmelzendem Bestandsschutz-Zuschuss."
2052,moderat,ziel_20_prozent,0.200000,957.507,2903.644,215.527,3119.172,623.834,17.384,6.221,647.440,310.067,0.676173,"Maximal leistbares Rentenvolumen bei stabiler Beitragssatz-Obergrenze, Erwerbstaetigenbasis und abschmelzendem Bestandsschutz-Zuschuss."
2052,moderat,stabil_22_prozent,0.220000,957.507,2903.644,215.527,3119.172,686.218,17.384,6.221,709.823,247.683,0.741325,"Maximal leistbares Rentenvolumen bei stabiler Beitragssatz-Obergrenze, Erwerbstaetigenbasis und abschmelzendem Bestandsschutz-Zuschuss."
2052,moderat,obergrenze_24_prozent,0.240000,957.507,2903.644,215.527,3119.172,748.601,17.384,6.221,772.207,185.300,0.806476,"Maximal leistbares Rentenvolumen bei stabiler Beitragssatz-Obergrenze, Erwerbstaetigenbasis und abschmelzendem Bestandsschutz-Zuschuss."
2053,moderat,ziel_20_prozent,0.200000,979.602,2965.187,222.290,3187.477,637.495,15.279,6.377,659.151,320.451,0.672876,"Maximal leistbares Rentenvolumen bei stabiler Beitragssatz-Obergrenze, Erwerbstaetigenbasis und abschmelzendem Bestandsschutz-Zuschuss."
2053,moderat,stabil_22_prozent,0.220000,979.602,2965.187,222.290,3187.477,701.245,15.279,6.377,722.901,256.701,0.737953,"Maximal leistbares Rentenvolumen bei stabiler Beitragssatz-Obergrenze, Erwerbstaetigenbasis und abschmelzendem Bestandsschutz-Zuschuss."
2053,moderat,obergrenze_24_prozent,0.240000,979.602,2965.187,222.290,3187.477,764.994,15.279,6.377,786.651,192.952,0.803030,"Maximal leistbares Rentenvolumen bei stabiler Beitragssatz-Obergrenze, Erwerbstaetigenbasis und abschmelzendem Bestandsschutz-Zuschuss."
2054,moderat,ziel_20_prozent,0.200000,1002.208,3027.993,229.239,3257.231,651.446,13.356,6.536,671.338,330.870,0.669859,"Maximal leistbares Rentenvolumen bei stabiler Beitragssatz-Obergrenze, Erwerbstaetigenbasis und abschmelzendem Bestandsschutz-Zuschuss."
2054,moderat,stabil_22_prozent,0.220000,1002.208,3027.993,229.239,3257.231,716.591,13.356,6.536,736.483,265.725,0.734860,"Maximal leistbares Rentenvolumen bei stabiler Beitragssatz-Obergrenze, Erwerbstaetigenbasis und abschmelzendem Bestandsschutz-Zuschuss."
2054,moderat,obergrenze_24_prozent,0.240000,1002.208,3027.993,229.239,3257.231,781.736,13.356,6.536,801.628,200.580,0.799861,"Maximal leistbares Rentenvolumen bei stabiler Beitragssatz-Obergrenze, Erwerbstaetigenbasis und abschmelzendem Bestandsschutz-Zuschuss."
2055,moderat,ziel_20_prozent,0.200000,1025.336,3092.085,236.379,3328.464,665.693,11.620,6.700,684.012,341.323,0.667111,"Maximal leistbares Rentenvolumen bei stabiler Beitragssatz-Obergrenze, Erwerbstaetigenbasis und abschmelzendem Bestandsschutz-Zuschuss."
2055,moderat,stabil_22_prozent,0.220000,1025.336,3092.085,236.379,3328.464,732.262,11.620,6.700,750.582,274.754,0.732035,"Maximal leistbares Rentenvolumen bei stabiler Beitragssatz-Obergrenze, Erwerbstaetigenbasis und abschmelzendem Bestandsschutz-Zuschuss."
2055,moderat,obergrenze_24_prozent,0.240000,1025.336,3092.085,236.379,3328.464,798.831,11.620,6.700,817.151,208.185,0.796959,"Maximal leistbares Rentenvolumen bei stabiler Beitragssatz-Obergrenze, Erwerbstaetigenbasis und abschmelzendem Bestandsschutz-Zuschuss."
2056,moderat,ziel_20_prozent,0.200000,1048.997,3157.490,243.716,3401.205,680.241,10.073,6.867,697.181,351.816,0.664617,"Maximal leistbares Rentenvolumen bei stabiler Beitragssatz-Obergrenze, Erwerbstaetigenbasis und abschmelzendem Bestandsschutz-Zuschuss."
2056,moderat,stabil_22_prozent,0.220000,1048.997,3157.490,243.716,3401.205,748.265,10.073,6.867,765.205,283.792,0.729464,"Maximal leistbares Rentenvolumen bei stabiler Beitragssatz-Obergrenze, Erwerbstaetigenbasis und abschmelzendem Bestandsschutz-Zuschuss."
2056,moderat,obergrenze_24_prozent,0.240000,1048.997,3157.490,243.716,3401.205,816.289,10.073,6.867,833.229,215.768,0.794311,"Maximal leistbares Rentenvolumen bei stabiler Beitragssatz-Obergrenze, Erwerbstaetigenbasis und abschmelzendem Bestandsschutz-Zuschuss."
2057,moderat,ziel_20_prozent,0.200000,1073.204,3224.232,251.253,3475.485,695.097,8.712,7.039,710.848,362.355,0.662361,"Maximal leistbares Rentenvolumen bei stabiler Beitragssatz-Obergrenze, Erwerbstaetigenbasis und abschmelzendem Bestandsschutz-Zuschuss."
2057,moderat,stabil_22_prozent,0.220000,1073.204,3224.232,251.253,3475.485,764.607,8.712,7.039,780.358,292.846,0.727129,"Maximal leistbares Rentenvolumen bei stabiler Beitragssatz-Obergrenze, Erwerbstaetigenbasis und abschmelzendem Bestandsschutz-Zuschuss."
2057,moderat,obergrenze_24_prozent,0.240000,1073.204,3224.232,251.253,3475.485,834.116,8.712,7.039,849.868,223.336,0.791898,"Maximal leistbares Rentenvolumen bei stabiler Beitragssatz-Obergrenze, Erwerbstaetigenbasis und abschmelzendem Bestandsschutz-Zuschuss."
2058,moderat,ziel_20_prozent,0.200000,1097.969,3292.338,258.997,3551.335,710.267,7.533,7.215,725.015,372.954,0.660323,"Maximal leistbares Rentenvolumen bei stabiler Beitragssatz-Obergrenze, Erwerbstaetigenbasis und abschmelzendem Bestandsschutz-Zuschuss."
2058,moderat,stabil_22_prozent,0.220000,1097.969,3292.338,258.997,3551.335,781.294,7.533,7.215,796.042,301.928,0.725013,"Maximal leistbares Rentenvolumen bei stabiler Beitragssatz-Obergrenze, Erwerbstaetigenbasis und abschmelzendem Bestandsschutz-Zuschuss."
2058,moderat,obergrenze_24_prozent,0.240000,1097.969,3292.338,258.997,3551.335,852.320,7.533,7.215,867.068,230.901,0.789702,"Maximal leistbares Rentenvolumen bei stabiler Beitragssatz-Obergrenze, Erwerbstaetigenbasis und abschmelzendem Bestandsschutz-Zuschuss."
2059,moderat,ziel_20_prozent,0.200000,1123.306,3361.834,266.952,3628.786,725.757,6.524,7.395,739.676,383.630,0.658481,"Maximal leistbares Rentenvolumen bei stabiler Beitragssatz-Obergrenze, Erwerbstaetigenbasis und abschmelzendem Bestandsschutz-Zuschuss."
2059,moderat,stabil_22_prozent,0.220000,1123.306,3361.834,266.952,3628.786,798.333,6.524,7.395,812.252,311.055,0.723090,"Maximal leistbares Rentenvolumen bei stabiler Beitragssatz-Obergrenze, Erwerbstaetigenbasis und abschmelzendem Bestandsschutz-Zuschuss."
2059,moderat,obergrenze_24_prozent,0.240000,1123.306,3361.834,266.952,3628.786,870.909,6.524,7.395,884.828,238.479,0.787699,"Maximal leistbares Rentenvolumen bei stabiler Beitragssatz-Obergrenze, Erwerbstaetigenbasis und abschmelzendem Bestandsschutz-Zuschuss."
2060,moderat,ziel_20_prozent,0.200000,1149.228,3432.747,275.123,3707.870,741.574,5.670,7.580,754.824,394.404,0.656809,"Maximal leistbares Rentenvolumen bei stabiler Beitragssatz-Obergrenze, Erwerbstaetigenbasis und abschmelzendem Bestandsschutz-Zuschuss."
2060,moderat,stabil_22_prozent,0.220000,1149.228,3432.747,275.123,3707.870,815.731,5.670,7.580,828.981,320.247,0.721337,"Maximal leistbares Rentenvolumen bei stabiler Beitragssatz-Obergrenze, Erwerbstaetigenbasis und abschmelzendem Bestandsschutz-Zuschuss."
2060,moderat,obergrenze_24_prozent,0.240000,1149.228,3432.747,275.123,3707.870,889.889,5.670,7.580,903.139,246.090,0.785865,"Maximal leistbares Rentenvolumen bei stabiler Beitragssatz-Obergrenze, Erwerbstaetigenbasis und abschmelzendem Bestandsschutz-Zuschuss."
2061,moderat,ziel_20_prozent,0.200000,1175.748,3505.105,283.516,3788.621,757.724,4.954,7.770,770.448,405.301,0.655283,"Maximal leistbares Rentenvolumen bei stabiler Beitragssatz-Obergrenze, Erwerbstaetigenbasis und abschmelzendem Bestandsschutz-Zuschuss."
2061,moderat,stabil_22_prozent,0.220000,1175.748,3505.105,283.516,3788.621,833.497,4.954,7.770,846.220,329.528,0.719729,"Maximal leistbares Rentenvolumen bei stabiler Beitragssatz-Obergrenze, Erwerbstaetigenbasis und abschmelzendem Bestandsschutz-Zuschuss."
2061,moderat,obergrenze_24_prozent,0.240000,1175.748,3505.105,283.516,3788.621,909.269,4.954,7.770,921.992,253.756,0.784175,"Maximal leistbares Rentenvolumen bei stabiler Beitragssatz-Obergrenze, Erwerbstaetigenbasis und abschmelzendem Bestandsschutz-Zuschuss."
2062,moderat,ziel_20_prozent,0.200000,1202.880,3578.935,292.136,3871.071,774.214,4.358,7.964,786.536,416.345,0.653877,"Maximal leistbares Rentenvolumen bei stabiler Beitragssatz-Obergrenze, Erwerbstaetigenbasis und abschmelzendem Bestandsschutz-Zuschuss."
2062,moderat,stabil_22_prozent,0.220000,1202.880,3578.935,292.136,3871.071,851.636,4.358,7.964,863.957,338.923,0.718240,"Maximal leistbares Rentenvolumen bei stabiler Beitragssatz-Obergrenze, Erwerbstaetigenbasis und abschmelzendem Bestandsschutz-Zuschuss."
2062,moderat,obergrenze_24_prozent,0.240000,1202.880,3578.935,292.136,3871.071,929.057,4.358,7.964,941.378,261.502,0.782604,"Maximal leistbares Rentenvolumen bei stabiler Beitragssatz-Obergrenze, Erwerbstaetigenbasis und abschmelzendem Bestandsschutz-Zuschuss."
2063,moderat,ziel_20_prozent,0.200000,1230.638,3654.266,300.990,3955.255,791.051,3.863,8.163,803.076,427.562,0.652569,"Maximal leistbares Rentenvolumen bei stabiler Beitragssatz-Obergrenze, Erwerbstaetigenbasis und abschmelzendem Bestandsschutz-Zuschuss."
2063,moderat,stabil_22_prozent,0.220000,1230.638,3654.266,300.990,3955.255,870.156,3.863,8.163,882.182,348.457,0.716849,"Maximal leistbares Rentenvolumen bei stabiler Beitragssatz-Obergrenze, Erwerbstaetigenbasis und abschmelzendem Bestandsschutz-Zuschuss."
2063,moderat,obergrenze_24_prozent,0.240000,1230.638,3654.266,300.990,3955.255,949.261,3.863,8.163,961.287,269.352,0.781129,"Maximal leistbares Rentenvolumen bei stabiler Beitragssatz-Obergrenze, Erwerbstaetigenbasis und abschmelzendem Bestandsschutz-Zuschuss."
2064,moderat,ziel_20_prozent,0.200000,1259.037,3731.126,310.081,4041.208,808.242,3.452,8.367,820.060,438.977,0.651339,"Maximal leistbares Rentenvolumen bei stabiler Beitragssatz-Obergrenze, Erwerbstaetigenbasis und abschmelzendem Bestandsschutz-Zuschuss."
2064,moderat,stabil_22_prozent,0.220000,1259.037,3731.126,310.081,4041.208,889.066,3.452,8.367,900.884,358.153,0.715535,"Maximal leistbares Rentenvolumen bei stabiler Beitragssatz-Obergrenze, Erwerbstaetigenbasis und abschmelzendem Bestandsschutz-Zuschuss."
2064,moderat,obergrenze_24_prozent,0.240000,1259.037,3731.126,310.081,4041.208,969.890,3.452,8.367,981.709,277.328,0.779730,"Maximal leistbares Rentenvolumen bei stabiler Beitragssatz-Obergrenze, Erwerbstaetigenbasis und abschmelzendem Bestandsschutz-Zuschuss."
2065,moderat,ziel_20_prozent,0.200000,1288.091,3809.546,319.418,4128.964,825.793,3.109,8.576,837.478,450.613,0.650170,"Maximal leistbares Rentenvolumen bei stabiler Beitragssatz-Obergrenze, Erwerbstaetigenbasis und abschmelzendem Bestandsschutz-Zuschuss."
2065,moderat,stabil_22_prozent,0.220000,1288.091,3809.546,319.418,4128.964,908.372,3.109,8.576,920.057,368.034,0.714280,"Maximal leistbares Rentenvolumen bei stabiler Beitragssatz-Obergrenze, Erwerbstaetigenbasis und abschmelzendem Bestandsschutz-Zuschuss."
2065,moderat,obergrenze_24_prozent,0.240000,1288.091,3809.546,319.418,4128.964,990.951,3.109,8.576,1002.637,285.454,0.778390,"Maximal leistbares Rentenvolumen bei stabiler Beitragssatz-Obergrenze, Erwerbstaetigenbasis und abschmelzendem Bestandsschutz-Zuschuss."
2066,moderat,ziel_20_prozent,0.200000,1317.815,3889.555,329.004,4218.559,843.712,2.821,8.790,855.323,462.492,0.649047,"Maximal leistbares Rentenvolumen bei stabiler Beitragssatz-Obergrenze, Erwerbstaetigenbasis und abschmelzendem Bestandsschutz-Zuschuss."
2066,moderat,stabil_22_prozent,0.220000,1317.815,3889.555,329.004,4218.559,928.083,2.821,8.790,939.695,378.121,0.713070,"Maximal leistbares Rentenvolumen bei stabiler Beitragssatz-Obergrenze, Erwerbstaetigenbasis und abschmelzendem Bestandsschutz-Zuschuss."
2066,moderat,obergrenze_24_prozent,0.240000,1317.815,3889.555,329.004,4218.559,1012.454,2.821,8.790,1024.066,293.749,0.777094,"Maximal leistbares Rentenvolumen bei stabiler Beitragssatz-Obergrenze, Erwerbstaetigenbasis und abschmelzendem Bestandsschutz-Zuschuss."
2067,moderat,ziel_20_prozent,0.200000,1348.226,3971.183,338.848,4310.031,862.006,2.576,9.010,873.593,474.633,0.647957,"Maximal leistbares Rentenvolumen bei stabiler Beitragssatz-Obergrenze, Erwerbstaetigenbasis und abschmelzendem Bestandsschutz-Zuschuss."
2067,moderat,stabil_22_prozent,0.220000,1348.226,3971.183,338.848,4310.031,948.207,2.576,9.010,959.793,388.432,0.711894,"Maximal leistbares Rentenvolumen bei stabiler Beitragssatz-Obergrenze, Erwerbstaetigenbasis und abschmelzendem Bestandsschutz-Zuschuss."
2067,moderat,obergrenze_24_prozent,0.240000,1348.226,3971.183,338.848,4310.031,1034.407,2.576,9.010,1045.994,302.232,0.775830,"Maximal leistbares Rentenvolumen bei stabiler Beitragssatz-Obergrenze, Erwerbstaetigenbasis und abschmelzendem Bestandsschutz-Zuschuss."
2068,moderat,ziel_20_prozent,0.200000,1379.338,4054.462,348.954,4403.416,880.683,2.366,9.236,892.285,487.053,0.646894,"Maximal leistbares Rentenvolumen bei stabiler Beitragssatz-Obergrenze, Erwerbstaetigenbasis und abschmelzendem Bestandsschutz-Zuschuss."
2068,moderat,stabil_22_prozent,0.220000,1379.338,4054.462,348.954,4403.416,968.751,2.366,9.236,980.353,398.985,0.710742,"Maximal leistbares Rentenvolumen bei stabiler Beitragssatz-Obergrenze, Erwerbstaetigenbasis und abschmelzendem Bestandsschutz-Zuschuss."
2068,moderat,obergrenze_24_prozent,0.240000,1379.338,4054.462,348.954,4403.416,1056.820,2.366,9.236,1068.421,310.916,0.774590,"Maximal leistbares Rentenvolumen bei stabiler Beitragssatz-Obergrenze, Erwerbstaetigenbasis und abschmelzendem Bestandsschutz-Zuschuss."
2069,moderat,ziel_20_prozent,0.200000,1411.168,4139.422,359.330,4498.752,899.750,2.184,9.466,911.400,499.767,0.645848,"Maximal leistbares Rentenvolumen bei stabiler Beitragssatz-Obergrenze, Erwerbstaetigenbasis und abschmelzendem Bestandsschutz-Zuschuss."
2069,moderat,stabil_22_prozent,0.220000,1411.168,4139.422,359.330,4498.752,989.725,2.184,9.466,1001.375,409.792,0.709608,"Maximal leistbares Rentenvolumen bei stabiler Beitragssatz-Obergrenze, Erwerbstaetigenbasis und abschmelzendem Bestandsschutz-Zuschuss."
2069,moderat,obergrenze_24_prozent,0.240000,1411.168,4139.422,359.330,4498.752,1079.700,2.184,9.466,1091.350,319.817,0.773367,"Maximal leistbares Rentenvolumen bei stabiler Beitragssatz-Obergrenze, Erwerbstaetigenbasis und abschmelzendem Bestandsschutz-Zuschuss."
2070,moderat,ziel_20_prozent,0.200000,1443.732,4226.097,369.981,4596.078,919.216,2.024,9.703,930.943,512.790,0.644817,"Maximal leistbares Rentenvolumen bei stabiler Beitragssatz-Obergrenze, Erwerbstaetigenbasis und abschmelzendem Bestandsschutz-Zuschuss."
2070,moderat,stabil_22_prozent,0.220000,1443.732,4226.097,369.981,4596.078,1011.137,2.024,9.703,1022.864,420.868,0.708486,"Maximal leistbares Rentenvolumen bei stabiler Beitragssatz-Obergrenze, Erwerbstaetigenbasis und abschmelzendem Bestandsschutz-Zuschuss."
2070,moderat,obergrenze_24_prozent,0.240000,1443.732,4226.097,369.981,4596.078,1103.059,2.024,9.703,1114.786,328.947,0.772155,"Maximal leistbares Rentenvolumen bei stabiler Beitragssatz-Obergrenze, Erwerbstaetigenbasis und abschmelzendem Bestandsschutz-Zuschuss."
2027,alt,ziel_20_prozent,0.200000,436.143,1771.589,0.000,1771.589,354.318,100.066,3.356,457.739,-21.596,1.049517,"Maximal leistbares Rentenvolumen bei stabiler Beitragssatz-Obergrenze, Erwerbstaetigenbasis und abschmelzendem Bestandsschutz-Zuschuss."
2027,alt,stabil_22_prozent,0.220000,436.143,1771.589,0.000,1771.589,389.750,100.066,3.356,493.171,-57.028,1.130756,"Maximal leistbares Rentenvolumen bei stabiler Beitragssatz-Obergrenze, Erwerbstaetigenbasis und abschmelzendem Bestandsschutz-Zuschuss."
2027,alt,obergrenze_24_prozent,0.240000,436.143,1771.589,0.000,1771.589,425.181,100.066,3.356,528.603,-92.460,1.211995,"Maximal leistbares Rentenvolumen bei stabiler Beitragssatz-Obergrenze, Erwerbstaetigenbasis und abschmelzendem Bestandsschutz-Zuschuss."
2028,alt,ziel_20_prozent,0.200000,456.261,1800.605,0.000,1800.605,360.121,104.681,3.440,468.242,-11.981,1.026260,"Maximal leistbares Rentenvolumen bei stabiler Beitragssatz-Obergrenze, Erwerbstaetigenbasis und abschmelzendem Bestandsschutz-Zuschuss."
2028,alt,stabil_22_prozent,0.220000,456.261,1800.605,0.000,1800.605,396.133,104.681,3.440,504.254,-47.993,1.105189,"Maximal leistbares Rentenvolumen bei stabiler Beitragssatz-Obergrenze, Erwerbstaetigenbasis und abschmelzendem Bestandsschutz-Zuschuss."
2028,alt,obergrenze_24_prozent,0.240000,456.261,1800.605,0.000,1800.605,432.145,104.681,3.440,540.266,-84.005,1.184117,"Maximal leistbares Rentenvolumen bei stabiler Beitragssatz-Obergrenze, Erwerbstaetigenbasis und abschmelzendem Bestandsschutz-Zuschuss."
2029,alt,ziel_20_prozent,0.200000,477.163,1829.964,0.000,1829.964,365.993,109.477,3.526,478.995,-1.832,1.003840,"Maximal leistbares Rentenvolumen bei stabiler Beitragssatz-Obergrenze, Erwerbstaetigenbasis und abschmelzendem Bestandsschutz-Zuschuss."
2029,alt,stabil_22_prozent,0.220000,477.163,1829.964,0.000,1829.964,402.592,109.477,3.526,515.595,-38.432,1.080542,"Maximal leistbares Rentenvolumen bei stabiler Beitragssatz-Obergrenze, Erwerbstaetigenbasis und abschmelzendem Bestandsschutz-Zuschuss."
2029,alt,obergrenze_24_prozent,0.240000,477.163,1829.964,0.000,1829.964,439.191,109.477,3.526,552.194,-75.031,1.157244,"Maximal leistbares Rentenvolumen bei stabiler Beitragssatz-Obergrenze, Erwerbstaetigenbasis und abschmelzendem Bestandsschutz-Zuschuss."
2030,alt,ziel_20_prozent,0.200000,498.879,1859.666,18.713,1878.379,375.676,97.858,3.614,477.147,21.731,0.956440,"Maximal leistbares Rentenvolumen bei stabiler Beitragssatz-Obergrenze, Erwerbstaetigenbasis und abschmelzendem Bestandsschutz-Zuschuss."
2030,alt,stabil_22_prozent,0.220000,498.879,1859.666,18.713,1878.379,413.243,97.858,3.614,514.715,-15.837,1.031744,"Maximal leistbares Rentenvolumen bei stabiler Beitragssatz-Obergrenze, Erwerbstaetigenbasis und abschmelzendem Bestandsschutz-Zuschuss."
2030,alt,obergrenze_24_prozent,0.240000,498.879,1859.666,18.713,1878.379,450.811,97.858,3.614,552.283,-53.404,1.107048,"Maximal leistbares Rentenvolumen bei stabiler Beitragssatz-Obergrenze, Erwerbstaetigenbasis und abschmelzendem Bestandsschutz-Zuschuss."
2031,alt,ziel_20_prozent,0.200000,521.436,1889.709,38.030,1927.739,385.548,93.199,3.704,482.451,38.985,0.925236,"Maximal leistbares Rentenvolumen bei stabiler Beitragssatz-Obergrenze, Erwerbstaetigenbasis und abschmelzendem Bestandsschutz-Zuschuss."
2031,alt,stabil_22_prozent,0.220000,521.436,1889.709,38.030,1927.739,424.103,93.199,3.704,521.006,0.430,0.999175,"Maximal leistbares Rentenvolumen bei stabiler Beitragssatz-Obergrenze, Erwerbstaetigenbasis und abschmelzendem Bestandsschutz-Zuschuss."
2031,alt,obergrenze_24_prozent,0.240000,521.436,1889.709,38.030,1927.739,462.657,93.199,3.704,559.561,-38.125,1.073115,"Maximal leistbares Rentenvolumen bei stabiler Beitragssatz-Obergrenze, Erwerbstaetigenbasis und abschmelzendem Bestandsschutz-Zuschuss."
2032,alt,ziel_20_prozent,0.200000,544.865,1920.092,57.962,1978.055,395.611,88.574,3.797,487.982,56.884,0.895601,"Maximal leistbares Rentenvolumen bei stabiler Beitragssatz-Obergrenze, Erwerbstaetigenbasis und abschmelzendem Bestandsschutz-Zuschuss."
2032,alt,stabil_22_prozent,0.220000,544.865,1920.092,57.962,1978.055,435.172,88.574,3.797,527.543,17.322,0.968208,"Maximal leistbares Rentenvolumen bei stabiler Beitragssatz-Obergrenze, Erwerbstaetigenbasis und abschmelzendem Bestandsschutz-Zuschuss."
2032,alt,obergrenze_24_prozent,0.240000,544.865,1920.092,57.962,1978.055,474.733,88.574,3.797,567.104,-22.239,1.040815,"Maximal leistbares Rentenvolumen bei stabiler Beitragssatz-Obergrenze, Erwerbstaetigenbasis und abschmelzendem Bestandsschutz-Zuschuss."
2033,alt,ziel_20_prozent,0.200000,569.198,1950.814,78.520,2029.333,405.867,83.992,3.892,493.750,75.448,0.867449,"Maximal leistbares Rentenvolumen bei stabiler Beitragssatz-Obergrenze, Erwerbstaetigenbasis und abschmelzendem Bestandsschutz-Zuschuss."
2033,alt,stabil_22_prozent,0.220000,569.198,1950.814,78.520,2029.333,446.453,83.992,3.892,534.337,34.861,0.938754,"Maximal leistbares Rentenvolumen bei stabiler Beitragssatz-Obergrenze, Erwerbstaetigenbasis und abschmelzendem Bestandsschutz-Zuschuss."
2033,alt,obergrenze_24_prozent,0.240000,569.198,1950.814,78.520,2029.333,487.040,83.992,3.892,574.924,-5.725,1.010059,"Maximal leistbares Rentenvolumen bei stabiler Beitragssatz-Obergrenze, Erwerbstaetigenbasis und abschmelzendem Bestandsschutz-Zuschuss."
2034,alt,ziel_20_prozent,0.200000,594.466,1981.871,99.712,2081.583,416.317,79.464,3.989,499.770,94.697,0.840703,"Maximal leistbares Rentenvolumen bei stabiler Beitragssatz-Obergrenze, Erwerbstaetigenbasis und abschmelzendem Bestandsschutz-Zuschuss."
2034,alt,stabil_22_prozent,0.220000,594.466,1981.871,99.712,2081.583,457.948,79.464,3.989,541.401,53.065,0.910735,"Maximal leistbares Rentenvolumen bei stabiler Beitragssatz-Obergrenze, Erwerbstaetigenbasis und abschmelzendem Bestandsschutz-Zuschuss."
2034,alt,obergrenze_24_prozent,0.240000,594.466,1981.871,99.712,2081.583,499.580,79.464,3.989,583.033,11.434,0.980767,"Maximal leistbares Rentenvolumen bei stabiler Beitragssatz-Obergrenze, Erwerbstaetigenbasis und abschmelzendem Bestandsschutz-Zuschuss."
2035,alt,ziel_20_prozent,0.200000,620.703,2013.262,121.550,2134.811,426.962,75.003,4.089,506.054,114.649,0.815292,"Maximal leistbares Rentenvolumen bei stabiler Beitragssatz-Obergrenze, Erwerbstaetigenbasis und abschmelzendem Bestandsschutz-Zuschuss."
2035,alt,stabil_22_prozent,0.220000,620.703,2013.262,121.550,2134.811,469.658,75.003,4.089,548.750,71.953,0.884078,"Maximal leistbares Rentenvolumen bei stabiler Beitragssatz-Obergrenze, Erwerbstaetigenbasis und abschmelzendem Bestandsschutz-Zuschuss."
2035,alt,obergrenze_24_prozent,0.240000,620.703,2013.262,121.550,2134.811,512.355,75.003,4.089,591.447,29.257,0.952865,"Maximal leistbares Rentenvolumen bei stabiler Beitragssatz-Obergrenze, Erwerbstaetigenbasis und abschmelzendem Bestandsschutz-Zuschuss."
2036,alt,ziel_20_prozent,0.200000,647.943,2044.983,125.238,2170.221,434.044,70.625,4.191,508.860,139.084,0.785346,"Maximal leistbares Rentenvolumen bei stabiler Beitragssatz-Obergrenze, Erwerbstaetigenbasis und abschmelzendem Bestandsschutz-Zuschuss."
2036,alt,stabil_22_prozent,0.220000,647.943,2044.983,125.238,2170.221,477.449,70.625,4.191,552.264,95.679,0.852334,"Maximal leistbares Rentenvolumen bei stabiler Beitragssatz-Obergrenze, Erwerbstaetigenbasis und abschmelzendem Bestandsschutz-Zuschuss."
2036,alt,obergrenze_24_prozent,0.240000,647.943,2044.983,125.238,2170.221,520.853,70.625,4.191,595.669,52.275,0.919322,"Maximal leistbares Rentenvolumen bei stabiler Beitragssatz-Obergrenze, Erwerbstaetigenbasis und abschmelzendem Bestandsschutz-Zuschuss."
2037,alt,ziel_20_prozent,0.200000,676.222,2077.033,129.002,2206.035,441.207,66.341,4.296,511.844,164.379,0.756916,"Maximal leistbares Rentenvolumen bei stabiler Beitragssatz-Obergrenze, Erwerbstaetigenbasis und abschmelzendem Bestandsschutz-Zuschuss."
2037,alt,stabil_22_prozent,0.220000,676.222,2077.033,129.002,2206.035,485.328,66.341,4.296,555.964,120.258,0.822162,"Maximal leistbares Rentenvolumen bei stabiler Beitragssatz-Obergrenze, Erwerbstaetigenbasis und abschmelzendem Bestandsschutz-Zuschuss."
2037,alt,obergrenze_24_prozent,0.240000,676.222,2077.033,129.002,2206.035,529.448,66.341,4.296,600.085,76.137,0.887408,"Maximal leistbares Rentenvolumen bei stabiler Beitragssatz-Obergrenze, Erwerbstaetigenbasis und abschmelzendem Bestandsschutz-Zuschuss."
2038,alt,ziel_20_prozent,0.200000,705.577,2109.407,132.842,2242.249,448.450,62.165,4.403,515.018,190.559,0.729925,"Maximal leistbares Rentenvolumen bei stabiler Beitragssatz-Obergrenze, Erwerbstaetigenbasis und abschmelzendem Bestandsschutz-Zuschuss."
2038,alt,stabil_22_prozent,0.220000,705.577,2109.407,132.842,2242.249,493.295,62.165,4.403,559.863,145.714,0.793482,"Maximal leistbares Rentenvolumen bei stabiler Beitragssatz-Obergrenze, Erwerbstaetigenbasis und abschmelzendem Bestandsschutz-Zuschuss."
2038,alt,obergrenze_24_prozent,0.240000,705.577,2109.407,132.842,2242.249,538.140,62.165,4.403,604.708,100.869,0.857040,"Maximal leistbares Rentenvolumen bei stabiler Beitragssatz-Obergrenze, Erwerbstaetigenbasis und abschmelzendem Bestandsschutz-Zuschuss."
2039,alt,ziel_20_prozent,0.200000,725.865,2149.888,137.256,2287.144,457.429,58.108,4.513,520.050,205.816,0.716455,"Maximal leistbares Rentenvolumen bei stabiler Beitragssatz-Obergrenze, Erwerbstaetigenbasis und abschmelzendem Bestandsschutz-Zuschuss."
2039,alt,stabil_22_prozent,0.220000,725.865,2149.888,137.256,2287.144,503.172,58.108,4.513,565.793,160.073,0.779473,"Maximal leistbares Rentenvolumen bei stabiler Beitragssatz-Obergrenze, Erwerbstaetigenbasis und abschmelzendem Bestandsschutz-Zuschuss."
2039,alt,obergrenze_24_prozent,0.240000,725.865,2149.888,137.256,2287.144,548.914,58.108,4.513,611.536,114.330,0.842492,"Maximal leistbares Rentenvolumen bei stabiler Beitragssatz-Obergrenze, Erwerbstaetigenbasis und abschmelzendem Bestandsschutz-Zuschuss."
2040,alt,ziel_20_prozent,0.200000,743.105,2191.075,141.785,2332.860,466.572,54.176,4.626,525.374,217.731,0.706998,"Maximal leistbares Rentenvolumen bei stabiler Beitragssatz-Obergrenze, Erwerbstaetigenbasis und abschmelzendem Bestandsschutz-Zuschuss."
2040,alt,stabil_22_prozent,0.220000,743.105,2191.075,141.785,2332.860,513.229,54.176,4.626,572.031,171.074,0.769785,"Maximal leistbares Rentenvolumen bei stabiler Beitragssatz-Obergrenze, Erwerbstaetigenbasis und abschmelzendem Bestandsschutz-Zuschuss."
2040,alt,obergrenze_24_prozent,0.240000,743.105,2191.075,141.785,2332.860,559.886,54.176,4.626,618.688,124.417,0.832572,"Maximal leistbares Rentenvolumen bei stabiler Beitragssatz-Obergrenze, Erwerbstaetigenbasis und abschmelzendem Bestandsschutz-Zuschuss."
2041,alt,ziel_20_prozent,0.200000,760.753,2232.977,146.433,2379.410,475.882,50.374,4.742,530.997,229.755,0.697989,"Maximal leistbares Rentenvolumen bei stabiler Beitragssatz-Obergrenze, Erwerbstaetigenbasis und abschmelzendem Bestandsschutz-Zuschuss."
2041,alt,stabil_22_prozent,0.220000,760.753,2232.977,146.433,2379.410,523.470,50.374,4.742,578.586,182.167,0.760543,"Maximal leistbares Rentenvolumen bei stabiler Beitragssatz-Obergrenze, Erwerbstaetigenbasis und abschmelzendem Bestandsschutz-Zuschuss."
2041,alt,obergrenze_24_prozent,0.240000,760.753,2232.977,146.433,2379.410,571.059,50.374,4.742,626.174,134.579,0.823098,"Maximal leistbares Rentenvolumen bei stabiler Beitragssatz-Obergrenze, Erwerbstaetigenbasis und abschmelzendem Bestandsschutz-Zuschuss."
2042,alt,ziel_20_prozent,0.200000,778.820,2275.605,151.202,2426.807,485.361,46.704,4.860,536.925,241.895,0.689409,"Maximal leistbares Rentenvolumen bei stabiler Beitragssatz-Obergrenze, Erwerbstaetigenbasis und abschmelzendem Bestandsschutz-Zuschuss."
2042,alt,stabil_22_prozent,0.220000,778.820,2275.605,151.202,2426.807,533.898,46.704,4.860,585.461,193.358,0.751729,"Maximal leistbares Rentenvolumen bei stabiler Beitragssatz-Obergrenze, Erwerbstaetigenbasis und abschmelzendem Bestandsschutz-Zuschuss."
2042,alt,obergrenze_24_prozent,0.240000,778.820,2275.605,151.202,2426.807,582.434,46.704,4.860,633.997,144.822,0.814049,"Maximal leistbares Rentenvolumen bei stabiler Beitragssatz-Obergrenze, Erwerbstaetigenbasis und abschmelzendem Bestandsschutz-Zuschuss."
2043,alt,ziel_20_prozent,0.200000,797.315,2318.969,156.095,2475.064,495.013,43.166,4.982,543.160,254.155,0.681236,"Maximal leistbares Rentenvolumen bei stabiler Beitragssatz-Obergrenze, Erwerbstaetigenbasis und abschmelzendem Bestandsschutz-Zuschuss."
2043,alt,stabil_22_prozent,0.220000,797.315,2318.969,156.095,2475.064,544.514,43.166,4.982,592.661,204.654,0.743321,"Maximal leistbares Rentenvolumen bei stabiler Beitragssatz-Obergrenze, Erwerbstaetigenbasis und abschmelzendem Bestandsschutz-Zuschuss."
2043,alt,obergrenze_24_prozent,0.240000,797.315,2318.969,156.095,2475.064,594.015,43.166,4.982,642.163,155.153,0.805406,"Maximal leistbares Rentenvolumen bei stabiler Beitragssatz-Obergrenze, Erwerbstaetigenbasis und abschmelzendem Bestandsschutz-Zuschuss."
2044,alt,ziel_20_prozent,0.200000,816.250,2363.079,161.113,2524.192,504.838,39.759,5.106,549.704,266.546,0.673451,"Maximal leistbares Rentenvolumen bei stabiler Beitragssatz-Obergrenze, Erwerbstaetigenbasis und abschmelzendem Bestandsschutz-Zuschuss."
2044,alt,stabil_22_prozent,0.220000,816.250,2363.079,161.113,2524.192,555.322,39.759,5.106,600.188,216.062,0.735299,"Maximal leistbares Rentenvolumen bei stabiler Beitragssatz-Obergrenze, Erwerbstaetigenbasis und abschmelzendem Bestandsschutz-Zuschuss."
2044,alt,obergrenze_24_prozent,0.240000,816.250,2363.079,161.113,2524.192,605.806,39.759,5.106,650.672,165.578,0.797148,"Maximal leistbares Rentenvolumen bei stabiler Beitragssatz-Obergrenze, Erwerbstaetigenbasis und abschmelzendem Bestandsschutz-Zuschuss."
2045,alt,ziel_20_prozent,0.200000,835.633,2407.945,166.260,2574.205,514.841,36.483,5.234,556.558,279.076,0.666031,"Maximal leistbares Rentenvolumen bei stabiler Beitragssatz-Obergrenze, Erwerbstaetigenbasis und abschmelzendem Bestandsschutz-Zuschuss."
2045,alt,stabil_22_prozent,0.220000,835.633,2407.945,166.260,2574.205,566.325,36.483,5.234,608.042,227.592,0.727642,"Maximal leistbares Rentenvolumen bei stabiler Beitragssatz-Obergrenze, Erwerbstaetigenbasis und abschmelzendem Bestandsschutz-Zuschuss."
2045,alt,obergrenze_24_prozent,0.240000,835.633,2407.945,166.260,2574.205,617.809,36.483,5.234,659.526,176.107,0.789253,"Maximal leistbares Rentenvolumen bei stabiler Beitragssatz-Obergrenze, Erwerbstaetigenbasis und abschmelzendem Bestandsschutz-Zuschuss."
2046,alt,ziel_20_prozent,0.200000,855.477,2453.578,171.227,2624.804,524.961,33.337,5.365,563.662,291.815,0.658887,"Maximal leistbares Rentenvolumen bei stabiler Beitragssatz-Obergrenze, Erwerbstaetigenbasis und abschmelzendem Bestandsschutz-Zuschuss."
2046,alt,stabil_22_prozent,0.220000,855.477,2453.578,171.227,2624.804,577.457,33.337,5.365,616.158,239.319,0.720251,"Maximal leistbares Rentenvolumen bei stabiler Beitragssatz-Obergrenze, Erwerbstaetigenbasis und abschmelzendem Bestandsschutz-Zuschuss."
2046,alt,obergrenze_24_prozent,0.240000,855.477,2453.578,171.227,2624.804,629.953,33.337,5.365,668.654,186.823,0.781616,"Maximal leistbares Rentenvolumen bei stabiler Beitragssatz-Obergrenze, Erwerbstaetigenbasis und abschmelzendem Bestandsschutz-Zuschuss."
2047,alt,ziel_20_prozent,0.200000,875.791,2499.987,176.315,2676.302,535.260,30.322,5.499,571.081,304.710,0.652074,"Maximal leistbares Rentenvolumen bei stabiler Beitragssatz-Obergrenze, Erwerbstaetigenbasis und abschmelzendem Bestandsschutz-Zuschuss."
2047,alt,stabil_22_prozent,0.220000,875.791,2499.987,176.315,2676.302,588.786,30.322,5.499,624.607,251.184,0.713192,"Maximal leistbares Rentenvolumen bei stabiler Beitragssatz-Obergrenze, Erwerbstaetigenbasis und abschmelzendem Bestandsschutz-Zuschuss."
2047,alt,obergrenze_24_prozent,0.240000,875.791,2499.987,176.315,2676.302,642.312,30.322,5.499,678.133,197.658,0.774309,"Maximal leistbares Rentenvolumen bei stabiler Beitragssatz-Obergrenze, Erwerbstaetigenbasis und abschmelzendem Bestandsschutz-Zuschuss."
2048,alt,ziel_20_prozent,0.200000,896.587,2547.183,181.529,2728.711,545.742,27.441,5.636,578.820,317.767,0.645581,"Maximal leistbares Rentenvolumen bei stabiler Beitragssatz-Obergrenze, Erwerbstaetigenbasis und abschmelzendem Bestandsschutz-Zuschuss."
2048,alt,stabil_22_prozent,0.220000,896.587,2547.183,181.529,2728.711,600.317,27.441,5.636,633.394,263.193,0.706450,"Maximal leistbares Rentenvolumen bei stabiler Beitragssatz-Obergrenze, Erwerbstaetigenbasis und abschmelzendem Bestandsschutz-Zuschuss."
2048,alt,obergrenze_24_prozent,0.240000,896.587,2547.183,181.529,2728.711,654.891,27.441,5.636,687.968,208.619,0.767319,"Maximal leistbares Rentenvolumen bei stabiler Beitragssatz-Obergrenze, Erwerbstaetigenbasis und abschmelzendem Bestandsschutz-Zuschuss."
2049,alt,ziel_20_prozent,0.200000,917.877,2595.176,186.870,2782.046,556.409,24.700,5.777,586.886,330.991,0.639395,"Maximal leistbares Rentenvolumen bei stabiler Beitragssatz-Obergrenze, Erwerbstaetigenbasis und abschmelzendem Bestandsschutz-Zuschuss."
2049,alt,stabil_22_prozent,0.220000,917.877,2595.176,186.870,2782.046,612.050,24.700,5.777,642.527,275.350,0.700014,"Maximal leistbares Rentenvolumen bei stabiler Beitragssatz-Obergrenze, Erwerbstaetigenbasis und abschmelzendem Bestandsschutz-Zuschuss."
2049,alt,obergrenze_24_prozent,0.240000,917.877,2595.176,186.870,2782.046,667.691,24.700,5.777,698.168,219.709,0.760634,"Maximal leistbares Rentenvolumen bei stabiler Beitragssatz-Obergrenze, Erwerbstaetigenbasis und abschmelzendem Bestandsschutz-Zuschuss."
2050,alt,ziel_20_prozent,0.200000,939.671,2643.977,192.340,2836.317,567.263,22.104,5.921,595.289,344.382,0.633508,"Maximal leistbares Rentenvolumen bei stabiler Beitragssatz-Obergrenze, Erwerbstaetigenbasis und abschmelzendem Bestandsschutz-Zuschuss."
2050,alt,stabil_22_prozent,0.220000,939.671,2643.977,192.340,2836.317,623.990,22.104,5.921,652.016,287.656,0.693876,"Maximal leistbares Rentenvolumen bei stabiler Beitragssatz-Obergrenze, Erwerbstaetigenbasis und abschmelzendem Bestandsschutz-Zuschuss."
2050,alt,obergrenze_24_prozent,0.240000,939.671,2643.977,192.340,2836.317,680.716,22.104,5.921,708.742,230.929,0.754245,"Maximal leistbares Rentenvolumen bei stabiler Beitragssatz-Obergrenze, Erwerbstaetigenbasis und abschmelzendem Bestandsschutz-Zuschuss."
2051,alt,ziel_20_prozent,0.200000,961.982,2693.596,197.943,2891.539,578.308,19.663,6.070,604.040,357.943,0.627912,"Maximal leistbares Rentenvolumen bei stabiler Beitragssatz-Obergrenze, Erwerbstaetigenbasis und abschmelzendem Bestandsschutz-Zuschuss."
2051,alt,stabil_22_prozent,0.220000,961.982,2693.596,197.943,2891.539,636.139,19.663,6.070,661.871,300.112,0.688028,"Maximal leistbares Rentenvolumen bei stabiler Beitragssatz-Obergrenze, Erwerbstaetigenbasis und abschmelzendem Bestandsschutz-Zuschuss."
2051,alt,obergrenze_24_prozent,0.240000,961.982,2693.596,197.943,2891.539,693.969,19.663,6.070,719.701,242.281,0.748144,"Maximal leistbares Rentenvolumen bei stabiler Beitragssatz-Obergrenze, Erwerbstaetigenbasis und abschmelzendem Bestandsschutz-Zuschuss."
2052,alt,ziel_20_prozent,0.200000,984.823,2744.044,203.681,2947.725,589.545,17.384,6.221,613.150,371.673,0.622599,"Maximal leistbares Rentenvolumen bei stabiler Beitragssatz-Obergrenze, Erwerbstaetigenbasis und abschmelzendem Bestandsschutz-Zuschuss."
2052,alt,stabil_22_prozent,0.220000,984.823,2744.044,203.681,2947.725,648.499,17.384,6.221,672.105,312.718,0.682463,"Maximal leistbares Rentenvolumen bei stabiler Beitragssatz-Obergrenze, Erwerbstaetigenbasis und abschmelzendem Bestandsschutz-Zuschuss."
2052,alt,obergrenze_24_prozent,0.240000,984.823,2744.044,203.681,2947.725,707.454,17.384,6.221,731.059,253.764,0.742326,"Maximal leistbares Rentenvolumen bei stabiler Beitragssatz-Obergrenze, Erwerbstaetigenbasis und abschmelzendem Bestandsschutz-Zuschuss."
2053,alt,ziel_20_prozent,0.200000,1008.206,2795.330,209.556,3004.886,600.977,15.279,6.377,622.633,385.572,0.617566,"Maximal leistbares Rentenvolumen bei stabiler Beitragssatz-Obergrenze, Erwerbstaetigenbasis und abschmelzendem Bestandsschutz-Zuschuss."
2053,alt,stabil_22_prozent,0.220000,1008.206,2795.330,209.556,3004.886,661.075,15.279,6.377,682.731,325.475,0.677174,"Maximal leistbares Rentenvolumen bei stabiler Beitragssatz-Obergrenze, Erwerbstaetigenbasis und abschmelzendem Bestandsschutz-Zuschuss."
2053,alt,obergrenze_24_prozent,0.240000,1008.206,2795.330,209.556,3004.886,721.173,15.279,6.377,742.829,265.377,0.736783,"Maximal leistbares Rentenvolumen bei stabiler Beitragssatz-Obergrenze, Erwerbstaetigenbasis und abschmelzendem Bestandsschutz-Zuschuss."
2054,alt,ziel_20_prozent,0.200000,1032.143,2847.466,215.572,3063.038,612.608,13.356,6.536,632.500,399.643,0.612803,"Maximal leistbares Rentenvolumen bei stabiler Beitragssatz-Obergrenze, Erwerbstaetigenbasis und abschmelzendem Bestandsschutz-Zuschuss."
2054,alt,stabil_22_prozent,0.220000,1032.143,2847.466,215.572,3063.038,673.868,13.356,6.536,693.761,338.382,0.672156,"Maximal leistbares Rentenvolumen bei stabiler Beitragssatz-Obergrenze, Erwerbstaetigenbasis und abschmelzendem Bestandsschutz-Zuschuss."
2054,alt,obergrenze_24_prozent,0.240000,1032.143,2847.466,215.572,3063.038,735.129,13.356,6.536,755.021,277.121,0.731509,"Maximal leistbares Rentenvolumen bei stabiler Beitragssatz-Obergrenze, Erwerbstaetigenbasis und abschmelzendem Bestandsschutz-Zuschuss."
2055,alt,ziel_20_prozent,0.200000,1056.648,2900.461,221.730,3122.192,624.438,11.620,6.700,642.758,413.890,0.608299,"Maximal leistbares Rentenvolumen bei stabiler Beitragssatz-Obergrenze, Erwerbstaetigenbasis und abschmelzendem Bestandsschutz-Zuschuss."
2055,alt,stabil_22_prozent,0.220000,1056.648,2900.461,221.730,3122.192,686.882,11.620,6.700,705.202,351.446,0.667395,"Maximal leistbares Rentenvolumen bei stabiler Beitragssatz-Obergrenze, Erwerbstaetigenbasis und abschmelzendem Bestandsschutz-Zuschuss."
2055,alt,obergrenze_24_prozent,0.240000,1056.648,2900.461,221.730,3122.192,749.326,11.620,6.700,767.645,289.002,0.726491,"Maximal leistbares Rentenvolumen bei stabiler Beitragssatz-Obergrenze, Erwerbstaetigenbasis und abschmelzendem Bestandsschutz-Zuschuss."
2056,alt,ziel_20_prozent,0.200000,1081.734,2954.327,228.034,3182.361,636.472,10.073,6.867,653.412,428.322,0.604041,"Maximal leistbares Rentenvolumen bei stabiler Beitragssatz-Obergrenze, Erwerbstaetigenbasis und abschmelzendem Bestandsschutz-Zuschuss."
2056,alt,stabil_22_prozent,0.220000,1081.734,2954.327,228.034,3182.361,700.119,10.073,6.867,717.059,364.674,0.662880,"Maximal leistbares Rentenvolumen bei stabiler Beitragssatz-Obergrenze, Erwerbstaetigenbasis und abschmelzendem Bestandsschutz-Zuschuss."
2056,alt,obergrenze_24_prozent,0.240000,1081.734,2954.327,228.034,3182.361,763.767,10.073,6.867,780.706,301.027,0.721718,"Maximal leistbares Rentenvolumen bei stabiler Beitragssatz-Obergrenze, Erwerbstaetigenbasis und abschmelzendem Bestandsschutz-Zuschuss."
2057,alt,ziel_20_prozent,0.200000,1107.415,3009.073,234.487,3243.560,648.712,8.712,7.039,664.463,442.952,0.600013,"Maximal leistbares Rentenvolumen bei stabiler Beitragssatz-Obergrenze, Erwerbstaetigenbasis und abschmelzendem Bestandsschutz-Zuschuss."
2057,alt,stabil_22_prozent,0.220000,1107.415,3009.073,234.487,3243.560,713.583,8.712,7.039,729.334,378.080,0.658592,"Maximal leistbares Rentenvolumen bei stabiler Beitragssatz-Obergrenze, Erwerbstaetigenbasis und abschmelzendem Bestandsschutz-Zuschuss."
2057,alt,obergrenze_24_prozent,0.240000,1107.415,3009.073,234.487,3243.560,778.454,8.712,7.039,794.206,313.209,0.717171,"Maximal leistbares Rentenvolumen bei stabiler Beitragssatz-Obergrenze, Erwerbstaetigenbasis und abschmelzendem Bestandsschutz-Zuschuss."
2058,alt,ziel_20_prozent,0.200000,1133.705,3064.710,241.090,3305.800,661.160,7.533,7.215,675.908,457.797,0.596194,"Maximal leistbares Rentenvolumen bei stabiler Beitragssatz-Obergrenze, Erwerbstaetigenbasis und abschmelzendem Bestandsschutz-Zuschuss."
2058,alt,stabil_22_prozent,0.220000,1133.705,3064.710,241.090,3305.800,727.276,7.533,7.215,742.024,391.681,0.654512,"Maximal leistbares Rentenvolumen bei stabiler Beitragssatz-Obergrenze, Erwerbstaetigenbasis und abschmelzendem Bestandsschutz-Zuschuss."
2058,alt,obergrenze_24_prozent,0.240000,1133.705,3064.710,241.090,3305.800,793.392,7.533,7.215,808.140,325.565,0.712831,"Maximal leistbares Rentenvolumen bei stabiler Beitragssatz-Obergrenze, Erwerbstaetigenbasis und abschmelzendem Bestandsschutz-Zuschuss."
2059,alt,ziel_20_prozent,0.200000,1160.619,3121.248,247.848,3369.096,673.819,6.524,7.395,687.738,472.880,0.592562,"Maximal leistbares Rentenvolumen bei stabiler Beitragssatz-Obergrenze, Erwerbstaetigenbasis und abschmelzendem Bestandsschutz-Zuschuss."
2059,alt,stabil_22_prozent,0.220000,1160.619,3121.248,247.848,3369.096,741.201,6.524,7.395,755.120,405.499,0.650619,"Maximal leistbares Rentenvolumen bei stabiler Beitragssatz-Obergrenze, Erwerbstaetigenbasis und abschmelzendem Bestandsschutz-Zuschuss."
2059,alt,obergrenze_24_prozent,0.240000,1160.619,3121.248,247.848,3369.096,808.583,6.524,7.395,822.502,338.117,0.708675,"Maximal leistbares Rentenvolumen bei stabiler Beitragssatz-Obergrenze, Erwerbstaetigenbasis und abschmelzendem Bestandsschutz-Zuschuss."
2060,alt,ziel_20_prozent,0.200000,1188.171,3178.698,254.762,3433.459,686.692,5.670,7.580,699.942,488.229,0.589092,"Maximal leistbares Rentenvolumen bei stabiler Beitragssatz-Obergrenze, Erwerbstaetigenbasis und abschmelzendem Bestandsschutz-Zuschuss."
2060,alt,stabil_22_prozent,0.220000,1188.171,3178.698,254.762,3433.459,755.361,5.670,7.580,768.611,419.560,0.646886,"Maximal leistbares Rentenvolumen bei stabiler Beitragssatz-Obergrenze, Erwerbstaetigenbasis und abschmelzendem Bestandsschutz-Zuschuss."
2060,alt,obergrenze_24_prozent,0.240000,1188.171,3178.698,254.762,3433.459,824.030,5.670,7.580,837.280,350.891,0.704680,"Maximal leistbares Rentenvolumen bei stabiler Beitragssatz-Obergrenze, Erwerbstaetigenbasis und abschmelzendem Bestandsschutz-Zuschuss."
2061,alt,ziel_20_prozent,0.200000,1216.376,3237.069,261.836,3498.904,699.781,4.954,7.770,712.504,503.872,0.585760,"Maximal leistbares Rentenvolumen bei stabiler Beitragssatz-Obergrenze, Erwerbstaetigenbasis und abschmelzendem Bestandsschutz-Zuschuss."
2061,alt,stabil_22_prozent,0.220000,1216.376,3237.069,261.836,3498.904,769.759,4.954,7.770,782.482,433.894,0.643290,"Maximal leistbares Rentenvolumen bei stabiler Beitragssatz-Obergrenze, Erwerbstaetigenbasis und abschmelzendem Bestandsschutz-Zuschuss."
2061,alt,obergrenze_24_prozent,0.240000,1216.376,3237.069,261.836,3498.904,839.737,4.954,7.770,852.460,363.916,0.700820,"Maximal leistbares Rentenvolumen bei stabiler Beitragssatz-Obergrenze, Erwerbstaetigenbasis und abschmelzendem Bestandsschutz-Zuschuss."
2062,alt,ziel_20_prozent,0.200000,1245.250,3296.372,269.072,3565.444,713.089,4.358,7.964,725.410,519.840,0.582542,"Maximal leistbares Rentenvolumen bei stabiler Beitragssatz-Obergrenze, Erwerbstaetigenbasis und abschmelzendem Bestandsschutz-Zuschuss."
2062,alt,stabil_22_prozent,0.220000,1245.250,3296.372,269.072,3565.444,784.398,4.358,7.964,796.719,448.531,0.639806,"Maximal leistbares Rentenvolumen bei stabiler Beitragssatz-Obergrenze, Erwerbstaetigenbasis und abschmelzendem Bestandsschutz-Zuschuss."
2062,alt,obergrenze_24_prozent,0.240000,1245.250,3296.372,269.072,3565.444,855.706,4.358,7.964,868.028,377.223,0.697071,"Maximal leistbares Rentenvolumen bei stabiler Beitragssatz-Obergrenze, Erwerbstaetigenbasis und abschmelzendem Bestandsschutz-Zuschuss."
2063,alt,ziel_20_prozent,0.200000,1274.809,3356.617,276.473,3633.090,726.618,3.863,8.163,738.643,536.166,0.579415,"Maximal leistbares Rentenvolumen bei stabiler Beitragssatz-Obergrenze, Erwerbstaetigenbasis und abschmelzendem Bestandsschutz-Zuschuss."
2063,alt,stabil_22_prozent,0.220000,1274.809,3356.617,276.473,3633.090,799.280,3.863,8.163,811.305,463.504,0.636413,"Maximal leistbares Rentenvolumen bei stabiler Beitragssatz-Obergrenze, Erwerbstaetigenbasis und abschmelzendem Bestandsschutz-Zuschuss."
2063,alt,obergrenze_24_prozent,0.240000,1274.809,3356.617,276.473,3633.090,871.942,3.863,8.163,883.967,390.842,0.693411,"Maximal leistbares Rentenvolumen bei stabiler Beitragssatz-Obergrenze, Erwerbstaetigenbasis und abschmelzendem Bestandsschutz-Zuschuss."
2064,alt,ziel_20_prozent,0.200000,1305.069,3417.814,284.043,3701.857,740.371,3.452,8.367,752.190,552.879,0.576360,"Maximal leistbares Rentenvolumen bei stabiler Beitragssatz-Obergrenze, Erwerbstaetigenbasis und abschmelzendem Bestandsschutz-Zuschuss."
2064,alt,stabil_22_prozent,0.220000,1305.069,3417.814,284.043,3701.857,814.409,3.452,8.367,826.227,478.842,0.633091,"Maximal leistbares Rentenvolumen bei stabiler Beitragssatz-Obergrenze, Erwerbstaetigenbasis und abschmelzendem Bestandsschutz-Zuschuss."
2064,alt,obergrenze_24_prozent,0.240000,1305.069,3417.814,284.043,3701.857,888.446,3.452,8.367,900.264,404.805,0.689821,"Maximal leistbares Rentenvolumen bei stabiler Beitragssatz-Obergrenze, Erwerbstaetigenbasis und abschmelzendem Bestandsschutz-Zuschuss."
2065,alt,ziel_20_prozent,0.200000,1336.047,3479.973,291.784,3771.757,754.351,3.109,8.576,766.037,570.010,0.573361,"Maximal leistbares Rentenvolumen bei stabiler Beitragssatz-Obergrenze, Erwerbstaetigenbasis und abschmelzendem Bestandsschutz-Zuschuss."
2065,alt,stabil_22_prozent,0.220000,1336.047,3479.973,291.784,3771.757,829.787,3.109,8.576,841.472,494.575,0.629822,"Maximal leistbares Rentenvolumen bei stabiler Beitragssatz-Obergrenze, Erwerbstaetigenbasis und abschmelzendem Bestandsschutz-Zuschuss."
2065,alt,obergrenze_24_prozent,0.240000,1336.047,3479.973,291.784,3771.757,905.222,3.109,8.576,916.907,419.140,0.686283,"Maximal leistbares Rentenvolumen bei stabiler Beitragssatz-Obergrenze, Erwerbstaetigenbasis und abschmelzendem Bestandsschutz-Zuschuss."
2066,alt,ziel_20_prozent,0.200000,1367.759,3543.104,299.699,3842.803,768.561,2.821,8.790,780.172,587.587,0.570402,"Maximal leistbares Rentenvolumen bei stabiler Beitragssatz-Obergrenze, Erwerbstaetigenbasis und abschmelzendem Bestandsschutz-Zuschuss."
2066,alt,stabil_22_prozent,0.220000,1367.759,3543.104,299.699,3842.803,845.417,2.821,8.790,857.028,510.731,0.626593,"Maximal leistbares Rentenvolumen bei stabiler Beitragssatz-Obergrenze, Erwerbstaetigenbasis und abschmelzendem Bestandsschutz-Zuschuss."
2066,alt,obergrenze_24_prozent,0.240000,1367.759,3543.104,299.699,3842.803,922.273,2.821,8.790,933.884,433.875,0.682784,"Maximal leistbares Rentenvolumen bei stabiler Beitragssatz-Obergrenze, Erwerbstaetigenbasis und abschmelzendem Bestandsschutz-Zuschuss."
2067,alt,ziel_20_prozent,0.200000,1400.224,3607.217,307.792,3915.008,783.002,2.576,9.010,794.588,605.635,0.567472,"Maximal leistbares Rentenvolumen bei stabiler Beitragssatz-Obergrenze, Erwerbstaetigenbasis und abschmelzendem Bestandsschutz-Zuschuss."
2067,alt,stabil_22_prozent,0.220000,1400.224,3607.217,307.792,3915.008,861.302,2.576,9.010,872.888,527.335,0.623392,"Maximal leistbares Rentenvolumen bei stabiler Beitragssatz-Obergrenze, Erwerbstaetigenbasis und abschmelzendem Bestandsschutz-Zuschuss."
2067,alt,obergrenze_24_prozent,0.240000,1400.224,3607.217,307.792,3915.008,939.602,2.576,9.010,951.189,449.035,0.679312,"Maximal leistbares Rentenvolumen bei stabiler Beitragssatz-Obergrenze, Erwerbstaetigenbasis und abschmelzendem Bestandsschutz-Zuschuss."
2068,alt,ziel_20_prozent,0.200000,1433.458,3672.320,316.064,3988.385,797.677,2.366,9.236,809.278,624.179,0.564564,"Maximal leistbares Rentenvolumen bei stabiler Beitragssatz-Obergrenze, Erwerbstaetigenbasis und abschmelzendem Bestandsschutz-Zuschuss."
2068,alt,stabil_22_prozent,0.220000,1433.458,3672.320,316.064,3988.385,877.445,2.366,9.236,889.046,544.411,0.620211,"Maximal leistbares Rentenvolumen bei stabiler Beitragssatz-Obergrenze, Erwerbstaetigenbasis und abschmelzendem Bestandsschutz-Zuschuss."
2068,alt,obergrenze_24_prozent,0.240000,1433.458,3672.320,316.064,3988.385,957.212,2.366,9.236,968.814,464.644,0.675858,"Maximal leistbares Rentenvolumen bei stabiler Beitragssatz-Obergrenze, Erwerbstaetigenbasis und abschmelzendem Bestandsschutz-Zuschuss."
2069,alt,ziel_20_prozent,0.200000,1467.480,3738.425,324.520,4062.945,812.589,2.184,9.466,824.239,643.241,0.561670,"Maximal leistbares Rentenvolumen bei stabiler Beitragssatz-Obergrenze, Erwerbstaetigenbasis und abschmelzendem Bestandsschutz-Zuschuss."
2069,alt,stabil_22_prozent,0.220000,1467.480,3738.425,324.520,4062.945,893.848,2.184,9.466,905.498,561.982,0.617043,"Maximal leistbares Rentenvolumen bei stabiler Beitragssatz-Obergrenze, Erwerbstaetigenbasis und abschmelzendem Bestandsschutz-Zuschuss."
2069,alt,obergrenze_24_prozent,0.240000,1467.480,3738.425,324.520,4062.945,975.107,2.184,9.466,986.757,480.723,0.672416,"Maximal leistbares Rentenvolumen bei stabiler Beitragssatz-Obergrenze, Erwerbstaetigenbasis und abschmelzendem Bestandsschutz-Zuschuss."
2070,alt,ziel_20_prozent,0.200000,1502.308,3805.539,333.162,4138.701,827.740,2.024,9.703,839.467,662.841,0.558785,"Maximal leistbares Rentenvolumen bei stabiler Beitragssatz-Obergrenze, Erwerbstaetigenbasis und abschmelzendem Bestandsschutz-Zuschuss."
2070,alt,stabil_22_prozent,0.220000,1502.308,3805.539,333.162,4138.701,910.514,2.024,9.703,922.241,580.067,0.613883,"Maximal leistbares Rentenvolumen bei stabiler Beitragssatz-Obergrenze, Erwerbstaetigenbasis und abschmelzendem Bestandsschutz-Zuschuss."
2070,alt,obergrenze_24_prozent,0.240000,1502.308,3805.539,333.162,4138.701,993.288,2.024,9.703,1005.015,497.293,0.668981,"Maximal leistbares Rentenvolumen bei stabiler Beitragssatz-Obergrenze, Erwerbstaetigenbasis und abschmelzendem Bestandsschutz-Zuschuss."
