jahr,demographie_szenario,rentenalter_szenario,regelaltersgrenze,alter,synthetische_kohorte_mio,nicht_in_rente_anteil,nicht_in_rente_mio,erwerbsquote,effektive_beitragszahler_mio,zusatz_beitragsbasis_mrd_euro
2027,jung,status_quo_67,67.000,67,0.993,0.000,0.000,0.200,0.000,0.000
2027,jung,status_quo_67,67.000,68,0.993,0.000,0.000,0.140,0.000,0.000
2027,jung,status_quo_67,67.000,69,0.993,0.000,0.000,0.100,0.000,0.000
2027,jung,status_quo_67,67.000,70,0.993,0.000,0.000,0.070,0.000,0.000
2027,jung,status_quo_67,67.000,71,0.993,0.000,0.000,0.050,0.000,0.000
2027,jung,status_quo_67,67.000,72,0.993,0.000,0.000,0.040,0.000,0.000
2027,jung,lebenserwartung_gekoppelt_2zu1,67.000,67,0.993,0.000,0.000,0.200,0.000,0.000
2027,jung,lebenserwartung_gekoppelt_2zu1,67.000,68,0.993,0.000,0.000,0.140,0.000,0.000
2027,jung,lebenserwartung_gekoppelt_2zu1,67.000,69,0.993,0.000,0.000,0.100,0.000,0.000
2027,jung,lebenserwartung_gekoppelt_2zu1,67.000,70,0.993,0.000,0.000,0.070,0.000,0.000
2027,jung,lebenserwartung_gekoppelt_2zu1,67.000,71,0.993,0.000,0.000,0.050,0.000,0.000
2027,jung,lebenserwartung_gekoppelt_2zu1,67.000,72,0.993,0.000,0.000,0.040,0.000,0.000
2027,jung,daenemarknah,67.000,67,0.993,0.000,0.000,0.200,0.000,0.000
2027,jung,daenemarknah,67.000,68,0.993,0.000,0.000,0.140,0.000,0.000
2027,jung,daenemarknah,67.000,69,0.993,0.000,0.000,0.100,0.000,0.000
2027,jung,daenemarknah,67.000,70,0.993,0.000,0.000,0.070,0.000,0.000
2027,jung,daenemarknah,67.000,71,0.993,0.000,0.000,0.050,0.000,0.000
2027,jung,daenemarknah,67.000,72,0.993,0.000,0.000,0.040,0.000,0.000
2028,jung,status_quo_67,67.000,67,1.008,0.000,0.000,0.200,0.000,0.000
2028,jung,status_quo_67,67.000,68,1.008,0.000,0.000,0.140,0.000,0.000
2028,jung,status_quo_67,67.000,69,1.008,0.000,0.000,0.100,0.000,0.000
2028,jung,status_quo_67,67.000,70,1.008,0.000,0.000,0.070,0.000,0.000
2028,jung,status_quo_67,67.000,71,1.008,0.000,0.000,0.050,0.000,0.000
2028,jung,status_quo_67,67.000,72,1.008,0.000,0.000,0.040,0.000,0.000
2028,jung,lebenserwartung_gekoppelt_2zu1,67.125,67,1.008,0.125,0.126,0.200,0.021,0.785
2028,jung,lebenserwartung_gekoppelt_2zu1,67.125,68,1.008,0.000,0.000,0.140,0.000,0.000
2028,jung,lebenserwartung_gekoppelt_2zu1,67.125,69,1.008,0.000,0.000,0.100,0.000,0.000
2028,jung,lebenserwartung_gekoppelt_2zu1,67.125,70,1.008,0.000,0.000,0.070,0.000,0.000
2028,jung,lebenserwartung_gekoppelt_2zu1,67.125,71,1.008,0.000,0.000,0.050,0.000,0.000
2028,jung,lebenserwartung_gekoppelt_2zu1,67.125,72,1.008,0.000,0.000,0.040,0.000,0.000
2028,jung,daenemarknah,67.333,67,1.008,0.333,0.336,0.200,0.057,2.093
2028,jung,daenemarknah,67.333,68,1.008,0.000,0.000,0.140,0.000,0.000
2028,jung,daenemarknah,67.333,69,1.008,0.000,0.000,0.100,0.000,0.000
2028,jung,daenemarknah,67.333,70,1.008,0.000,0.000,0.070,0.000,0.000
2028,jung,daenemarknah,67.333,71,1.008,0.000,0.000,0.050,0.000,0.000
2028,jung,daenemarknah,67.333,72,1.008,0.000,0.000,0.040,0.000,0.000
2029,jung,status_quo_67,67.000,67,1.022,0.000,0.000,0.200,0.000,0.000
2029,jung,status_quo_67,67.000,68,1.022,0.000,0.000,0.140,0.000,0.000
2029,jung,status_quo_67,67.000,69,1.022,0.000,0.000,0.100,0.000,0.000
2029,jung,status_quo_67,67.000,70,1.022,0.000,0.000,0.070,0.000,0.000
2029,jung,status_quo_67,67.000,71,1.022,0.000,0.000,0.050,0.000,0.000
2029,jung,status_quo_67,67.000,72,1.022,0.000,0.000,0.040,0.000,0.000
2029,jung,lebenserwartung_gekoppelt_2zu1,67.250,67,1.022,0.250,0.256,0.200,0.043,1.645
2029,jung,lebenserwartung_gekoppelt_2zu1,67.250,68,1.022,0.000,0.000,0.140,0.000,0.000
2029,jung,lebenserwartung_gekoppelt_2zu1,67.250,69,1.022,0.000,0.000,0.100,0.000,0.000
2029,jung,lebenserwartung_gekoppelt_2zu1,67.250,70,1.022,0.000,0.000,0.070,0.000,0.000
2029,jung,lebenserwartung_gekoppelt_2zu1,67.250,71,1.022,0.000,0.000,0.050,0.000,0.000
2029,jung,lebenserwartung_gekoppelt_2zu1,67.250,72,1.022,0.000,0.000,0.040,0.000,0.000
2029,jung,daenemarknah,67.667,67,1.022,0.667,0.682,0.200,0.116,4.387
2029,jung,daenemarknah,67.667,68,1.022,0.000,0.000,0.140,0.000,0.000
2029,jung,daenemarknah,67.667,69,1.022,0.000,0.000,0.100,0.000,0.000
2029,jung,daenemarknah,67.667,70,1.022,0.000,0.000,0.070,0.000,0.000
2029,jung,daenemarknah,67.667,71,1.022,0.000,0.000,0.050,0.000,0.000
2029,jung,daenemarknah,67.667,72,1.022,0.000,0.000,0.040,0.000,0.000
2030,jung,status_quo_67,67.000,67,1.037,0.000,0.000,0.200,0.000,0.000
2030,jung,status_quo_67,67.000,68,1.037,0.000,0.000,0.140,0.000,0.000
2030,jung,status_quo_67,67.000,69,1.037,0.000,0.000,0.100,0.000,0.000
2030,jung,status_quo_67,67.000,70,1.037,0.000,0.000,0.070,0.000,0.000
2030,jung,status_quo_67,67.000,71,1.037,0.000,0.000,0.050,0.000,0.000
2030,jung,status_quo_67,67.000,72,1.037,0.000,0.000,0.040,0.000,0.000
2030,jung,lebenserwartung_gekoppelt_2zu1,67.375,67,1.037,0.375,0.389,0.200,0.066,2.585
2030,jung,lebenserwartung_gekoppelt_2zu1,67.375,68,1.037,0.000,0.000,0.140,0.000,0.000
2030,jung,lebenserwartung_gekoppelt_2zu1,67.375,69,1.037,0.000,0.000,0.100,0.000,0.000
2030,jung,lebenserwartung_gekoppelt_2zu1,67.375,70,1.037,0.000,0.000,0.070,0.000,0.000
2030,jung,lebenserwartung_gekoppelt_2zu1,67.375,71,1.037,0.000,0.000,0.050,0.000,0.000
2030,jung,lebenserwartung_gekoppelt_2zu1,67.375,72,1.037,0.000,0.000,0.040,0.000,0.000
2030,jung,daenemarknah,68.000,67,1.037,1.000,1.037,0.200,0.176,6.894
2030,jung,daenemarknah,68.000,68,1.037,0.000,0.000,0.140,0.000,0.000
2030,jung,daenemarknah,68.000,69,1.037,0.000,0.000,0.100,0.000,0.000
2030,jung,daenemarknah,68.000,70,1.037,0.000,0.000,0.070,0.000,0.000
2030,jung,daenemarknah,68.000,71,1.037,0.000,0.000,0.050,0.000,0.000
2030,jung,daenemarknah,68.000,72,1.037,0.000,0.000,0.040,0.000,0.000
2031,jung,status_quo_67,67.000,67,1.051,0.000,0.000,0.200,0.000,0.000
2031,jung,status_quo_67,67.000,68,1.051,0.000,0.000,0.140,0.000,0.000
2031,jung,status_quo_67,67.000,69,1.051,0.000,0.000,0.100,0.000,0.000
2031,jung,status_quo_67,67.000,70,1.051,0.000,0.000,0.070,0.000,0.000
2031,jung,status_quo_67,67.000,71,1.051,0.000,0.000,0.050,0.000,0.000
2031,jung,status_quo_67,67.000,72,1.051,0.000,0.000,0.040,0.000,0.000
2031,jung,lebenserwartung_gekoppelt_2zu1,67.500,67,1.051,0.500,0.526,0.200,0.089,3.610
2031,jung,lebenserwartung_gekoppelt_2zu1,67.500,68,1.051,0.000,0.000,0.140,0.000,0.000
2031,jung,lebenserwartung_gekoppelt_2zu1,67.500,69,1.051,0.000,0.000,0.100,0.000,0.000
2031,jung,lebenserwartung_gekoppelt_2zu1,67.500,70,1.051,0.000,0.000,0.070,0.000,0.000
2031,jung,lebenserwartung_gekoppelt_2zu1,67.500,71,1.051,0.000,0.000,0.050,0.000,0.000
2031,jung,lebenserwartung_gekoppelt_2zu1,67.500,72,1.051,0.000,0.000,0.040,0.000,0.000
2031,jung,daenemarknah,68.200,67,1.051,1.000,1.051,0.200,0.179,7.220
2031,jung,daenemarknah,68.200,68,1.051,0.200,0.210,0.140,0.025,1.011
2031,jung,daenemarknah,68.200,69,1.051,0.000,0.000,0.100,0.000,0.000
2031,jung,daenemarknah,68.200,70,1.051,0.000,0.000,0.070,0.000,0.000
2031,jung,daenemarknah,68.200,71,1.051,0.000,0.000,0.050,0.000,0.000
2031,jung,daenemarknah,68.200,72,1.051,0.000,0.000,0.040,0.000,0.000
2032,jung,status_quo_67,67.000,67,1.066,0.000,0.000,0.200,0.000,0.000
2032,jung,status_quo_67,67.000,68,1.066,0.000,0.000,0.140,0.000,0.000
2032,jung,status_quo_67,67.000,69,1.066,0.000,0.000,0.100,0.000,0.000
2032,jung,status_quo_67,67.000,70,1.066,0.000,0.000,0.070,0.000,0.000
2032,jung,status_quo_67,67.000,71,1.066,0.000,0.000,0.050,0.000,0.000
2032,jung,status_quo_67,67.000,72,1.066,0.000,0.000,0.040,0.000,0.000
2032,jung,lebenserwartung_gekoppelt_2zu1,67.625,67,1.066,0.625,0.666,0.200,0.113,4.725
2032,jung,lebenserwartung_gekoppelt_2zu1,67.625,68,1.066,0.000,0.000,0.140,0.000,0.000
2032,jung,lebenserwartung_gekoppelt_2zu1,67.625,69,1.066,0.000,0.000,0.100,0.000,0.000
2032,jung,lebenserwartung_gekoppelt_2zu1,67.625,70,1.066,0.000,0.000,0.070,0.000,0.000
2032,jung,lebenserwartung_gekoppelt_2zu1,67.625,71,1.066,0.000,0.000,0.050,0.000,0.000
2032,jung,lebenserwartung_gekoppelt_2zu1,67.625,72,1.066,0.000,0.000,0.040,0.000,0.000
2032,jung,daenemarknah,68.400,67,1.066,1.000,1.066,0.200,0.181,7.560
2032,jung,daenemarknah,68.400,68,1.066,0.400,0.426,0.140,0.051,2.117
2032,jung,daenemarknah,68.400,69,1.066,0.000,0.000,0.100,0.000,0.000
2032,jung,daenemarknah,68.400,70,1.066,0.000,0.000,0.070,0.000,0.000
2032,jung,daenemarknah,68.400,71,1.066,0.000,0.000,0.050,0.000,0.000
2032,jung,daenemarknah,68.400,72,1.066,0.000,0.000,0.040,0.000,0.000
2033,jung,status_quo_67,67.000,67,1.080,0.000,0.000,0.200,0.000,0.000
2033,jung,status_quo_67,67.000,68,1.080,0.000,0.000,0.140,0.000,0.000
2033,jung,status_quo_67,67.000,69,1.080,0.000,0.000,0.100,0.000,0.000
2033,jung,status_quo_67,67.000,70,1.080,0.000,0.000,0.070,0.000,0.000
2033,jung,status_quo_67,67.000,71,1.080,0.000,0.000,0.050,0.000,0.000
2033,jung,status_quo_67,67.000,72,1.080,0.000,0.000,0.040,0.000,0.000
2033,jung,lebenserwartung_gekoppelt_2zu1,67.750,67,1.080,0.750,0.810,0.200,0.138,5.936
2033,jung,lebenserwartung_gekoppelt_2zu1,67.750,68,1.080,0.000,0.000,0.140,0.000,0.000
2033,jung,lebenserwartung_gekoppelt_2zu1,67.750,69,1.080,0.000,0.000,0.100,0.000,0.000
2033,jung,lebenserwartung_gekoppelt_2zu1,67.750,70,1.080,0.000,0.000,0.070,0.000,0.000
2033,jung,lebenserwartung_gekoppelt_2zu1,67.750,71,1.080,0.000,0.000,0.050,0.000,0.000
2033,jung,lebenserwartung_gekoppelt_2zu1,67.750,72,1.080,0.000,0.000,0.040,0.000,0.000
2033,jung,daenemarknah,68.600,67,1.080,1.000,1.080,0.200,0.184,7.914
2033,jung,daenemarknah,68.600,68,1.080,0.600,0.648,0.140,0.077,3.324
2033,jung,daenemarknah,68.600,69,1.080,0.000,0.000,0.100,0.000,0.000
2033,jung,daenemarknah,68.600,70,1.080,0.000,0.000,0.070,0.000,0.000
2033,jung,daenemarknah,68.600,71,1.080,0.000,0.000,0.050,0.000,0.000
2033,jung,daenemarknah,68.600,72,1.080,0.000,0.000,0.040,0.000,0.000
2034,jung,status_quo_67,67.000,67,1.095,0.000,0.000,0.200,0.000,0.000
2034,jung,status_quo_67,67.000,68,1.095,0.000,0.000,0.140,0.000,0.000
2034,jung,status_quo_67,67.000,69,1.095,0.000,0.000,0.100,0.000,0.000
2034,jung,status_quo_67,67.000,70,1.095,0.000,0.000,0.070,0.000,0.000
2034,jung,status_quo_67,67.000,71,1.095,0.000,0.000,0.050,0.000,0.000
2034,jung,status_quo_67,67.000,72,1.095,0.000,0.000,0.040,0.000,0.000
2034,jung,lebenserwartung_gekoppelt_2zu1,67.875,67,1.095,0.875,0.958,0.200,0.163,7.248
2034,jung,lebenserwartung_gekoppelt_2zu1,67.875,68,1.095,0.000,0.000,0.140,0.000,0.000
2034,jung,lebenserwartung_gekoppelt_2zu1,67.875,69,1.095,0.000,0.000,0.100,0.000,0.000
2034,jung,lebenserwartung_gekoppelt_2zu1,67.875,70,1.095,0.000,0.000,0.070,0.000,0.000
2034,jung,lebenserwartung_gekoppelt_2zu1,67.875,71,1.095,0.000,0.000,0.050,0.000,0.000
2034,jung,lebenserwartung_gekoppelt_2zu1,67.875,72,1.095,0.000,0.000,0.040,0.000,0.000
2034,jung,daenemarknah,68.800,67,1.095,1.000,1.095,0.200,0.186,8.283
2034,jung,daenemarknah,68.800,68,1.095,0.800,0.876,0.140,0.104,4.639
2034,jung,daenemarknah,68.800,69,1.095,0.000,0.000,0.100,0.000,0.000
2034,jung,daenemarknah,68.800,70,1.095,0.000,0.000,0.070,0.000,0.000
2034,jung,daenemarknah,68.800,71,1.095,0.000,0.000,0.050,0.000,0.000
2034,jung,daenemarknah,68.800,72,1.095,0.000,0.000,0.040,0.000,0.000
2035,jung,status_quo_67,67.000,67,1.109,0.000,0.000,0.200,0.000,0.000
2035,jung,status_quo_67,67.000,68,1.109,0.000,0.000,0.140,0.000,0.000
2035,jung,status_quo_67,67.000,69,1.109,0.000,0.000,0.100,0.000,0.000
2035,jung,status_quo_67,67.000,70,1.109,0.000,0.000,0.070,0.000,0.000
2035,jung,status_quo_67,67.000,71,1.109,0.000,0.000,0.050,0.000,0.000
2035,jung,status_quo_67,67.000,72,1.109,0.000,0.000,0.040,0.000,0.000
2035,jung,lebenserwartung_gekoppelt_2zu1,68.000,67,1.109,1.000,1.109,0.200,0.189,8.667
2035,jung,lebenserwartung_gekoppelt_2zu1,68.000,68,1.109,0.000,0.000,0.140,0.000,0.000
2035,jung,lebenserwartung_gekoppelt_2zu1,68.000,69,1.109,0.000,0.000,0.100,0.000,0.000
2035,jung,lebenserwartung_gekoppelt_2zu1,68.000,70,1.109,0.000,0.000,0.070,0.000,0.000
2035,jung,lebenserwartung_gekoppelt_2zu1,68.000,71,1.109,0.000,0.000,0.050,0.000,0.000
2035,jung,lebenserwartung_gekoppelt_2zu1,68.000,72,1.109,0.000,0.000,0.040,0.000,0.000
2035,jung,daenemarknah,69.000,67,1.109,1.000,1.109,0.200,0.189,8.667
2035,jung,daenemarknah,69.000,68,1.109,1.000,1.109,0.140,0.132,6.067
2035,jung,daenemarknah,69.000,69,1.109,0.000,0.000,0.100,0.000,0.000
2035,jung,daenemarknah,69.000,70,1.109,0.000,0.000,0.070,0.000,0.000
2035,jung,daenemarknah,69.000,71,1.109,0.000,0.000,0.050,0.000,0.000
2035,jung,daenemarknah,69.000,72,1.109,0.000,0.000,0.040,0.000,0.000
2036,jung,status_quo_67,67.000,67,1.124,0.000,0.000,0.200,0.000,0.000
2036,jung,status_quo_67,67.000,68,1.124,0.000,0.000,0.140,0.000,0.000
2036,jung,status_quo_67,67.000,69,1.124,0.000,0.000,0.100,0.000,0.000
2036,jung,status_quo_67,67.000,70,1.124,0.000,0.000,0.070,0.000,0.000
2036,jung,status_quo_67,67.000,71,1.124,0.000,0.000,0.050,0.000,0.000
2036,jung,status_quo_67,67.000,72,1.124,0.000,0.000,0.040,0.000,0.000
2036,jung,lebenserwartung_gekoppelt_2zu1,68.100,67,1.124,1.000,1.124,0.200,0.191,9.008
2036,jung,lebenserwartung_gekoppelt_2zu1,68.100,68,1.124,0.100,0.112,0.140,0.013,0.631
2036,jung,lebenserwartung_gekoppelt_2zu1,68.100,69,1.124,0.000,0.000,0.100,0.000,0.000
2036,jung,lebenserwartung_gekoppelt_2zu1,68.100,70,1.124,0.000,0.000,0.070,0.000,0.000
2036,jung,lebenserwartung_gekoppelt_2zu1,68.100,71,1.124,0.000,0.000,0.050,0.000,0.000
2036,jung,lebenserwartung_gekoppelt_2zu1,68.100,72,1.124,0.000,0.000,0.040,0.000,0.000
2036,jung,daenemarknah,69.200,67,1.124,1.000,1.124,0.200,0.191,9.008
2036,jung,daenemarknah,69.200,68,1.124,1.000,1.124,0.140,0.134,6.306
2036,jung,daenemarknah,69.200,69,1.124,0.200,0.225,0.100,0.019,0.901
2036,jung,daenemarknah,69.200,70,1.124,0.000,0.000,0.070,0.000,0.000
2036,jung,daenemarknah,69.200,71,1.124,0.000,0.000,0.050,0.000,0.000
2036,jung,daenemarknah,69.200,72,1.124,0.000,0.000,0.040,0.000,0.000
2037,jung,status_quo_67,67.000,67,1.138,0.000,0.000,0.200,0.000,0.000
2037,jung,status_quo_67,67.000,68,1.138,0.000,0.000,0.140,0.000,0.000
2037,jung,status_quo_67,67.000,69,1.138,0.000,0.000,0.100,0.000,0.000
2037,jung,status_quo_67,67.000,70,1.138,0.000,0.000,0.070,0.000,0.000
2037,jung,status_quo_67,67.000,71,1.138,0.000,0.000,0.050,0.000,0.000
2037,jung,status_quo_67,67.000,72,1.138,0.000,0.000,0.040,0.000,0.000
2037,jung,lebenserwartung_gekoppelt_2zu1,68.200,67,1.138,1.000,1.138,0.200,0.193,9.361
2037,jung,lebenserwartung_gekoppelt_2zu1,68.200,68,1.138,0.200,0.228,0.140,0.027,1.311
2037,jung,lebenserwartung_gekoppelt_2zu1,68.200,69,1.138,0.000,0.000,0.100,0.000,0.000
2037,jung,lebenserwartung_gekoppelt_2zu1,68.200,70,1.138,0.000,0.000,0.070,0.000,0.000
2037,jung,lebenserwartung_gekoppelt_2zu1,68.200,71,1.138,0.000,0.000,0.050,0.000,0.000
2037,jung,lebenserwartung_gekoppelt_2zu1,68.200,72,1.138,0.000,0.000,0.040,0.000,0.000
2037,jung,daenemarknah,69.400,67,1.138,1.000,1.138,0.200,0.193,9.361
2037,jung,daenemarknah,69.400,68,1.138,1.000,1.138,0.140,0.135,6.553
2037,jung,daenemarknah,69.400,69,1.138,0.400,0.455,0.100,0.039,1.872
2037,jung,daenemarknah,69.400,70,1.138,0.000,0.000,0.070,0.000,0.000
2037,jung,daenemarknah,69.400,71,1.138,0.000,0.000,0.050,0.000,0.000
2037,jung,daenemarknah,69.400,72,1.138,0.000,0.000,0.040,0.000,0.000
2038,jung,status_quo_67,67.000,67,1.153,0.000,0.000,0.200,0.000,0.000
2038,jung,status_quo_67,67.000,68,1.153,0.000,0.000,0.140,0.000,0.000
2038,jung,status_quo_67,67.000,69,1.153,0.000,0.000,0.100,0.000,0.000
2038,jung,status_quo_67,67.000,70,1.153,0.000,0.000,0.070,0.000,0.000
2038,jung,status_quo_67,67.000,71,1.153,0.000,0.000,0.050,0.000,0.000
2038,jung,status_quo_67,67.000,72,1.153,0.000,0.000,0.040,0.000,0.000
2038,jung,lebenserwartung_gekoppelt_2zu1,68.300,67,1.153,1.000,1.153,0.200,0.196,9.727
2038,jung,lebenserwartung_gekoppelt_2zu1,68.300,68,1.153,0.300,0.346,0.140,0.041,2.043
2038,jung,lebenserwartung_gekoppelt_2zu1,68.300,69,1.153,0.000,0.000,0.100,0.000,0.000
2038,jung,lebenserwartung_gekoppelt_2zu1,68.300,70,1.153,0.000,0.000,0.070,0.000,0.000
2038,jung,lebenserwartung_gekoppelt_2zu1,68.300,71,1.153,0.000,0.000,0.050,0.000,0.000
2038,jung,lebenserwartung_gekoppelt_2zu1,68.300,72,1.153,0.000,0.000,0.040,0.000,0.000
2038,jung,daenemarknah,69.600,67,1.153,1.000,1.153,0.200,0.196,9.727
2038,jung,daenemarknah,69.600,68,1.153,1.000,1.153,0.140,0.137,6.809
2038,jung,daenemarknah,69.600,69,1.153,0.600,0.692,0.100,0.059,2.918
2038,jung,daenemarknah,69.600,70,1.153,0.000,0.000,0.070,0.000,0.000
2038,jung,daenemarknah,69.600,71,1.153,0.000,0.000,0.050,0.000,0.000
2038,jung,daenemarknah,69.600,72,1.153,0.000,0.000,0.040,0.000,0.000
2039,jung,status_quo_67,67.000,67,1.152,0.000,0.000,0.200,0.000,0.000
2039,jung,status_quo_67,67.000,68,1.152,0.000,0.000,0.140,0.000,0.000
2039,jung,status_quo_67,67.000,69,1.152,0.000,0.000,0.100,0.000,0.000
2039,jung,status_quo_67,67.000,70,1.152,0.000,0.000,0.070,0.000,0.000
2039,jung,status_quo_67,67.000,71,1.152,0.000,0.000,0.050,0.000,0.000
2039,jung,status_quo_67,67.000,72,1.152,0.000,0.000,0.040,0.000,0.000
2039,jung,lebenserwartung_gekoppelt_2zu1,68.400,67,1.152,1.000,1.152,0.200,0.196,9.974
2039,jung,lebenserwartung_gekoppelt_2zu1,68.400,68,1.152,0.400,0.461,0.140,0.055,2.793
2039,jung,lebenserwartung_gekoppelt_2zu1,68.400,69,1.152,0.000,0.000,0.100,0.000,0.000
2039,jung,lebenserwartung_gekoppelt_2zu1,68.400,70,1.152,0.000,0.000,0.070,0.000,0.000
2039,jung,lebenserwartung_gekoppelt_2zu1,68.400,71,1.152,0.000,0.000,0.050,0.000,0.000
2039,jung,lebenserwartung_gekoppelt_2zu1,68.400,72,1.152,0.000,0.000,0.040,0.000,0.000
2039,jung,daenemarknah,69.800,67,1.152,1.000,1.152,0.200,0.196,9.974
2039,jung,daenemarknah,69.800,68,1.152,1.000,1.152,0.140,0.137,6.981
2039,jung,daenemarknah,69.800,69,1.152,0.800,0.922,0.100,0.078,3.989
2039,jung,daenemarknah,69.800,70,1.152,0.000,0.000,0.070,0.000,0.000
2039,jung,daenemarknah,69.800,71,1.152,0.000,0.000,0.050,0.000,0.000
2039,jung,daenemarknah,69.800,72,1.152,0.000,0.000,0.040,0.000,0.000
2040,jung,status_quo_67,67.000,67,1.151,0.000,0.000,0.200,0.000,0.000
2040,jung,status_quo_67,67.000,68,1.151,0.000,0.000,0.140,0.000,0.000
2040,jung,status_quo_67,67.000,69,1.151,0.000,0.000,0.100,0.000,0.000
2040,jung,status_quo_67,67.000,70,1.151,0.000,0.000,0.070,0.000,0.000
2040,jung,status_quo_67,67.000,71,1.151,0.000,0.000,0.050,0.000,0.000
2040,jung,status_quo_67,67.000,72,1.151,0.000,0.000,0.040,0.000,0.000
2040,jung,lebenserwartung_gekoppelt_2zu1,68.500,67,1.151,1.000,1.151,0.200,0.196,10.226
2040,jung,lebenserwartung_gekoppelt_2zu1,68.500,68,1.151,0.500,0.576,0.140,0.068,3.579
2040,jung,lebenserwartung_gekoppelt_2zu1,68.500,69,1.151,0.000,0.000,0.100,0.000,0.000
2040,jung,lebenserwartung_gekoppelt_2zu1,68.500,70,1.151,0.000,0.000,0.070,0.000,0.000
2040,jung,lebenserwartung_gekoppelt_2zu1,68.500,71,1.151,0.000,0.000,0.050,0.000,0.000
2040,jung,lebenserwartung_gekoppelt_2zu1,68.500,72,1.151,0.000,0.000,0.040,0.000,0.000
2040,jung,daenemarknah,70.000,67,1.151,1.000,1.151,0.200,0.196,10.226
2040,jung,daenemarknah,70.000,68,1.151,1.000,1.151,0.140,0.137,7.159
2040,jung,daenemarknah,70.000,69,1.151,1.000,1.151,0.100,0.098,5.113
2040,jung,daenemarknah,70.000,70,1.151,0.000,0.000,0.070,0.000,0.000
2040,jung,daenemarknah,70.000,71,1.151,0.000,0.000,0.050,0.000,0.000
2040,jung,daenemarknah,70.000,72,1.151,0.000,0.000,0.040,0.000,0.000
2041,jung,status_quo_67,67.000,67,1.151,0.000,0.000,0.200,0.000,0.000
2041,jung,status_quo_67,67.000,68,1.151,0.000,0.000,0.140,0.000,0.000
2041,jung,status_quo_67,67.000,69,1.151,0.000,0.000,0.100,0.000,0.000
2041,jung,status_quo_67,67.000,70,1.151,0.000,0.000,0.070,0.000,0.000
2041,jung,status_quo_67,67.000,71,1.151,0.000,0.000,0.050,0.000,0.000
2041,jung,status_quo_67,67.000,72,1.151,0.000,0.000,0.040,0.000,0.000
2041,jung,lebenserwartung_gekoppelt_2zu1,68.600,67,1.151,1.000,1.151,0.200,0.196,10.486
2041,jung,lebenserwartung_gekoppelt_2zu1,68.600,68,1.151,0.600,0.690,0.140,0.082,4.404
2041,jung,lebenserwartung_gekoppelt_2zu1,68.600,69,1.151,0.000,0.000,0.100,0.000,0.000
2041,jung,lebenserwartung_gekoppelt_2zu1,68.600,70,1.151,0.000,0.000,0.070,0.000,0.000
2041,jung,lebenserwartung_gekoppelt_2zu1,68.600,71,1.151,0.000,0.000,0.050,0.000,0.000
2041,jung,lebenserwartung_gekoppelt_2zu1,68.600,72,1.151,0.000,0.000,0.040,0.000,0.000
2041,jung,daenemarknah,70.067,67,1.151,1.000,1.151,0.200,0.196,10.486
2041,jung,daenemarknah,70.067,68,1.151,1.000,1.151,0.140,0.137,7.340
2041,jung,daenemarknah,70.067,69,1.151,1.000,1.151,0.100,0.098,5.243
2041,jung,daenemarknah,70.067,70,1.151,0.067,0.077,0.070,0.005,0.245
2041,jung,daenemarknah,70.067,71,1.151,0.000,0.000,0.050,0.000,0.000
2041,jung,daenemarknah,70.067,72,1.151,0.000,0.000,0.040,0.000,0.000
2042,jung,status_quo_67,67.000,67,1.150,0.000,0.000,0.200,0.000,0.000
2042,jung,status_quo_67,67.000,68,1.150,0.000,0.000,0.140,0.000,0.000
2042,jung,status_quo_67,67.000,69,1.150,0.000,0.000,0.100,0.000,0.000
2042,jung,status_quo_67,67.000,70,1.150,0.000,0.000,0.070,0.000,0.000
2042,jung,status_quo_67,67.000,71,1.150,0.000,0.000,0.050,0.000,0.000
2042,jung,status_quo_67,67.000,72,1.150,0.000,0.000,0.040,0.000,0.000
2042,jung,lebenserwartung_gekoppelt_2zu1,68.700,67,1.150,1.000,1.150,0.200,0.195,10.752
2042,jung,lebenserwartung_gekoppelt_2zu1,68.700,68,1.150,0.700,0.805,0.140,0.096,5.268
2042,jung,lebenserwartung_gekoppelt_2zu1,68.700,69,1.150,0.000,0.000,0.100,0.000,0.000
2042,jung,lebenserwartung_gekoppelt_2zu1,68.700,70,1.150,0.000,0.000,0.070,0.000,0.000
2042,jung,lebenserwartung_gekoppelt_2zu1,68.700,71,1.150,0.000,0.000,0.050,0.000,0.000
2042,jung,lebenserwartung_gekoppelt_2zu1,68.700,72,1.150,0.000,0.000,0.040,0.000,0.000
2042,jung,daenemarknah,70.133,67,1.150,1.000,1.150,0.200,0.195,10.752
2042,jung,daenemarknah,70.133,68,1.150,1.000,1.150,0.140,0.137,7.526
2042,jung,daenemarknah,70.133,69,1.150,1.000,1.150,0.100,0.098,5.376
2042,jung,daenemarknah,70.133,70,1.150,0.133,0.153,0.070,0.009,0.502
2042,jung,daenemarknah,70.133,71,1.150,0.000,0.000,0.050,0.000,0.000
2042,jung,daenemarknah,70.133,72,1.150,0.000,0.000,0.040,0.000,0.000
2043,jung,status_quo_67,67.000,67,1.149,0.000,0.000,0.200,0.000,0.000
2043,jung,status_quo_67,67.000,68,1.149,0.000,0.000,0.140,0.000,0.000
2043,jung,status_quo_67,67.000,69,1.149,0.000,0.000,0.100,0.000,0.000
2043,jung,status_quo_67,67.000,70,1.149,0.000,0.000,0.070,0.000,0.000
2043,jung,status_quo_67,67.000,71,1.149,0.000,0.000,0.050,0.000,0.000
2043,jung,status_quo_67,67.000,72,1.149,0.000,0.000,0.040,0.000,0.000
2043,jung,lebenserwartung_gekoppelt_2zu1,68.800,67,1.149,1.000,1.149,0.200,0.195,11.024
2043,jung,lebenserwartung_gekoppelt_2zu1,68.800,68,1.149,0.800,0.919,0.140,0.109,6.174
2043,jung,lebenserwartung_gekoppelt_2zu1,68.800,69,1.149,0.000,0.000,0.100,0.000,0.000
2043,jung,lebenserwartung_gekoppelt_2zu1,68.800,70,1.149,0.000,0.000,0.070,0.000,0.000
2043,jung,lebenserwartung_gekoppelt_2zu1,68.800,71,1.149,0.000,0.000,0.050,0.000,0.000
2043,jung,lebenserwartung_gekoppelt_2zu1,68.800,72,1.149,0.000,0.000,0.040,0.000,0.000
2043,jung,daenemarknah,70.200,67,1.149,1.000,1.149,0.200,0.195,11.024
2043,jung,daenemarknah,70.200,68,1.149,1.000,1.149,0.140,0.137,7.717
2043,jung,daenemarknah,70.200,69,1.149,1.000,1.149,0.100,0.098,5.512
2043,jung,daenemarknah,70.200,70,1.149,0.200,0.230,0.070,0.014,0.772
2043,jung,daenemarknah,70.200,71,1.149,0.000,0.000,0.050,0.000,0.000
2043,jung,daenemarknah,70.200,72,1.149,0.000,0.000,0.040,0.000,0.000
2044,jung,status_quo_67,67.000,67,1.148,0.000,0.000,0.200,0.000,0.000
2044,jung,status_quo_67,67.000,68,1.148,0.000,0.000,0.140,0.000,0.000
2044,jung,status_quo_67,67.000,69,1.148,0.000,0.000,0.100,0.000,0.000
2044,jung,status_quo_67,67.000,70,1.148,0.000,0.000,0.070,0.000,0.000
2044,jung,status_quo_67,67.000,71,1.148,0.000,0.000,0.050,0.000,0.000
2044,jung,status_quo_67,67.000,72,1.148,0.000,0.000,0.040,0.000,0.000
2044,jung,lebenserwartung_gekoppelt_2zu1,68.900,67,1.148,1.000,1.148,0.200,0.195,11.304
2044,jung,lebenserwartung_gekoppelt_2zu1,68.900,68,1.148,0.900,1.034,0.140,0.123,7.121
2044,jung,lebenserwartung_gekoppelt_2zu1,68.900,69,1.148,0.000,0.000,0.100,0.000,0.000
2044,jung,lebenserwartung_gekoppelt_2zu1,68.900,70,1.148,0.000,0.000,0.070,0.000,0.000
2044,jung,lebenserwartung_gekoppelt_2zu1,68.900,71,1.148,0.000,0.000,0.050,0.000,0.000
2044,jung,lebenserwartung_gekoppelt_2zu1,68.900,72,1.148,0.000,0.000,0.040,0.000,0.000
2044,jung,daenemarknah,70.267,67,1.148,1.000,1.148,0.200,0.195,11.304
2044,jung,daenemarknah,70.267,68,1.148,1.000,1.148,0.140,0.137,7.913
2044,jung,daenemarknah,70.267,69,1.148,1.000,1.148,0.100,0.098,5.652
2044,jung,daenemarknah,70.267,70,1.148,0.267,0.306,0.070,0.018,1.055
2044,jung,daenemarknah,70.267,71,1.148,0.000,0.000,0.050,0.000,0.000
2044,jung,daenemarknah,70.267,72,1.148,0.000,0.000,0.040,0.000,0.000
2045,jung,status_quo_67,67.000,67,1.148,0.000,0.000,0.200,0.000,0.000
2045,jung,status_quo_67,67.000,68,1.148,0.000,0.000,0.140,0.000,0.000
2045,jung,status_quo_67,67.000,69,1.148,0.000,0.000,0.100,0.000,0.000
2045,jung,status_quo_67,67.000,70,1.148,0.000,0.000,0.070,0.000,0.000
2045,jung,status_quo_67,67.000,71,1.148,0.000,0.000,0.050,0.000,0.000
2045,jung,status_quo_67,67.000,72,1.148,0.000,0.000,0.040,0.000,0.000
2045,jung,lebenserwartung_gekoppelt_2zu1,69.000,67,1.148,1.000,1.148,0.200,0.195,11.590
2045,jung,lebenserwartung_gekoppelt_2zu1,69.000,68,1.148,1.000,1.148,0.140,0.137,8.113
2045,jung,lebenserwartung_gekoppelt_2zu1,69.000,69,1.148,0.000,0.000,0.100,0.000,0.000
2045,jung,lebenserwartung_gekoppelt_2zu1,69.000,70,1.148,0.000,0.000,0.070,0.000,0.000
2045,jung,lebenserwartung_gekoppelt_2zu1,69.000,71,1.148,0.000,0.000,0.050,0.000,0.000
2045,jung,lebenserwartung_gekoppelt_2zu1,69.000,72,1.148,0.000,0.000,0.040,0.000,0.000
2045,jung,daenemarknah,70.333,67,1.148,1.000,1.148,0.200,0.195,11.590
2045,jung,daenemarknah,70.333,68,1.148,1.000,1.148,0.140,0.137,8.113
2045,jung,daenemarknah,70.333,69,1.148,1.000,1.148,0.100,0.098,5.795
2045,jung,daenemarknah,70.333,70,1.148,0.333,0.383,0.070,0.023,1.352
2045,jung,daenemarknah,70.333,71,1.148,0.000,0.000,0.050,0.000,0.000
2045,jung,daenemarknah,70.333,72,1.148,0.000,0.000,0.040,0.000,0.000
2046,jung,status_quo_67,67.000,67,1.147,0.000,0.000,0.200,0.000,0.000
2046,jung,status_quo_67,67.000,68,1.147,0.000,0.000,0.140,0.000,0.000
2046,jung,status_quo_67,67.000,69,1.147,0.000,0.000,0.100,0.000,0.000
2046,jung,status_quo_67,67.000,70,1.147,0.000,0.000,0.070,0.000,0.000
2046,jung,status_quo_67,67.000,71,1.147,0.000,0.000,0.050,0.000,0.000
2046,jung,status_quo_67,67.000,72,1.147,0.000,0.000,0.040,0.000,0.000
2046,jung,lebenserwartung_gekoppelt_2zu1,69.100,67,1.147,1.000,1.147,0.200,0.195,11.884
2046,jung,lebenserwartung_gekoppelt_2zu1,69.100,68,1.147,1.000,1.147,0.140,0.136,8.319
2046,jung,lebenserwartung_gekoppelt_2zu1,69.100,69,1.147,0.100,0.115,0.100,0.010,0.594
2046,jung,lebenserwartung_gekoppelt_2zu1,69.100,70,1.147,0.000,0.000,0.070,0.000,0.000
2046,jung,lebenserwartung_gekoppelt_2zu1,69.100,71,1.147,0.000,0.000,0.050,0.000,0.000
2046,jung,lebenserwartung_gekoppelt_2zu1,69.100,72,1.147,0.000,0.000,0.040,0.000,0.000
2046,jung,daenemarknah,70.400,67,1.147,1.000,1.147,0.200,0.195,11.884
2046,jung,daenemarknah,70.400,68,1.147,1.000,1.147,0.140,0.136,8.319
2046,jung,daenemarknah,70.400,69,1.147,1.000,1.147,0.100,0.097,5.942
2046,jung,daenemarknah,70.400,70,1.147,0.400,0.459,0.070,0.027,1.664
2046,jung,daenemarknah,70.400,71,1.147,0.000,0.000,0.050,0.000,0.000
2046,jung,daenemarknah,70.400,72,1.147,0.000,0.000,0.040,0.000,0.000
2047,jung,status_quo_67,67.000,67,1.146,0.000,0.000,0.200,0.000,0.000
2047,jung,status_quo_67,67.000,68,1.146,0.000,0.000,0.140,0.000,0.000
2047,jung,status_quo_67,67.000,69,1.146,0.000,0.000,0.100,0.000,0.000
2047,jung,status_quo_67,67.000,70,1.146,0.000,0.000,0.070,0.000,0.000
2047,jung,status_quo_67,67.000,71,1.146,0.000,0.000,0.050,0.000,0.000
2047,jung,status_quo_67,67.000,72,1.146,0.000,0.000,0.040,0.000,0.000
2047,jung,lebenserwartung_gekoppelt_2zu1,69.200,67,1.146,1.000,1.146,0.200,0.195,12.185
2047,jung,lebenserwartung_gekoppelt_2zu1,69.200,68,1.146,1.000,1.146,0.140,0.136,8.529
2047,jung,lebenserwartung_gekoppelt_2zu1,69.200,69,1.146,0.200,0.229,0.100,0.019,1.218
2047,jung,lebenserwartung_gekoppelt_2zu1,69.200,70,1.146,0.000,0.000,0.070,0.000,0.000
2047,jung,lebenserwartung_gekoppelt_2zu1,69.200,71,1.146,0.000,0.000,0.050,0.000,0.000
2047,jung,lebenserwartung_gekoppelt_2zu1,69.200,72,1.146,0.000,0.000,0.040,0.000,0.000
2047,jung,daenemarknah,70.467,67,1.146,1.000,1.146,0.200,0.195,12.185
2047,jung,daenemarknah,70.467,68,1.146,1.000,1.146,0.140,0.136,8.529
2047,jung,daenemarknah,70.467,69,1.146,1.000,1.146,0.100,0.097,6.092
2047,jung,daenemarknah,70.467,70,1.146,0.467,0.535,0.070,0.032,1.990
2047,jung,daenemarknah,70.467,71,1.146,0.000,0.000,0.050,0.000,0.000
2047,jung,daenemarknah,70.467,72,1.146,0.000,0.000,0.040,0.000,0.000
2048,jung,status_quo_67,67.000,67,1.146,0.000,0.000,0.200,0.000,0.000
2048,jung,status_quo_67,67.000,68,1.146,0.000,0.000,0.140,0.000,0.000
2048,jung,status_quo_67,67.000,69,1.146,0.000,0.000,0.100,0.000,0.000
2048,jung,status_quo_67,67.000,70,1.146,0.000,0.000,0.070,0.000,0.000
2048,jung,status_quo_67,67.000,71,1.146,0.000,0.000,0.050,0.000,0.000
2048,jung,status_quo_67,67.000,72,1.146,0.000,0.000,0.040,0.000,0.000
2048,jung,lebenserwartung_gekoppelt_2zu1,69.300,67,1.146,1.000,1.146,0.200,0.195,12.493
2048,jung,lebenserwartung_gekoppelt_2zu1,69.300,68,1.146,1.000,1.146,0.140,0.136,8.745
2048,jung,lebenserwartung_gekoppelt_2zu1,69.300,69,1.146,0.300,0.344,0.100,0.029,1.874
2048,jung,lebenserwartung_gekoppelt_2zu1,69.300,70,1.146,0.000,0.000,0.070,0.000,0.000
2048,jung,lebenserwartung_gekoppelt_2zu1,69.300,71,1.146,0.000,0.000,0.050,0.000,0.000
2048,jung,lebenserwartung_gekoppelt_2zu1,69.300,72,1.146,0.000,0.000,0.040,0.000,0.000
2048,jung,daenemarknah,70.533,67,1.146,1.000,1.146,0.200,0.195,12.493
2048,jung,daenemarknah,70.533,68,1.146,1.000,1.146,0.140,0.136,8.745
2048,jung,daenemarknah,70.533,69,1.146,1.000,1.146,0.100,0.097,6.247
2048,jung,daenemarknah,70.533,70,1.146,0.533,0.611,0.070,0.036,2.332
2048,jung,daenemarknah,70.533,71,1.146,0.000,0.000,0.050,0.000,0.000
2048,jung,daenemarknah,70.533,72,1.146,0.000,0.000,0.040,0.000,0.000
2049,jung,status_quo_67,67.000,67,1.145,0.000,0.000,0.200,0.000,0.000
2049,jung,status_quo_67,67.000,68,1.145,0.000,0.000,0.140,0.000,0.000
2049,jung,status_quo_67,67.000,69,1.145,0.000,0.000,0.100,0.000,0.000
2049,jung,status_quo_67,67.000,70,1.145,0.000,0.000,0.070,0.000,0.000
2049,jung,status_quo_67,67.000,71,1.145,0.000,0.000,0.050,0.000,0.000
2049,jung,status_quo_67,67.000,72,1.145,0.000,0.000,0.040,0.000,0.000
2049,jung,lebenserwartung_gekoppelt_2zu1,69.400,67,1.145,1.000,1.145,0.200,0.195,12.809
2049,jung,lebenserwartung_gekoppelt_2zu1,69.400,68,1.145,1.000,1.145,0.140,0.136,8.967
2049,jung,lebenserwartung_gekoppelt_2zu1,69.400,69,1.145,0.400,0.458,0.100,0.039,2.562
2049,jung,lebenserwartung_gekoppelt_2zu1,69.400,70,1.145,0.000,0.000,0.070,0.000,0.000
2049,jung,lebenserwartung_gekoppelt_2zu1,69.400,71,1.145,0.000,0.000,0.050,0.000,0.000
2049,jung,lebenserwartung_gekoppelt_2zu1,69.400,72,1.145,0.000,0.000,0.040,0.000,0.000
2049,jung,daenemarknah,70.600,67,1.145,1.000,1.145,0.200,0.195,12.809
2049,jung,daenemarknah,70.600,68,1.145,1.000,1.145,0.140,0.136,8.967
2049,jung,daenemarknah,70.600,69,1.145,1.000,1.145,0.100,0.097,6.405
2049,jung,daenemarknah,70.600,70,1.145,0.600,0.687,0.070,0.041,2.690
2049,jung,daenemarknah,70.600,71,1.145,0.000,0.000,0.050,0.000,0.000
2049,jung,daenemarknah,70.600,72,1.145,0.000,0.000,0.040,0.000,0.000
2050,jung,status_quo_67,67.000,67,1.144,0.000,0.000,0.200,0.000,0.000
2050,jung,status_quo_67,67.000,68,1.144,0.000,0.000,0.140,0.000,0.000
2050,jung,status_quo_67,67.000,69,1.144,0.000,0.000,0.100,0.000,0.000
2050,jung,status_quo_67,67.000,70,1.144,0.000,0.000,0.070,0.000,0.000
2050,jung,status_quo_67,67.000,71,1.144,0.000,0.000,0.050,0.000,0.000
2050,jung,status_quo_67,67.000,72,1.144,0.000,0.000,0.040,0.000,0.000
2050,jung,lebenserwartung_gekoppelt_2zu1,69.500,67,1.144,1.000,1.144,0.200,0.195,13.133
2050,jung,lebenserwartung_gekoppelt_2zu1,69.500,68,1.144,1.000,1.144,0.140,0.136,9.193
2050,jung,lebenserwartung_gekoppelt_2zu1,69.500,69,1.144,0.500,0.572,0.100,0.049,3.283
2050,jung,lebenserwartung_gekoppelt_2zu1,69.500,70,1.144,0.000,0.000,0.070,0.000,0.000
2050,jung,lebenserwartung_gekoppelt_2zu1,69.500,71,1.144,0.000,0.000,0.050,0.000,0.000
2050,jung,lebenserwartung_gekoppelt_2zu1,69.500,72,1.144,0.000,0.000,0.040,0.000,0.000
2050,jung,daenemarknah,70.667,67,1.144,1.000,1.144,0.200,0.195,13.133
2050,jung,daenemarknah,70.667,68,1.144,1.000,1.144,0.140,0.136,9.193
2050,jung,daenemarknah,70.667,69,1.144,1.000,1.144,0.100,0.097,6.567
2050,jung,daenemarknah,70.667,70,1.144,0.667,0.763,0.070,0.045,3.064
2050,jung,daenemarknah,70.667,71,1.144,0.000,0.000,0.050,0.000,0.000
2050,jung,daenemarknah,70.667,72,1.144,0.000,0.000,0.040,0.000,0.000
2051,jung,status_quo_67,67.000,67,1.144,0.000,0.000,0.200,0.000,0.000
2051,jung,status_quo_67,67.000,68,1.144,0.000,0.000,0.140,0.000,0.000
2051,jung,status_quo_67,67.000,69,1.144,0.000,0.000,0.100,0.000,0.000
2051,jung,status_quo_67,67.000,70,1.144,0.000,0.000,0.070,0.000,0.000
2051,jung,status_quo_67,67.000,71,1.144,0.000,0.000,0.050,0.000,0.000
2051,jung,status_quo_67,67.000,72,1.144,0.000,0.000,0.040,0.000,0.000
2051,jung,lebenserwartung_gekoppelt_2zu1,69.600,67,1.144,1.000,1.144,0.200,0.194,13.466
2051,jung,lebenserwartung_gekoppelt_2zu1,69.600,68,1.144,1.000,1.144,0.140,0.136,9.426
2051,jung,lebenserwartung_gekoppelt_2zu1,69.600,69,1.144,0.600,0.686,0.100,0.058,4.040
2051,jung,lebenserwartung_gekoppelt_2zu1,69.600,70,1.144,0.000,0.000,0.070,0.000,0.000
2051,jung,lebenserwartung_gekoppelt_2zu1,69.600,71,1.144,0.000,0.000,0.050,0.000,0.000
2051,jung,lebenserwartung_gekoppelt_2zu1,69.600,72,1.144,0.000,0.000,0.040,0.000,0.000
2051,jung,daenemarknah,70.733,67,1.144,1.000,1.144,0.200,0.194,13.466
2051,jung,daenemarknah,70.733,68,1.144,1.000,1.144,0.140,0.136,9.426
2051,jung,daenemarknah,70.733,69,1.144,1.000,1.144,0.100,0.097,6.733
2051,jung,daenemarknah,70.733,70,1.144,0.733,0.839,0.070,0.050,3.456
2051,jung,daenemarknah,70.733,71,1.144,0.000,0.000,0.050,0.000,0.000
2051,jung,daenemarknah,70.733,72,1.144,0.000,0.000,0.040,0.000,0.000
2052,jung,status_quo_67,67.000,67,1.143,0.000,0.000,0.200,0.000,0.000
2052,jung,status_quo_67,67.000,68,1.143,0.000,0.000,0.140,0.000,0.000
2052,jung,status_quo_67,67.000,69,1.143,0.000,0.000,0.100,0.000,0.000
2052,jung,status_quo_67,67.000,70,1.143,0.000,0.000,0.070,0.000,0.000
2052,jung,status_quo_67,67.000,71,1.143,0.000,0.000,0.050,0.000,0.000
2052,jung,status_quo_67,67.000,72,1.143,0.000,0.000,0.040,0.000,0.000
2052,jung,lebenserwartung_gekoppelt_2zu1,69.700,67,1.143,1.000,1.143,0.200,0.194,13.807
2052,jung,lebenserwartung_gekoppelt_2zu1,69.700,68,1.143,1.000,1.143,0.140,0.136,9.665
2052,jung,lebenserwartung_gekoppelt_2zu1,69.700,69,1.143,0.700,0.800,0.100,0.068,4.832
2052,jung,lebenserwartung_gekoppelt_2zu1,69.700,70,1.143,0.000,0.000,0.070,0.000,0.000
2052,jung,lebenserwartung_gekoppelt_2zu1,69.700,71,1.143,0.000,0.000,0.050,0.000,0.000
2052,jung,lebenserwartung_gekoppelt_2zu1,69.700,72,1.143,0.000,0.000,0.040,0.000,0.000
2052,jung,daenemarknah,70.800,67,1.143,1.000,1.143,0.200,0.194,13.807
2052,jung,daenemarknah,70.800,68,1.143,1.000,1.143,0.140,0.136,9.665
2052,jung,daenemarknah,70.800,69,1.143,1.000,1.143,0.100,0.097,6.903
2052,jung,daenemarknah,70.800,70,1.143,0.800,0.914,0.070,0.054,3.866
2052,jung,daenemarknah,70.800,71,1.143,0.000,0.000,0.050,0.000,0.000
2052,jung,daenemarknah,70.800,72,1.143,0.000,0.000,0.040,0.000,0.000
2053,jung,status_quo_67,67.000,67,1.142,0.000,0.000,0.200,0.000,0.000
2053,jung,status_quo_67,67.000,68,1.142,0.000,0.000,0.140,0.000,0.000
2053,jung,status_quo_67,67.000,69,1.142,0.000,0.000,0.100,0.000,0.000
2053,jung,status_quo_67,67.000,70,1.142,0.000,0.000,0.070,0.000,0.000
2053,jung,status_quo_67,67.000,71,1.142,0.000,0.000,0.050,0.000,0.000
2053,jung,status_quo_67,67.000,72,1.142,0.000,0.000,0.040,0.000,0.000
2053,jung,lebenserwartung_gekoppelt_2zu1,69.800,67,1.142,1.000,1.142,0.200,0.194,14.156
2053,jung,lebenserwartung_gekoppelt_2zu1,69.800,68,1.142,1.000,1.142,0.140,0.136,9.909
2053,jung,lebenserwartung_gekoppelt_2zu1,69.800,69,1.142,0.800,0.914,0.100,0.078,5.662
2053,jung,lebenserwartung_gekoppelt_2zu1,69.800,70,1.142,0.000,0.000,0.070,0.000,0.000
2053,jung,lebenserwartung_gekoppelt_2zu1,69.800,71,1.142,0.000,0.000,0.050,0.000,0.000
2053,jung,lebenserwartung_gekoppelt_2zu1,69.800,72,1.142,0.000,0.000,0.040,0.000,0.000
2053,jung,daenemarknah,70.867,67,1.142,1.000,1.142,0.200,0.194,14.156
2053,jung,daenemarknah,70.867,68,1.142,1.000,1.142,0.140,0.136,9.909
2053,jung,daenemarknah,70.867,69,1.142,1.000,1.142,0.100,0.097,7.078
2053,jung,daenemarknah,70.867,70,1.142,0.867,0.990,0.070,0.059,4.294
2053,jung,daenemarknah,70.867,71,1.142,0.000,0.000,0.050,0.000,0.000
2053,jung,daenemarknah,70.867,72,1.142,0.000,0.000,0.040,0.000,0.000
2054,jung,status_quo_67,67.000,67,1.141,0.000,0.000,0.200,0.000,0.000
2054,jung,status_quo_67,67.000,68,1.141,0.000,0.000,0.140,0.000,0.000
2054,jung,status_quo_67,67.000,69,1.141,0.000,0.000,0.100,0.000,0.000
2054,jung,status_quo_67,67.000,70,1.141,0.000,0.000,0.070,0.000,0.000
2054,jung,status_quo_67,67.000,71,1.141,0.000,0.000,0.050,0.000,0.000
2054,jung,status_quo_67,67.000,72,1.141,0.000,0.000,0.040,0.000,0.000
2054,jung,lebenserwartung_gekoppelt_2zu1,69.900,67,1.141,1.000,1.141,0.200,0.194,14.514
2054,jung,lebenserwartung_gekoppelt_2zu1,69.900,68,1.141,1.000,1.141,0.140,0.136,10.160
2054,jung,lebenserwartung_gekoppelt_2zu1,69.900,69,1.141,0.900,1.027,0.100,0.087,6.531
2054,jung,lebenserwartung_gekoppelt_2zu1,69.900,70,1.141,0.000,0.000,0.070,0.000,0.000
2054,jung,lebenserwartung_gekoppelt_2zu1,69.900,71,1.141,0.000,0.000,0.050,0.000,0.000
2054,jung,lebenserwartung_gekoppelt_2zu1,69.900,72,1.141,0.000,0.000,0.040,0.000,0.000
2054,jung,daenemarknah,70.933,67,1.141,1.000,1.141,0.200,0.194,14.514
2054,jung,daenemarknah,70.933,68,1.141,1.000,1.141,0.140,0.136,10.160
2054,jung,daenemarknah,70.933,69,1.141,1.000,1.141,0.100,0.097,7.257
2054,jung,daenemarknah,70.933,70,1.141,0.933,1.065,0.070,0.063,4.741
2054,jung,daenemarknah,70.933,71,1.141,0.000,0.000,0.050,0.000,0.000
2054,jung,daenemarknah,70.933,72,1.141,0.000,0.000,0.040,0.000,0.000
2055,jung,status_quo_67,67.000,67,1.141,0.000,0.000,0.200,0.000,0.000
2055,jung,status_quo_67,67.000,68,1.141,0.000,0.000,0.140,0.000,0.000
2055,jung,status_quo_67,67.000,69,1.141,0.000,0.000,0.100,0.000,0.000
2055,jung,status_quo_67,67.000,70,1.141,0.000,0.000,0.070,0.000,0.000
2055,jung,status_quo_67,67.000,71,1.141,0.000,0.000,0.050,0.000,0.000
2055,jung,status_quo_67,67.000,72,1.141,0.000,0.000,0.040,0.000,0.000
2055,jung,lebenserwartung_gekoppelt_2zu1,70.000,67,1.141,1.000,1.141,0.200,0.194,14.881
2055,jung,lebenserwartung_gekoppelt_2zu1,70.000,68,1.141,1.000,1.141,0.140,0.136,10.417
2055,jung,lebenserwartung_gekoppelt_2zu1,70.000,69,1.141,1.000,1.141,0.100,0.097,7.441
2055,jung,lebenserwartung_gekoppelt_2zu1,70.000,70,1.141,0.000,0.000,0.070,0.000,0.000
2055,jung,lebenserwartung_gekoppelt_2zu1,70.000,71,1.141,0.000,0.000,0.050,0.000,0.000
2055,jung,lebenserwartung_gekoppelt_2zu1,70.000,72,1.141,0.000,0.000,0.040,0.000,0.000
2055,jung,daenemarknah,71.000,67,1.141,1.000,1.141,0.200,0.194,14.881
2055,jung,daenemarknah,71.000,68,1.141,1.000,1.141,0.140,0.136,10.417
2055,jung,daenemarknah,71.000,69,1.141,1.000,1.141,0.100,0.097,7.441
2055,jung,daenemarknah,71.000,70,1.141,1.000,1.141,0.070,0.068,5.209
2055,jung,daenemarknah,71.000,71,1.141,0.000,0.000,0.050,0.000,0.000
2055,jung,daenemarknah,71.000,72,1.141,0.000,0.000,0.040,0.000,0.000
2056,jung,status_quo_67,67.000,67,1.140,0.000,0.000,0.200,0.000,0.000
2056,jung,status_quo_67,67.000,68,1.140,0.000,0.000,0.140,0.000,0.000
2056,jung,status_quo_67,67.000,69,1.140,0.000,0.000,0.100,0.000,0.000
2056,jung,status_quo_67,67.000,70,1.140,0.000,0.000,0.070,0.000,0.000
2056,jung,status_quo_67,67.000,71,1.140,0.000,0.000,0.050,0.000,0.000
2056,jung,status_quo_67,67.000,72,1.140,0.000,0.000,0.040,0.000,0.000
2056,jung,lebenserwartung_gekoppelt_2zu1,70.100,67,1.140,1.000,1.140,0.200,0.194,15.258
2056,jung,lebenserwartung_gekoppelt_2zu1,70.100,68,1.140,1.000,1.140,0.140,0.136,10.681
2056,jung,lebenserwartung_gekoppelt_2zu1,70.100,69,1.140,1.000,1.140,0.100,0.097,7.629
2056,jung,lebenserwartung_gekoppelt_2zu1,70.100,70,1.140,0.100,0.114,0.070,0.007,0.534
2056,jung,lebenserwartung_gekoppelt_2zu1,70.100,71,1.140,0.000,0.000,0.050,0.000,0.000
2056,jung,lebenserwartung_gekoppelt_2zu1,70.100,72,1.140,0.000,0.000,0.040,0.000,0.000
2056,jung,daenemarknah,71.067,67,1.140,1.000,1.140,0.200,0.194,15.258
2056,jung,daenemarknah,71.067,68,1.140,1.000,1.140,0.140,0.136,10.681
2056,jung,daenemarknah,71.067,69,1.140,1.000,1.140,0.100,0.097,7.629
2056,jung,daenemarknah,71.067,70,1.140,1.000,1.140,0.070,0.068,5.340
2056,jung,daenemarknah,71.067,71,1.140,0.067,0.076,0.050,0.003,0.254
2056,jung,daenemarknah,71.067,72,1.140,0.000,0.000,0.040,0.000,0.000
2057,jung,status_quo_67,67.000,67,1.139,0.000,0.000,0.200,0.000,0.000
2057,jung,status_quo_67,67.000,68,1.139,0.000,0.000,0.140,0.000,0.000
2057,jung,status_quo_67,67.000,69,1.139,0.000,0.000,0.100,0.000,0.000
2057,jung,status_quo_67,67.000,70,1.139,0.000,0.000,0.070,0.000,0.000
2057,jung,status_quo_67,67.000,71,1.139,0.000,0.000,0.050,0.000,0.000
2057,jung,status_quo_67,67.000,72,1.139,0.000,0.000,0.040,0.000,0.000
2057,jung,lebenserwartung_gekoppelt_2zu1,70.200,67,1.139,1.000,1.139,0.200,0.194,15.644
2057,jung,lebenserwartung_gekoppelt_2zu1,70.200,68,1.139,1.000,1.139,0.140,0.136,10.951
2057,jung,lebenserwartung_gekoppelt_2zu1,70.200,69,1.139,1.000,1.139,0.100,0.097,7.822
2057,jung,lebenserwartung_gekoppelt_2zu1,70.200,70,1.139,0.200,0.228,0.070,0.014,1.095
2057,jung,lebenserwartung_gekoppelt_2zu1,70.200,71,1.139,0.000,0.000,0.050,0.000,0.000
2057,jung,lebenserwartung_gekoppelt_2zu1,70.200,72,1.139,0.000,0.000,0.040,0.000,0.000
2057,jung,daenemarknah,71.133,67,1.139,1.000,1.139,0.200,0.194,15.644
2057,jung,daenemarknah,71.133,68,1.139,1.000,1.139,0.140,0.136,10.951
2057,jung,daenemarknah,71.133,69,1.139,1.000,1.139,0.100,0.097,7.822
2057,jung,daenemarknah,71.133,70,1.139,1.000,1.139,0.070,0.068,5.475
2057,jung,daenemarknah,71.133,71,1.139,0.133,0.152,0.050,0.006,0.521
2057,jung,daenemarknah,71.133,72,1.139,0.000,0.000,0.040,0.000,0.000
2058,jung,status_quo_67,67.000,67,1.139,0.000,0.000,0.200,0.000,0.000
2058,jung,status_quo_67,67.000,68,1.139,0.000,0.000,0.140,0.000,0.000
2058,jung,status_quo_67,67.000,69,1.139,0.000,0.000,0.100,0.000,0.000
2058,jung,status_quo_67,67.000,70,1.139,0.000,0.000,0.070,0.000,0.000
2058,jung,status_quo_67,67.000,71,1.139,0.000,0.000,0.050,0.000,0.000
2058,jung,status_quo_67,67.000,72,1.139,0.000,0.000,0.040,0.000,0.000
2058,jung,lebenserwartung_gekoppelt_2zu1,70.300,67,1.139,1.000,1.139,0.200,0.194,16.040
2058,jung,lebenserwartung_gekoppelt_2zu1,70.300,68,1.139,1.000,1.139,0.140,0.135,11.228
2058,jung,lebenserwartung_gekoppelt_2zu1,70.300,69,1.139,1.000,1.139,0.100,0.097,8.020
2058,jung,lebenserwartung_gekoppelt_2zu1,70.300,70,1.139,0.300,0.342,0.070,0.020,1.684
2058,jung,lebenserwartung_gekoppelt_2zu1,70.300,71,1.139,0.000,0.000,0.050,0.000,0.000
2058,jung,lebenserwartung_gekoppelt_2zu1,70.300,72,1.139,0.000,0.000,0.040,0.000,0.000
2058,jung,daenemarknah,71.200,67,1.139,1.000,1.139,0.200,0.194,16.040
2058,jung,daenemarknah,71.200,68,1.139,1.000,1.139,0.140,0.135,11.228
2058,jung,daenemarknah,71.200,69,1.139,1.000,1.139,0.100,0.097,8.020
2058,jung,daenemarknah,71.200,70,1.139,1.000,1.139,0.070,0.068,5.614
2058,jung,daenemarknah,71.200,71,1.139,0.200,0.228,0.050,0.010,0.802
2058,jung,daenemarknah,71.200,72,1.139,0.000,0.000,0.040,0.000,0.000
2059,jung,status_quo_67,67.000,67,1.138,0.000,0.000,0.200,0.000,0.000
2059,jung,status_quo_67,67.000,68,1.138,0.000,0.000,0.140,0.000,0.000
2059,jung,status_quo_67,67.000,69,1.138,0.000,0.000,0.100,0.000,0.000
2059,jung,status_quo_67,67.000,70,1.138,0.000,0.000,0.070,0.000,0.000
2059,jung,status_quo_67,67.000,71,1.138,0.000,0.000,0.050,0.000,0.000
2059,jung,status_quo_67,67.000,72,1.138,0.000,0.000,0.040,0.000,0.000
2059,jung,lebenserwartung_gekoppelt_2zu1,70.400,67,1.138,1.000,1.138,0.200,0.193,16.446
2059,jung,lebenserwartung_gekoppelt_2zu1,70.400,68,1.138,1.000,1.138,0.140,0.135,11.512
2059,jung,lebenserwartung_gekoppelt_2zu1,70.400,69,1.138,1.000,1.138,0.100,0.097,8.223
2059,jung,lebenserwartung_gekoppelt_2zu1,70.400,70,1.138,0.400,0.455,0.070,0.027,2.302
2059,jung,lebenserwartung_gekoppelt_2zu1,70.400,71,1.138,0.000,0.000,0.050,0.000,0.000
2059,jung,lebenserwartung_gekoppelt_2zu1,70.400,72,1.138,0.000,0.000,0.040,0.000,0.000
2059,jung,daenemarknah,71.267,67,1.138,1.000,1.138,0.200,0.193,16.446
2059,jung,daenemarknah,71.267,68,1.138,1.000,1.138,0.140,0.135,11.512
2059,jung,daenemarknah,71.267,69,1.138,1.000,1.138,0.100,0.097,8.223
2059,jung,daenemarknah,71.267,70,1.138,1.000,1.138,0.070,0.068,5.756
2059,jung,daenemarknah,71.267,71,1.138,0.267,0.303,0.050,0.013,1.096
2059,jung,daenemarknah,71.267,72,1.138,0.000,0.000,0.040,0.000,0.000
2060,jung,status_quo_67,67.000,67,1.137,0.000,0.000,0.200,0.000,0.000
2060,jung,status_quo_67,67.000,68,1.137,0.000,0.000,0.140,0.000,0.000
2060,jung,status_quo_67,67.000,69,1.137,0.000,0.000,0.100,0.000,0.000
2060,jung,status_quo_67,67.000,70,1.137,0.000,0.000,0.070,0.000,0.000
2060,jung,status_quo_67,67.000,71,1.137,0.000,0.000,0.050,0.000,0.000
2060,jung,status_quo_67,67.000,72,1.137,0.000,0.000,0.040,0.000,0.000
2060,jung,lebenserwartung_gekoppelt_2zu1,70.500,67,1.137,1.000,1.137,0.200,0.193,16.862
2060,jung,lebenserwartung_gekoppelt_2zu1,70.500,68,1.137,1.000,1.137,0.140,0.135,11.803
2060,jung,lebenserwartung_gekoppelt_2zu1,70.500,69,1.137,1.000,1.137,0.100,0.097,8.431
2060,jung,lebenserwartung_gekoppelt_2zu1,70.500,70,1.137,0.500,0.569,0.070,0.034,2.951
2060,jung,lebenserwartung_gekoppelt_2zu1,70.500,71,1.137,0.000,0.000,0.050,0.000,0.000
2060,jung,lebenserwartung_gekoppelt_2zu1,70.500,72,1.137,0.000,0.000,0.040,0.000,0.000
2060,jung,daenemarknah,71.333,67,1.137,1.000,1.137,0.200,0.193,16.862
2060,jung,daenemarknah,71.333,68,1.137,1.000,1.137,0.140,0.135,11.803
2060,jung,daenemarknah,71.333,69,1.137,1.000,1.137,0.100,0.097,8.431
2060,jung,daenemarknah,71.333,70,1.137,1.000,1.137,0.070,0.068,5.902
2060,jung,daenemarknah,71.333,71,1.137,0.333,0.379,0.050,0.016,1.405
2060,jung,daenemarknah,71.333,72,1.137,0.000,0.000,0.040,0.000,0.000
2061,jung,status_quo_67,67.000,67,1.136,0.000,0.000,0.200,0.000,0.000
2061,jung,status_quo_67,67.000,68,1.136,0.000,0.000,0.140,0.000,0.000
2061,jung,status_quo_67,67.000,69,1.136,0.000,0.000,0.100,0.000,0.000
2061,jung,status_quo_67,67.000,70,1.136,0.000,0.000,0.070,0.000,0.000
2061,jung,status_quo_67,67.000,71,1.136,0.000,0.000,0.050,0.000,0.000
2061,jung,status_quo_67,67.000,72,1.136,0.000,0.000,0.040,0.000,0.000
2061,jung,lebenserwartung_gekoppelt_2zu1,70.600,67,1.136,1.000,1.136,0.200,0.193,17.288
2061,jung,lebenserwartung_gekoppelt_2zu1,70.600,68,1.136,1.000,1.136,0.140,0.135,12.102
2061,jung,lebenserwartung_gekoppelt_2zu1,70.600,69,1.136,1.000,1.136,0.100,0.097,8.644
2061,jung,lebenserwartung_gekoppelt_2zu1,70.600,70,1.136,0.600,0.682,0.070,0.041,3.630
2061,jung,lebenserwartung_gekoppelt_2zu1,70.600,71,1.136,0.000,0.000,0.050,0.000,0.000
2061,jung,lebenserwartung_gekoppelt_2zu1,70.600,72,1.136,0.000,0.000,0.040,0.000,0.000
2061,jung,daenemarknah,71.400,67,1.136,1.000,1.136,0.200,0.193,17.288
2061,jung,daenemarknah,71.400,68,1.136,1.000,1.136,0.140,0.135,12.102
2061,jung,daenemarknah,71.400,69,1.136,1.000,1.136,0.100,0.097,8.644
2061,jung,daenemarknah,71.400,70,1.136,1.000,1.136,0.070,0.068,6.051
2061,jung,daenemarknah,71.400,71,1.136,0.400,0.455,0.050,0.019,1.729
2061,jung,daenemarknah,71.400,72,1.136,0.000,0.000,0.040,0.000,0.000
2062,jung,status_quo_67,67.000,67,1.136,0.000,0.000,0.200,0.000,0.000
2062,jung,status_quo_67,67.000,68,1.136,0.000,0.000,0.140,0.000,0.000
2062,jung,status_quo_67,67.000,69,1.136,0.000,0.000,0.100,0.000,0.000
2062,jung,status_quo_67,67.000,70,1.136,0.000,0.000,0.070,0.000,0.000
2062,jung,status_quo_67,67.000,71,1.136,0.000,0.000,0.050,0.000,0.000
2062,jung,status_quo_67,67.000,72,1.136,0.000,0.000,0.040,0.000,0.000
2062,jung,lebenserwartung_gekoppelt_2zu1,70.700,67,1.136,1.000,1.136,0.200,0.193,17.725
2062,jung,lebenserwartung_gekoppelt_2zu1,70.700,68,1.136,1.000,1.136,0.140,0.135,12.408
2062,jung,lebenserwartung_gekoppelt_2zu1,70.700,69,1.136,1.000,1.136,0.100,0.097,8.863
2062,jung,lebenserwartung_gekoppelt_2zu1,70.700,70,1.136,0.700,0.795,0.070,0.047,4.343
2062,jung,lebenserwartung_gekoppelt_2zu1,70.700,71,1.136,0.000,0.000,0.050,0.000,0.000
2062,jung,lebenserwartung_gekoppelt_2zu1,70.700,72,1.136,0.000,0.000,0.040,0.000,0.000
2062,jung,daenemarknah,71.467,67,1.136,1.000,1.136,0.200,0.193,17.725
2062,jung,daenemarknah,71.467,68,1.136,1.000,1.136,0.140,0.135,12.408
2062,jung,daenemarknah,71.467,69,1.136,1.000,1.136,0.100,0.097,8.863
2062,jung,daenemarknah,71.467,70,1.136,1.000,1.136,0.070,0.068,6.204
2062,jung,daenemarknah,71.467,71,1.136,0.467,0.530,0.050,0.023,2.068
2062,jung,daenemarknah,71.467,72,1.136,0.000,0.000,0.040,0.000,0.000
2063,jung,status_quo_67,67.000,67,1.135,0.000,0.000,0.200,0.000,0.000
2063,jung,status_quo_67,67.000,68,1.135,0.000,0.000,0.140,0.000,0.000
2063,jung,status_quo_67,67.000,69,1.135,0.000,0.000,0.100,0.000,0.000
2063,jung,status_quo_67,67.000,70,1.135,0.000,0.000,0.070,0.000,0.000
2063,jung,status_quo_67,67.000,71,1.135,0.000,0.000,0.050,0.000,0.000
2063,jung,status_quo_67,67.000,72,1.135,0.000,0.000,0.040,0.000,0.000
2063,jung,lebenserwartung_gekoppelt_2zu1,70.800,67,1.135,1.000,1.135,0.200,0.193,18.174
2063,jung,lebenserwartung_gekoppelt_2zu1,70.800,68,1.135,1.000,1.135,0.140,0.135,12.722
2063,jung,lebenserwartung_gekoppelt_2zu1,70.800,69,1.135,1.000,1.135,0.100,0.096,9.087
2063,jung,lebenserwartung_gekoppelt_2zu1,70.800,70,1.135,0.800,0.908,0.070,0.054,5.089
2063,jung,lebenserwartung_gekoppelt_2zu1,70.800,71,1.135,0.000,0.000,0.050,0.000,0.000
2063,jung,lebenserwartung_gekoppelt_2zu1,70.800,72,1.135,0.000,0.000,0.040,0.000,0.000
2063,jung,daenemarknah,71.533,67,1.135,1.000,1.135,0.200,0.193,18.174
2063,jung,daenemarknah,71.533,68,1.135,1.000,1.135,0.140,0.135,12.722
2063,jung,daenemarknah,71.533,69,1.135,1.000,1.135,0.100,0.096,9.087
2063,jung,daenemarknah,71.533,70,1.135,1.000,1.135,0.070,0.068,6.361
2063,jung,daenemarknah,71.533,71,1.135,0.533,0.605,0.050,0.026,2.423
2063,jung,daenemarknah,71.533,72,1.135,0.000,0.000,0.040,0.000,0.000
2064,jung,status_quo_67,67.000,67,1.134,0.000,0.000,0.200,0.000,0.000
2064,jung,status_quo_67,67.000,68,1.134,0.000,0.000,0.140,0.000,0.000
2064,jung,status_quo_67,67.000,69,1.134,0.000,0.000,0.100,0.000,0.000
2064,jung,status_quo_67,67.000,70,1.134,0.000,0.000,0.070,0.000,0.000
2064,jung,status_quo_67,67.000,71,1.134,0.000,0.000,0.050,0.000,0.000
2064,jung,status_quo_67,67.000,72,1.134,0.000,0.000,0.040,0.000,0.000
2064,jung,lebenserwartung_gekoppelt_2zu1,70.900,67,1.134,1.000,1.134,0.200,0.193,18.633
2064,jung,lebenserwartung_gekoppelt_2zu1,70.900,68,1.134,1.000,1.134,0.140,0.135,13.043
2064,jung,lebenserwartung_gekoppelt_2zu1,70.900,69,1.134,1.000,1.134,0.100,0.096,9.317
2064,jung,lebenserwartung_gekoppelt_2zu1,70.900,70,1.134,0.900,1.021,0.070,0.061,5.869
2064,jung,lebenserwartung_gekoppelt_2zu1,70.900,71,1.134,0.000,0.000,0.050,0.000,0.000
2064,jung,lebenserwartung_gekoppelt_2zu1,70.900,72,1.134,0.000,0.000,0.040,0.000,0.000
2064,jung,daenemarknah,71.600,67,1.134,1.000,1.134,0.200,0.193,18.633
2064,jung,daenemarknah,71.600,68,1.134,1.000,1.134,0.140,0.135,13.043
2064,jung,daenemarknah,71.600,69,1.134,1.000,1.134,0.100,0.096,9.317
2064,jung,daenemarknah,71.600,70,1.134,1.000,1.134,0.070,0.067,6.522
2064,jung,daenemarknah,71.600,71,1.134,0.600,0.681,0.050,0.029,2.795
2064,jung,daenemarknah,71.600,72,1.134,0.000,0.000,0.040,0.000,0.000
2065,jung,status_quo_67,67.000,67,1.134,0.000,0.000,0.200,0.000,0.000
2065,jung,status_quo_67,67.000,68,1.134,0.000,0.000,0.140,0.000,0.000
2065,jung,status_quo_67,67.000,69,1.134,0.000,0.000,0.100,0.000,0.000
2065,jung,status_quo_67,67.000,70,1.134,0.000,0.000,0.070,0.000,0.000
2065,jung,status_quo_67,67.000,71,1.134,0.000,0.000,0.050,0.000,0.000
2065,jung,status_quo_67,67.000,72,1.134,0.000,0.000,0.040,0.000,0.000
2065,jung,lebenserwartung_gekoppelt_2zu1,71.000,67,1.134,1.000,1.134,0.200,0.193,19.105
2065,jung,lebenserwartung_gekoppelt_2zu1,71.000,68,1.134,1.000,1.134,0.140,0.135,13.373
2065,jung,lebenserwartung_gekoppelt_2zu1,71.000,69,1.134,1.000,1.134,0.100,0.096,9.552
2065,jung,lebenserwartung_gekoppelt_2zu1,71.000,70,1.134,1.000,1.134,0.070,0.067,6.687
2065,jung,lebenserwartung_gekoppelt_2zu1,71.000,71,1.134,0.000,0.000,0.050,0.000,0.000
2065,jung,lebenserwartung_gekoppelt_2zu1,71.000,72,1.134,0.000,0.000,0.040,0.000,0.000
2065,jung,daenemarknah,71.667,67,1.134,1.000,1.134,0.200,0.193,19.105
2065,jung,daenemarknah,71.667,68,1.134,1.000,1.134,0.140,0.135,13.373
2065,jung,daenemarknah,71.667,69,1.134,1.000,1.134,0.100,0.096,9.552
2065,jung,daenemarknah,71.667,70,1.134,1.000,1.134,0.070,0.067,6.687
2065,jung,daenemarknah,71.667,71,1.134,0.667,0.756,0.050,0.032,3.184
2065,jung,daenemarknah,71.667,72,1.134,0.000,0.000,0.040,0.000,0.000
2066,jung,status_quo_67,67.000,67,1.133,0.000,0.000,0.200,0.000,0.000
2066,jung,status_quo_67,67.000,68,1.133,0.000,0.000,0.140,0.000,0.000
2066,jung,status_quo_67,67.000,69,1.133,0.000,0.000,0.100,0.000,0.000
2066,jung,status_quo_67,67.000,70,1.133,0.000,0.000,0.070,0.000,0.000
2066,jung,status_quo_67,67.000,71,1.133,0.000,0.000,0.050,0.000,0.000
2066,jung,status_quo_67,67.000,72,1.133,0.000,0.000,0.040,0.000,0.000
2066,jung,lebenserwartung_gekoppelt_2zu1,71.100,67,1.133,1.000,1.133,0.200,0.193,19.588
2066,jung,lebenserwartung_gekoppelt_2zu1,71.100,68,1.133,1.000,1.133,0.140,0.135,13.711
2066,jung,lebenserwartung_gekoppelt_2zu1,71.100,69,1.133,1.000,1.133,0.100,0.096,9.794
2066,jung,lebenserwartung_gekoppelt_2zu1,71.100,70,1.133,1.000,1.133,0.070,0.067,6.856
2066,jung,lebenserwartung_gekoppelt_2zu1,71.100,71,1.133,0.100,0.113,0.050,0.005,0.490
2066,jung,lebenserwartung_gekoppelt_2zu1,71.100,72,1.133,0.000,0.000,0.040,0.000,0.000
2066,jung,daenemarknah,71.733,67,1.133,1.000,1.133,0.200,0.193,19.588
2066,jung,daenemarknah,71.733,68,1.133,1.000,1.133,0.140,0.135,13.711
2066,jung,daenemarknah,71.733,69,1.133,1.000,1.133,0.100,0.096,9.794
2066,jung,daenemarknah,71.733,70,1.133,1.000,1.133,0.070,0.067,6.856
2066,jung,daenemarknah,71.733,71,1.133,0.733,0.831,0.050,0.035,3.591
2066,jung,daenemarknah,71.733,72,1.133,0.000,0.000,0.040,0.000,0.000
2067,jung,status_quo_67,67.000,67,1.132,0.000,0.000,0.200,0.000,0.000
2067,jung,status_quo_67,67.000,68,1.132,0.000,0.000,0.140,0.000,0.000
2067,jung,status_quo_67,67.000,69,1.132,0.000,0.000,0.100,0.000,0.000
2067,jung,status_quo_67,67.000,70,1.132,0.000,0.000,0.070,0.000,0.000
2067,jung,status_quo_67,67.000,71,1.132,0.000,0.000,0.050,0.000,0.000
2067,jung,status_quo_67,67.000,72,1.132,0.000,0.000,0.040,0.000,0.000
2067,jung,lebenserwartung_gekoppelt_2zu1,71.200,67,1.132,1.000,1.132,0.200,0.192,20.083
2067,jung,lebenserwartung_gekoppelt_2zu1,71.200,68,1.132,1.000,1.132,0.140,0.135,14.058
2067,jung,lebenserwartung_gekoppelt_2zu1,71.200,69,1.132,1.000,1.132,0.100,0.096,10.042
2067,jung,lebenserwartung_gekoppelt_2zu1,71.200,70,1.132,1.000,1.132,0.070,0.067,7.029
2067,jung,lebenserwartung_gekoppelt_2zu1,71.200,71,1.132,0.200,0.226,0.050,0.010,1.004
2067,jung,lebenserwartung_gekoppelt_2zu1,71.200,72,1.132,0.000,0.000,0.040,0.000,0.000
2067,jung,daenemarknah,71.800,67,1.132,1.000,1.132,0.200,0.192,20.083
2067,jung,daenemarknah,71.800,68,1.132,1.000,1.132,0.140,0.135,14.058
2067,jung,daenemarknah,71.800,69,1.132,1.000,1.132,0.100,0.096,10.042
2067,jung,daenemarknah,71.800,70,1.132,1.000,1.132,0.070,0.067,7.029
2067,jung,daenemarknah,71.800,71,1.132,0.800,0.906,0.050,0.038,4.017
2067,jung,daenemarknah,71.800,72,1.132,0.000,0.000,0.040,0.000,0.000
2068,jung,status_quo_67,67.000,67,1.132,0.000,0.000,0.200,0.000,0.000
2068,jung,status_quo_67,67.000,68,1.132,0.000,0.000,0.140,0.000,0.000
2068,jung,status_quo_67,67.000,69,1.132,0.000,0.000,0.100,0.000,0.000
2068,jung,status_quo_67,67.000,70,1.132,0.000,0.000,0.070,0.000,0.000
2068,jung,status_quo_67,67.000,71,1.132,0.000,0.000,0.050,0.000,0.000
2068,jung,status_quo_67,67.000,72,1.132,0.000,0.000,0.040,0.000,0.000
2068,jung,lebenserwartung_gekoppelt_2zu1,71.300,67,1.132,1.000,1.132,0.200,0.192,20.591
2068,jung,lebenserwartung_gekoppelt_2zu1,71.300,68,1.132,1.000,1.132,0.140,0.135,14.414
2068,jung,lebenserwartung_gekoppelt_2zu1,71.300,69,1.132,1.000,1.132,0.100,0.096,10.295
2068,jung,lebenserwartung_gekoppelt_2zu1,71.300,70,1.132,1.000,1.132,0.070,0.067,7.207
2068,jung,lebenserwartung_gekoppelt_2zu1,71.300,71,1.132,0.300,0.339,0.050,0.014,1.544
2068,jung,lebenserwartung_gekoppelt_2zu1,71.300,72,1.132,0.000,0.000,0.040,0.000,0.000
2068,jung,daenemarknah,71.867,67,1.132,1.000,1.132,0.200,0.192,20.591
2068,jung,daenemarknah,71.867,68,1.132,1.000,1.132,0.140,0.135,14.414
2068,jung,daenemarknah,71.867,69,1.132,1.000,1.132,0.100,0.096,10.295
2068,jung,daenemarknah,71.867,70,1.132,1.000,1.132,0.070,0.067,7.207
2068,jung,daenemarknah,71.867,71,1.132,0.867,0.981,0.050,0.042,4.461
2068,jung,daenemarknah,71.867,72,1.132,0.000,0.000,0.040,0.000,0.000
2069,jung,status_quo_67,67.000,67,1.131,0.000,0.000,0.200,0.000,0.000
2069,jung,status_quo_67,67.000,68,1.131,0.000,0.000,0.140,0.000,0.000
2069,jung,status_quo_67,67.000,69,1.131,0.000,0.000,0.100,0.000,0.000
2069,jung,status_quo_67,67.000,70,1.131,0.000,0.000,0.070,0.000,0.000
2069,jung,status_quo_67,67.000,71,1.131,0.000,0.000,0.050,0.000,0.000
2069,jung,status_quo_67,67.000,72,1.131,0.000,0.000,0.040,0.000,0.000
2069,jung,lebenserwartung_gekoppelt_2zu1,71.400,67,1.131,1.000,1.131,0.200,0.192,21.111
2069,jung,lebenserwartung_gekoppelt_2zu1,71.400,68,1.131,1.000,1.131,0.140,0.135,14.778
2069,jung,lebenserwartung_gekoppelt_2zu1,71.400,69,1.131,1.000,1.131,0.100,0.096,10.556
2069,jung,lebenserwartung_gekoppelt_2zu1,71.400,70,1.131,1.000,1.131,0.070,0.067,7.389
2069,jung,lebenserwartung_gekoppelt_2zu1,71.400,71,1.131,0.400,0.452,0.050,0.019,2.111
2069,jung,lebenserwartung_gekoppelt_2zu1,71.400,72,1.131,0.000,0.000,0.040,0.000,0.000
2069,jung,daenemarknah,71.933,67,1.131,1.000,1.131,0.200,0.192,21.111
2069,jung,daenemarknah,71.933,68,1.131,1.000,1.131,0.140,0.135,14.778
2069,jung,daenemarknah,71.933,69,1.131,1.000,1.131,0.100,0.096,10.556
2069,jung,daenemarknah,71.933,70,1.131,1.000,1.131,0.070,0.067,7.389
2069,jung,daenemarknah,71.933,71,1.131,0.933,1.055,0.050,0.045,4.926
2069,jung,daenemarknah,71.933,72,1.131,0.000,0.000,0.040,0.000,0.000
2070,jung,status_quo_67,67.000,67,1.130,0.000,0.000,0.200,0.000,0.000
2070,jung,status_quo_67,67.000,68,1.130,0.000,0.000,0.140,0.000,0.000
2070,jung,status_quo_67,67.000,69,1.130,0.000,0.000,0.100,0.000,0.000
2070,jung,status_quo_67,67.000,70,1.130,0.000,0.000,0.070,0.000,0.000
2070,jung,status_quo_67,67.000,71,1.130,0.000,0.000,0.050,0.000,0.000
2070,jung,status_quo_67,67.000,72,1.130,0.000,0.000,0.040,0.000,0.000
2070,jung,lebenserwartung_gekoppelt_2zu1,71.500,67,1.130,1.000,1.130,0.200,0.192,21.645
2070,jung,lebenserwartung_gekoppelt_2zu1,71.500,68,1.130,1.000,1.130,0.140,0.134,15.152
2070,jung,lebenserwartung_gekoppelt_2zu1,71.500,69,1.130,1.000,1.130,0.100,0.096,10.823
2070,jung,lebenserwartung_gekoppelt_2zu1,71.500,70,1.130,1.000,1.130,0.070,0.067,7.576
2070,jung,lebenserwartung_gekoppelt_2zu1,71.500,71,1.130,0.500,0.565,0.050,0.024,2.706
2070,jung,lebenserwartung_gekoppelt_2zu1,71.500,72,1.130,0.000,0.000,0.040,0.000,0.000
2070,jung,daenemarknah,72.000,67,1.130,1.000,1.130,0.200,0.192,21.645
2070,jung,daenemarknah,72.000,68,1.130,1.000,1.130,0.140,0.134,15.152
2070,jung,daenemarknah,72.000,69,1.130,1.000,1.130,0.100,0.096,10.823
2070,jung,daenemarknah,72.000,70,1.130,1.000,1.130,0.070,0.067,7.576
2070,jung,daenemarknah,72.000,71,1.130,1.000,1.130,0.050,0.048,5.411
2070,jung,daenemarknah,72.000,72,1.130,0.000,0.000,0.040,0.000,0.000
2027,moderat,status_quo_67,67.000,67,0.998,0.000,0.000,0.200,0.000,0.000
2027,moderat,status_quo_67,67.000,68,0.998,0.000,0.000,0.140,0.000,0.000
2027,moderat,status_quo_67,67.000,69,0.998,0.000,0.000,0.100,0.000,0.000
2027,moderat,status_quo_67,67.000,70,0.998,0.000,0.000,0.070,0.000,0.000
2027,moderat,status_quo_67,67.000,71,0.998,0.000,0.000,0.050,0.000,0.000
2027,moderat,status_quo_67,67.000,72,0.998,0.000,0.000,0.040,0.000,0.000
2027,moderat,lebenserwartung_gekoppelt_2zu1,67.000,67,0.998,0.000,0.000,0.200,0.000,0.000
2027,moderat,lebenserwartung_gekoppelt_2zu1,67.000,68,0.998,0.000,0.000,0.140,0.000,0.000
2027,moderat,lebenserwartung_gekoppelt_2zu1,67.000,69,0.998,0.000,0.000,0.100,0.000,0.000
2027,moderat,lebenserwartung_gekoppelt_2zu1,67.000,70,0.998,0.000,0.000,0.070,0.000,0.000
2027,moderat,lebenserwartung_gekoppelt_2zu1,67.000,71,0.998,0.000,0.000,0.050,0.000,0.000
2027,moderat,lebenserwartung_gekoppelt_2zu1,67.000,72,0.998,0.000,0.000,0.040,0.000,0.000
2027,moderat,daenemarknah,67.000,67,0.998,0.000,0.000,0.200,0.000,0.000
2027,moderat,daenemarknah,67.000,68,0.998,0.000,0.000,0.140,0.000,0.000
2027,moderat,daenemarknah,67.000,69,0.998,0.000,0.000,0.100,0.000,0.000
2027,moderat,daenemarknah,67.000,70,0.998,0.000,0.000,0.070,0.000,0.000
2027,moderat,daenemarknah,67.000,71,0.998,0.000,0.000,0.050,0.000,0.000
2027,moderat,daenemarknah,67.000,72,0.998,0.000,0.000,0.040,0.000,0.000
2028,moderat,status_quo_67,67.000,67,1.014,0.000,0.000,0.200,0.000,0.000
2028,moderat,status_quo_67,67.000,68,1.014,0.000,0.000,0.140,0.000,0.000
2028,moderat,status_quo_67,67.000,69,1.014,0.000,0.000,0.100,0.000,0.000
2028,moderat,status_quo_67,67.000,70,1.014,0.000,0.000,0.070,0.000,0.000
2028,moderat,status_quo_67,67.000,71,1.014,0.000,0.000,0.050,0.000,0.000
2028,moderat,status_quo_67,67.000,72,1.014,0.000,0.000,0.040,0.000,0.000
2028,moderat,lebenserwartung_gekoppelt_2zu1,67.125,67,1.014,0.125,0.127,0.200,0.022,0.790
2028,moderat,lebenserwartung_gekoppelt_2zu1,67.125,68,1.014,0.000,0.000,0.140,0.000,0.000
2028,moderat,lebenserwartung_gekoppelt_2zu1,67.125,69,1.014,0.000,0.000,0.100,0.000,0.000
2028,moderat,lebenserwartung_gekoppelt_2zu1,67.125,70,1.014,0.000,0.000,0.070,0.000,0.000
2028,moderat,lebenserwartung_gekoppelt_2zu1,67.125,71,1.014,0.000,0.000,0.050,0.000,0.000
2028,moderat,lebenserwartung_gekoppelt_2zu1,67.125,72,1.014,0.000,0.000,0.040,0.000,0.000
2028,moderat,daenemarknah,67.333,67,1.014,0.333,0.338,0.200,0.057,2.107
2028,moderat,daenemarknah,67.333,68,1.014,0.000,0.000,0.140,0.000,0.000
2028,moderat,daenemarknah,67.333,69,1.014,0.000,0.000,0.100,0.000,0.000
2028,moderat,daenemarknah,67.333,70,1.014,0.000,0.000,0.070,0.000,0.000
2028,moderat,daenemarknah,67.333,71,1.014,0.000,0.000,0.050,0.000,0.000
2028,moderat,daenemarknah,67.333,72,1.014,0.000,0.000,0.040,0.000,0.000
2029,moderat,status_quo_67,67.000,67,1.030,0.000,0.000,0.200,0.000,0.000
2029,moderat,status_quo_67,67.000,68,1.030,0.000,0.000,0.140,0.000,0.000
2029,moderat,status_quo_67,67.000,69,1.030,0.000,0.000,0.100,0.000,0.000
2029,moderat,status_quo_67,67.000,70,1.030,0.000,0.000,0.070,0.000,0.000
2029,moderat,status_quo_67,67.000,71,1.030,0.000,0.000,0.050,0.000,0.000
2029,moderat,status_quo_67,67.000,72,1.030,0.000,0.000,0.040,0.000,0.000
2029,moderat,lebenserwartung_gekoppelt_2zu1,67.250,67,1.030,0.250,0.258,0.200,0.044,1.658
2029,moderat,lebenserwartung_gekoppelt_2zu1,67.250,68,1.030,0.000,0.000,0.140,0.000,0.000
2029,moderat,lebenserwartung_gekoppelt_2zu1,67.250,69,1.030,0.000,0.000,0.100,0.000,0.000
2029,moderat,lebenserwartung_gekoppelt_2zu1,67.250,70,1.030,0.000,0.000,0.070,0.000,0.000
2029,moderat,lebenserwartung_gekoppelt_2zu1,67.250,71,1.030,0.000,0.000,0.050,0.000,0.000
2029,moderat,lebenserwartung_gekoppelt_2zu1,67.250,72,1.030,0.000,0.000,0.040,0.000,0.000
2029,moderat,daenemarknah,67.667,67,1.030,0.667,0.687,0.200,0.117,4.421
2029,moderat,daenemarknah,67.667,68,1.030,0.000,0.000,0.140,0.000,0.000
2029,moderat,daenemarknah,67.667,69,1.030,0.000,0.000,0.100,0.000,0.000
2029,moderat,daenemarknah,67.667,70,1.030,0.000,0.000,0.070,0.000,0.000
2029,moderat,daenemarknah,67.667,71,1.030,0.000,0.000,0.050,0.000,0.000
2029,moderat,daenemarknah,67.667,72,1.030,0.000,0.000,0.040,0.000,0.000
2030,moderat,status_quo_67,67.000,67,1.046,0.000,0.000,0.200,0.000,0.000
2030,moderat,status_quo_67,67.000,68,1.046,0.000,0.000,0.140,0.000,0.000
2030,moderat,status_quo_67,67.000,69,1.046,0.000,0.000,0.100,0.000,0.000
2030,moderat,status_quo_67,67.000,70,1.046,0.000,0.000,0.070,0.000,0.000
2030,moderat,status_quo_67,67.000,71,1.046,0.000,0.000,0.050,0.000,0.000
2030,moderat,status_quo_67,67.000,72,1.046,0.000,0.000,0.040,0.000,0.000
2030,moderat,lebenserwartung_gekoppelt_2zu1,67.375,67,1.046,0.375,0.392,0.200,0.067,2.609
2030,moderat,lebenserwartung_gekoppelt_2zu1,67.375,68,1.046,0.000,0.000,0.140,0.000,0.000
2030,moderat,lebenserwartung_gekoppelt_2zu1,67.375,69,1.046,0.000,0.000,0.100,0.000,0.000
2030,moderat,lebenserwartung_gekoppelt_2zu1,67.375,70,1.046,0.000,0.000,0.070,0.000,0.000
2030,moderat,lebenserwartung_gekoppelt_2zu1,67.375,71,1.046,0.000,0.000,0.050,0.000,0.000
2030,moderat,lebenserwartung_gekoppelt_2zu1,67.375,72,1.046,0.000,0.000,0.040,0.000,0.000
2030,moderat,daenemarknah,68.000,67,1.046,1.000,1.046,0.200,0.178,6.958
2030,moderat,daenemarknah,68.000,68,1.046,0.000,0.000,0.140,0.000,0.000
2030,moderat,daenemarknah,68.000,69,1.046,0.000,0.000,0.100,0.000,0.000
2030,moderat,daenemarknah,68.000,70,1.046,0.000,0.000,0.070,0.000,0.000
2030,moderat,daenemarknah,68.000,71,1.046,0.000,0.000,0.050,0.000,0.000
2030,moderat,daenemarknah,68.000,72,1.046,0.000,0.000,0.040,0.000,0.000
2031,moderat,status_quo_67,67.000,67,1.063,0.000,0.000,0.200,0.000,0.000
2031,moderat,status_quo_67,67.000,68,1.063,0.000,0.000,0.140,0.000,0.000
2031,moderat,status_quo_67,67.000,69,1.063,0.000,0.000,0.100,0.000,0.000
2031,moderat,status_quo_67,67.000,70,1.063,0.000,0.000,0.070,0.000,0.000
2031,moderat,status_quo_67,67.000,71,1.063,0.000,0.000,0.050,0.000,0.000
2031,moderat,status_quo_67,67.000,72,1.063,0.000,0.000,0.040,0.000,0.000
2031,moderat,lebenserwartung_gekoppelt_2zu1,67.500,67,1.063,0.500,0.531,0.200,0.090,3.649
2031,moderat,lebenserwartung_gekoppelt_2zu1,67.500,68,1.063,0.000,0.000,0.140,0.000,0.000
2031,moderat,lebenserwartung_gekoppelt_2zu1,67.500,69,1.063,0.000,0.000,0.100,0.000,0.000
2031,moderat,lebenserwartung_gekoppelt_2zu1,67.500,70,1.063,0.000,0.000,0.070,0.000,0.000
2031,moderat,lebenserwartung_gekoppelt_2zu1,67.500,71,1.063,0.000,0.000,0.050,0.000,0.000
2031,moderat,lebenserwartung_gekoppelt_2zu1,67.500,72,1.063,0.000,0.000,0.040,0.000,0.000
2031,moderat,daenemarknah,68.200,67,1.063,1.000,1.063,0.200,0.181,7.297
2031,moderat,daenemarknah,68.200,68,1.063,0.200,0.213,0.140,0.025,1.022
2031,moderat,daenemarknah,68.200,69,1.063,0.000,0.000,0.100,0.000,0.000
2031,moderat,daenemarknah,68.200,70,1.063,0.000,0.000,0.070,0.000,0.000
2031,moderat,daenemarknah,68.200,71,1.063,0.000,0.000,0.050,0.000,0.000
2031,moderat,daenemarknah,68.200,72,1.063,0.000,0.000,0.040,0.000,0.000
2032,moderat,status_quo_67,67.000,67,1.079,0.000,0.000,0.200,0.000,0.000
2032,moderat,status_quo_67,67.000,68,1.079,0.000,0.000,0.140,0.000,0.000
2032,moderat,status_quo_67,67.000,69,1.079,0.000,0.000,0.100,0.000,0.000
2032,moderat,status_quo_67,67.000,70,1.079,0.000,0.000,0.070,0.000,0.000
2032,moderat,status_quo_67,67.000,71,1.079,0.000,0.000,0.050,0.000,0.000
2032,moderat,status_quo_67,67.000,72,1.079,0.000,0.000,0.040,0.000,0.000
2032,moderat,lebenserwartung_gekoppelt_2zu1,67.625,67,1.079,0.625,0.674,0.200,0.115,4.782
2032,moderat,lebenserwartung_gekoppelt_2zu1,67.625,68,1.079,0.000,0.000,0.140,0.000,0.000
2032,moderat,lebenserwartung_gekoppelt_2zu1,67.625,69,1.079,0.000,0.000,0.100,0.000,0.000
2032,moderat,lebenserwartung_gekoppelt_2zu1,67.625,70,1.079,0.000,0.000,0.070,0.000,0.000
2032,moderat,lebenserwartung_gekoppelt_2zu1,67.625,71,1.079,0.000,0.000,0.050,0.000,0.000
2032,moderat,lebenserwartung_gekoppelt_2zu1,67.625,72,1.079,0.000,0.000,0.040,0.000,0.000
2032,moderat,daenemarknah,68.400,67,1.079,1.000,1.079,0.200,0.183,7.651
2032,moderat,daenemarknah,68.400,68,1.079,0.400,0.431,0.140,0.051,2.142
2032,moderat,daenemarknah,68.400,69,1.079,0.000,0.000,0.100,0.000,0.000
2032,moderat,daenemarknah,68.400,70,1.079,0.000,0.000,0.070,0.000,0.000
2032,moderat,daenemarknah,68.400,71,1.079,0.000,0.000,0.050,0.000,0.000
2032,moderat,daenemarknah,68.400,72,1.079,0.000,0.000,0.040,0.000,0.000
2033,moderat,status_quo_67,67.000,67,1.095,0.000,0.000,0.200,0.000,0.000
2033,moderat,status_quo_67,67.000,68,1.095,0.000,0.000,0.140,0.000,0.000
2033,moderat,status_quo_67,67.000,69,1.095,0.000,0.000,0.100,0.000,0.000
2033,moderat,status_quo_67,67.000,70,1.095,0.000,0.000,0.070,0.000,0.000
2033,moderat,status_quo_67,67.000,71,1.095,0.000,0.000,0.050,0.000,0.000
2033,moderat,status_quo_67,67.000,72,1.095,0.000,0.000,0.040,0.000,0.000
2033,moderat,lebenserwartung_gekoppelt_2zu1,67.750,67,1.095,0.750,0.821,0.200,0.140,6.015
2033,moderat,lebenserwartung_gekoppelt_2zu1,67.750,68,1.095,0.000,0.000,0.140,0.000,0.000
2033,moderat,lebenserwartung_gekoppelt_2zu1,67.750,69,1.095,0.000,0.000,0.100,0.000,0.000
2033,moderat,lebenserwartung_gekoppelt_2zu1,67.750,70,1.095,0.000,0.000,0.070,0.000,0.000
2033,moderat,lebenserwartung_gekoppelt_2zu1,67.750,71,1.095,0.000,0.000,0.050,0.000,0.000
2033,moderat,lebenserwartung_gekoppelt_2zu1,67.750,72,1.095,0.000,0.000,0.040,0.000,0.000
2033,moderat,daenemarknah,68.600,67,1.095,1.000,1.095,0.200,0.186,8.020
2033,moderat,daenemarknah,68.600,68,1.095,0.600,0.657,0.140,0.078,3.368
2033,moderat,daenemarknah,68.600,69,1.095,0.000,0.000,0.100,0.000,0.000
2033,moderat,daenemarknah,68.600,70,1.095,0.000,0.000,0.070,0.000,0.000
2033,moderat,daenemarknah,68.600,71,1.095,0.000,0.000,0.050,0.000,0.000
2033,moderat,daenemarknah,68.600,72,1.095,0.000,0.000,0.040,0.000,0.000
2034,moderat,status_quo_67,67.000,67,1.111,0.000,0.000,0.200,0.000,0.000
2034,moderat,status_quo_67,67.000,68,1.111,0.000,0.000,0.140,0.000,0.000
2034,moderat,status_quo_67,67.000,69,1.111,0.000,0.000,0.100,0.000,0.000
2034,moderat,status_quo_67,67.000,70,1.111,0.000,0.000,0.070,0.000,0.000
2034,moderat,status_quo_67,67.000,71,1.111,0.000,0.000,0.050,0.000,0.000
2034,moderat,status_quo_67,67.000,72,1.111,0.000,0.000,0.040,0.000,0.000
2034,moderat,lebenserwartung_gekoppelt_2zu1,67.875,67,1.111,0.875,0.972,0.200,0.165,7.354
2034,moderat,lebenserwartung_gekoppelt_2zu1,67.875,68,1.111,0.000,0.000,0.140,0.000,0.000
2034,moderat,lebenserwartung_gekoppelt_2zu1,67.875,69,1.111,0.000,0.000,0.100,0.000,0.000
2034,moderat,lebenserwartung_gekoppelt_2zu1,67.875,70,1.111,0.000,0.000,0.070,0.000,0.000
2034,moderat,lebenserwartung_gekoppelt_2zu1,67.875,71,1.111,0.000,0.000,0.050,0.000,0.000
2034,moderat,lebenserwartung_gekoppelt_2zu1,67.875,72,1.111,0.000,0.000,0.040,0.000,0.000
2034,moderat,daenemarknah,68.800,67,1.111,1.000,1.111,0.200,0.189,8.405
2034,moderat,daenemarknah,68.800,68,1.111,0.800,0.889,0.140,0.106,4.707
2034,moderat,daenemarknah,68.800,69,1.111,0.000,0.000,0.100,0.000,0.000
2034,moderat,daenemarknah,68.800,70,1.111,0.000,0.000,0.070,0.000,0.000
2034,moderat,daenemarknah,68.800,71,1.111,0.000,0.000,0.050,0.000,0.000
2034,moderat,daenemarknah,68.800,72,1.111,0.000,0.000,0.040,0.000,0.000
2035,moderat,status_quo_67,67.000,67,1.127,0.000,0.000,0.200,0.000,0.000
2035,moderat,status_quo_67,67.000,68,1.127,0.000,0.000,0.140,0.000,0.000
2035,moderat,status_quo_67,67.000,69,1.127,0.000,0.000,0.100,0.000,0.000
2035,moderat,status_quo_67,67.000,70,1.127,0.000,0.000,0.070,0.000,0.000
2035,moderat,status_quo_67,67.000,71,1.127,0.000,0.000,0.050,0.000,0.000
2035,moderat,status_quo_67,67.000,72,1.127,0.000,0.000,0.040,0.000,0.000
2035,moderat,lebenserwartung_gekoppelt_2zu1,68.000,67,1.127,1.000,1.127,0.200,0.192,8.805
2035,moderat,lebenserwartung_gekoppelt_2zu1,68.000,68,1.127,0.000,0.000,0.140,0.000,0.000
2035,moderat,lebenserwartung_gekoppelt_2zu1,68.000,69,1.127,0.000,0.000,0.100,0.000,0.000
2035,moderat,lebenserwartung_gekoppelt_2zu1,68.000,70,1.127,0.000,0.000,0.070,0.000,0.000
2035,moderat,lebenserwartung_gekoppelt_2zu1,68.000,71,1.127,0.000,0.000,0.050,0.000,0.000
2035,moderat,lebenserwartung_gekoppelt_2zu1,68.000,72,1.127,0.000,0.000,0.040,0.000,0.000
2035,moderat,daenemarknah,69.000,67,1.127,1.000,1.127,0.200,0.192,8.805
2035,moderat,daenemarknah,69.000,68,1.127,1.000,1.127,0.140,0.134,6.164
2035,moderat,daenemarknah,69.000,69,1.127,0.000,0.000,0.100,0.000,0.000
2035,moderat,daenemarknah,69.000,70,1.127,0.000,0.000,0.070,0.000,0.000
2035,moderat,daenemarknah,69.000,71,1.127,0.000,0.000,0.050,0.000,0.000
2035,moderat,daenemarknah,69.000,72,1.127,0.000,0.000,0.040,0.000,0.000
2036,moderat,status_quo_67,67.000,67,1.143,0.000,0.000,0.200,0.000,0.000
2036,moderat,status_quo_67,67.000,68,1.143,0.000,0.000,0.140,0.000,0.000
2036,moderat,status_quo_67,67.000,69,1.143,0.000,0.000,0.100,0.000,0.000
2036,moderat,status_quo_67,67.000,70,1.143,0.000,0.000,0.070,0.000,0.000
2036,moderat,status_quo_67,67.000,71,1.143,0.000,0.000,0.050,0.000,0.000
2036,moderat,status_quo_67,67.000,72,1.143,0.000,0.000,0.040,0.000,0.000
2036,moderat,lebenserwartung_gekoppelt_2zu1,68.100,67,1.143,1.000,1.143,0.200,0.194,9.163
2036,moderat,lebenserwartung_gekoppelt_2zu1,68.100,68,1.143,0.100,0.114,0.140,0.014,0.641
2036,moderat,lebenserwartung_gekoppelt_2zu1,68.100,69,1.143,0.000,0.000,0.100,0.000,0.000
2036,moderat,lebenserwartung_gekoppelt_2zu1,68.100,70,1.143,0.000,0.000,0.070,0.000,0.000
2036,moderat,lebenserwartung_gekoppelt_2zu1,68.100,71,1.143,0.000,0.000,0.050,0.000,0.000
2036,moderat,lebenserwartung_gekoppelt_2zu1,68.100,72,1.143,0.000,0.000,0.040,0.000,0.000
2036,moderat,daenemarknah,69.200,67,1.143,1.000,1.143,0.200,0.194,9.163
2036,moderat,daenemarknah,69.200,68,1.143,1.000,1.143,0.140,0.136,6.414
2036,moderat,daenemarknah,69.200,69,1.143,0.200,0.229,0.100,0.019,0.916
2036,moderat,daenemarknah,69.200,70,1.143,0.000,0.000,0.070,0.000,0.000
2036,moderat,daenemarknah,69.200,71,1.143,0.000,0.000,0.050,0.000,0.000
2036,moderat,daenemarknah,69.200,72,1.143,0.000,0.000,0.040,0.000,0.000
2037,moderat,status_quo_67,67.000,67,1.159,0.000,0.000,0.200,0.000,0.000
2037,moderat,status_quo_67,67.000,68,1.159,0.000,0.000,0.140,0.000,0.000
2037,moderat,status_quo_67,67.000,69,1.159,0.000,0.000,0.100,0.000,0.000
2037,moderat,status_quo_67,67.000,70,1.159,0.000,0.000,0.070,0.000,0.000
2037,moderat,status_quo_67,67.000,71,1.159,0.000,0.000,0.050,0.000,0.000
2037,moderat,status_quo_67,67.000,72,1.159,0.000,0.000,0.040,0.000,0.000
2037,moderat,lebenserwartung_gekoppelt_2zu1,68.200,67,1.159,1.000,1.159,0.200,0.197,9.533
2037,moderat,lebenserwartung_gekoppelt_2zu1,68.200,68,1.159,0.200,0.232,0.140,0.028,1.335
2037,moderat,lebenserwartung_gekoppelt_2zu1,68.200,69,1.159,0.000,0.000,0.100,0.000,0.000
2037,moderat,lebenserwartung_gekoppelt_2zu1,68.200,70,1.159,0.000,0.000,0.070,0.000,0.000
2037,moderat,lebenserwartung_gekoppelt_2zu1,68.200,71,1.159,0.000,0.000,0.050,0.000,0.000
2037,moderat,lebenserwartung_gekoppelt_2zu1,68.200,72,1.159,0.000,0.000,0.040,0.000,0.000
2037,moderat,daenemarknah,69.400,67,1.159,1.000,1.159,0.200,0.197,9.533
2037,moderat,daenemarknah,69.400,68,1.159,1.000,1.159,0.140,0.138,6.673
2037,moderat,daenemarknah,69.400,69,1.159,0.400,0.464,0.100,0.039,1.907
2037,moderat,daenemarknah,69.400,70,1.159,0.000,0.000,0.070,0.000,0.000
2037,moderat,daenemarknah,69.400,71,1.159,0.000,0.000,0.050,0.000,0.000
2037,moderat,daenemarknah,69.400,72,1.159,0.000,0.000,0.040,0.000,0.000
2038,moderat,status_quo_67,67.000,67,1.175,0.000,0.000,0.200,0.000,0.000
2038,moderat,status_quo_67,67.000,68,1.175,0.000,0.000,0.140,0.000,0.000
2038,moderat,status_quo_67,67.000,69,1.175,0.000,0.000,0.100,0.000,0.000
2038,moderat,status_quo_67,67.000,70,1.175,0.000,0.000,0.070,0.000,0.000
2038,moderat,status_quo_67,67.000,71,1.175,0.000,0.000,0.050,0.000,0.000
2038,moderat,status_quo_67,67.000,72,1.175,0.000,0.000,0.040,0.000,0.000
2038,moderat,lebenserwartung_gekoppelt_2zu1,68.300,67,1.175,1.000,1.175,0.200,0.200,9.917
2038,moderat,lebenserwartung_gekoppelt_2zu1,68.300,68,1.175,0.300,0.353,0.140,0.042,2.082
2038,moderat,lebenserwartung_gekoppelt_2zu1,68.300,69,1.175,0.000,0.000,0.100,0.000,0.000
2038,moderat,lebenserwartung_gekoppelt_2zu1,68.300,70,1.175,0.000,0.000,0.070,0.000,0.000
2038,moderat,lebenserwartung_gekoppelt_2zu1,68.300,71,1.175,0.000,0.000,0.050,0.000,0.000
2038,moderat,lebenserwartung_gekoppelt_2zu1,68.300,72,1.175,0.000,0.000,0.040,0.000,0.000
2038,moderat,daenemarknah,69.600,67,1.175,1.000,1.175,0.200,0.200,9.917
2038,moderat,daenemarknah,69.600,68,1.175,1.000,1.175,0.140,0.140,6.942
2038,moderat,daenemarknah,69.600,69,1.175,0.600,0.705,0.100,0.060,2.975
2038,moderat,daenemarknah,69.600,70,1.175,0.000,0.000,0.070,0.000,0.000
2038,moderat,daenemarknah,69.600,71,1.175,0.000,0.000,0.050,0.000,0.000
2038,moderat,daenemarknah,69.600,72,1.175,0.000,0.000,0.040,0.000,0.000
2039,moderat,status_quo_67,67.000,67,1.175,0.000,0.000,0.200,0.000,0.000
2039,moderat,status_quo_67,67.000,68,1.175,0.000,0.000,0.140,0.000,0.000
2039,moderat,status_quo_67,67.000,69,1.175,0.000,0.000,0.100,0.000,0.000
2039,moderat,status_quo_67,67.000,70,1.175,0.000,0.000,0.070,0.000,0.000
2039,moderat,status_quo_67,67.000,71,1.175,0.000,0.000,0.050,0.000,0.000
2039,moderat,status_quo_67,67.000,72,1.175,0.000,0.000,0.040,0.000,0.000
2039,moderat,lebenserwartung_gekoppelt_2zu1,68.400,67,1.175,1.000,1.175,0.200,0.200,10.175
2039,moderat,lebenserwartung_gekoppelt_2zu1,68.400,68,1.175,0.400,0.470,0.140,0.056,2.849
2039,moderat,lebenserwartung_gekoppelt_2zu1,68.400,69,1.175,0.000,0.000,0.100,0.000,0.000
2039,moderat,lebenserwartung_gekoppelt_2zu1,68.400,70,1.175,0.000,0.000,0.070,0.000,0.000
2039,moderat,lebenserwartung_gekoppelt_2zu1,68.400,71,1.175,0.000,0.000,0.050,0.000,0.000
2039,moderat,lebenserwartung_gekoppelt_2zu1,68.400,72,1.175,0.000,0.000,0.040,0.000,0.000
2039,moderat,daenemarknah,69.800,67,1.175,1.000,1.175,0.200,0.200,10.175
2039,moderat,daenemarknah,69.800,68,1.175,1.000,1.175,0.140,0.140,7.123
2039,moderat,daenemarknah,69.800,69,1.175,0.800,0.940,0.100,0.080,4.070
2039,moderat,daenemarknah,69.800,70,1.175,0.000,0.000,0.070,0.000,0.000
2039,moderat,daenemarknah,69.800,71,1.175,0.000,0.000,0.050,0.000,0.000
2039,moderat,daenemarknah,69.800,72,1.175,0.000,0.000,0.040,0.000,0.000
2040,moderat,status_quo_67,67.000,67,1.175,0.000,0.000,0.200,0.000,0.000
2040,moderat,status_quo_67,67.000,68,1.175,0.000,0.000,0.140,0.000,0.000
2040,moderat,status_quo_67,67.000,69,1.175,0.000,0.000,0.100,0.000,0.000
2040,moderat,status_quo_67,67.000,70,1.175,0.000,0.000,0.070,0.000,0.000
2040,moderat,status_quo_67,67.000,71,1.175,0.000,0.000,0.050,0.000,0.000
2040,moderat,status_quo_67,67.000,72,1.175,0.000,0.000,0.040,0.000,0.000
2040,moderat,lebenserwartung_gekoppelt_2zu1,68.500,67,1.175,1.000,1.175,0.200,0.200,10.440
2040,moderat,lebenserwartung_gekoppelt_2zu1,68.500,68,1.175,0.500,0.588,0.140,0.070,3.654
2040,moderat,lebenserwartung_gekoppelt_2zu1,68.500,69,1.175,0.000,0.000,0.100,0.000,0.000
2040,moderat,lebenserwartung_gekoppelt_2zu1,68.500,70,1.175,0.000,0.000,0.070,0.000,0.000
2040,moderat,lebenserwartung_gekoppelt_2zu1,68.500,71,1.175,0.000,0.000,0.050,0.000,0.000
2040,moderat,lebenserwartung_gekoppelt_2zu1,68.500,72,1.175,0.000,0.000,0.040,0.000,0.000
2040,moderat,daenemarknah,70.000,67,1.175,1.000,1.175,0.200,0.200,10.440
2040,moderat,daenemarknah,70.000,68,1.175,1.000,1.175,0.140,0.140,7.308
2040,moderat,daenemarknah,70.000,69,1.175,1.000,1.175,0.100,0.100,5.220
2040,moderat,daenemarknah,70.000,70,1.175,0.000,0.000,0.070,0.000,0.000
2040,moderat,daenemarknah,70.000,71,1.175,0.000,0.000,0.050,0.000,0.000
2040,moderat,daenemarknah,70.000,72,1.175,0.000,0.000,0.040,0.000,0.000
2041,moderat,status_quo_67,67.000,67,1.175,0.000,0.000,0.200,0.000,0.000
2041,moderat,status_quo_67,67.000,68,1.175,0.000,0.000,0.140,0.000,0.000
2041,moderat,status_quo_67,67.000,69,1.175,0.000,0.000,0.100,0.000,0.000
2041,moderat,status_quo_67,67.000,70,1.175,0.000,0.000,0.070,0.000,0.000
2041,moderat,status_quo_67,67.000,71,1.175,0.000,0.000,0.050,0.000,0.000
2041,moderat,status_quo_67,67.000,72,1.175,0.000,0.000,0.040,0.000,0.000
2041,moderat,lebenserwartung_gekoppelt_2zu1,68.600,67,1.175,1.000,1.175,0.200,0.200,10.712
2041,moderat,lebenserwartung_gekoppelt_2zu1,68.600,68,1.175,0.600,0.705,0.140,0.084,4.499
2041,moderat,lebenserwartung_gekoppelt_2zu1,68.600,69,1.175,0.000,0.000,0.100,0.000,0.000
2041,moderat,lebenserwartung_gekoppelt_2zu1,68.600,70,1.175,0.000,0.000,0.070,0.000,0.000
2041,moderat,lebenserwartung_gekoppelt_2zu1,68.600,71,1.175,0.000,0.000,0.050,0.000,0.000
2041,moderat,lebenserwartung_gekoppelt_2zu1,68.600,72,1.175,0.000,0.000,0.040,0.000,0.000
2041,moderat,daenemarknah,70.067,67,1.175,1.000,1.175,0.200,0.200,10.712
2041,moderat,daenemarknah,70.067,68,1.175,1.000,1.175,0.140,0.140,7.499
2041,moderat,daenemarknah,70.067,69,1.175,1.000,1.175,0.100,0.100,5.356
2041,moderat,daenemarknah,70.067,70,1.175,0.067,0.078,0.070,0.005,0.250
2041,moderat,daenemarknah,70.067,71,1.175,0.000,0.000,0.050,0.000,0.000
2041,moderat,daenemarknah,70.067,72,1.175,0.000,0.000,0.040,0.000,0.000
2042,moderat,status_quo_67,67.000,67,1.175,0.000,0.000,0.200,0.000,0.000
2042,moderat,status_quo_67,67.000,68,1.175,0.000,0.000,0.140,0.000,0.000
2042,moderat,status_quo_67,67.000,69,1.175,0.000,0.000,0.100,0.000,0.000
2042,moderat,status_quo_67,67.000,70,1.175,0.000,0.000,0.070,0.000,0.000
2042,moderat,status_quo_67,67.000,71,1.175,0.000,0.000,0.050,0.000,0.000
2042,moderat,status_quo_67,67.000,72,1.175,0.000,0.000,0.040,0.000,0.000
2042,moderat,lebenserwartung_gekoppelt_2zu1,68.700,67,1.175,1.000,1.175,0.200,0.200,10.992
2042,moderat,lebenserwartung_gekoppelt_2zu1,68.700,68,1.175,0.700,0.823,0.140,0.098,5.386
2042,moderat,lebenserwartung_gekoppelt_2zu1,68.700,69,1.175,0.000,0.000,0.100,0.000,0.000
2042,moderat,lebenserwartung_gekoppelt_2zu1,68.700,70,1.175,0.000,0.000,0.070,0.000,0.000
2042,moderat,lebenserwartung_gekoppelt_2zu1,68.700,71,1.175,0.000,0.000,0.050,0.000,0.000
2042,moderat,lebenserwartung_gekoppelt_2zu1,68.700,72,1.175,0.000,0.000,0.040,0.000,0.000
2042,moderat,daenemarknah,70.133,67,1.175,1.000,1.175,0.200,0.200,10.992
2042,moderat,daenemarknah,70.133,68,1.175,1.000,1.175,0.140,0.140,7.694
2042,moderat,daenemarknah,70.133,69,1.175,1.000,1.175,0.100,0.100,5.496
2042,moderat,daenemarknah,70.133,70,1.175,0.133,0.157,0.070,0.009,0.513
2042,moderat,daenemarknah,70.133,71,1.175,0.000,0.000,0.050,0.000,0.000
2042,moderat,daenemarknah,70.133,72,1.175,0.000,0.000,0.040,0.000,0.000
2043,moderat,status_quo_67,67.000,67,1.176,0.000,0.000,0.200,0.000,0.000
2043,moderat,status_quo_67,67.000,68,1.176,0.000,0.000,0.140,0.000,0.000
2043,moderat,status_quo_67,67.000,69,1.176,0.000,0.000,0.100,0.000,0.000
2043,moderat,status_quo_67,67.000,70,1.176,0.000,0.000,0.070,0.000,0.000
2043,moderat,status_quo_67,67.000,71,1.176,0.000,0.000,0.050,0.000,0.000
2043,moderat,status_quo_67,67.000,72,1.176,0.000,0.000,0.040,0.000,0.000
2043,moderat,lebenserwartung_gekoppelt_2zu1,68.800,67,1.176,1.000,1.176,0.200,0.200,11.278
2043,moderat,lebenserwartung_gekoppelt_2zu1,68.800,68,1.176,0.800,0.940,0.140,0.112,6.316
2043,moderat,lebenserwartung_gekoppelt_2zu1,68.800,69,1.176,0.000,0.000,0.100,0.000,0.000
2043,moderat,lebenserwartung_gekoppelt_2zu1,68.800,70,1.176,0.000,0.000,0.070,0.000,0.000
2043,moderat,lebenserwartung_gekoppelt_2zu1,68.800,71,1.176,0.000,0.000,0.050,0.000,0.000
2043,moderat,lebenserwartung_gekoppelt_2zu1,68.800,72,1.176,0.000,0.000,0.040,0.000,0.000
2043,moderat,daenemarknah,70.200,67,1.176,1.000,1.176,0.200,0.200,11.278
2043,moderat,daenemarknah,70.200,68,1.176,1.000,1.176,0.140,0.140,7.895
2043,moderat,daenemarknah,70.200,69,1.176,1.000,1.176,0.100,0.100,5.639
2043,moderat,daenemarknah,70.200,70,1.176,0.200,0.235,0.070,0.014,0.789
2043,moderat,daenemarknah,70.200,71,1.176,0.000,0.000,0.050,0.000,0.000
2043,moderat,daenemarknah,70.200,72,1.176,0.000,0.000,0.040,0.000,0.000
2044,moderat,status_quo_67,67.000,67,1.176,0.000,0.000,0.200,0.000,0.000
2044,moderat,status_quo_67,67.000,68,1.176,0.000,0.000,0.140,0.000,0.000
2044,moderat,status_quo_67,67.000,69,1.176,0.000,0.000,0.100,0.000,0.000
2044,moderat,status_quo_67,67.000,70,1.176,0.000,0.000,0.070,0.000,0.000
2044,moderat,status_quo_67,67.000,71,1.176,0.000,0.000,0.050,0.000,0.000
2044,moderat,status_quo_67,67.000,72,1.176,0.000,0.000,0.040,0.000,0.000
2044,moderat,lebenserwartung_gekoppelt_2zu1,68.900,67,1.176,1.000,1.176,0.200,0.200,11.572
2044,moderat,lebenserwartung_gekoppelt_2zu1,68.900,68,1.176,0.900,1.058,0.140,0.126,7.290
2044,moderat,lebenserwartung_gekoppelt_2zu1,68.900,69,1.176,0.000,0.000,0.100,0.000,0.000
2044,moderat,lebenserwartung_gekoppelt_2zu1,68.900,70,1.176,0.000,0.000,0.070,0.000,0.000
2044,moderat,lebenserwartung_gekoppelt_2zu1,68.900,71,1.176,0.000,0.000,0.050,0.000,0.000
2044,moderat,lebenserwartung_gekoppelt_2zu1,68.900,72,1.176,0.000,0.000,0.040,0.000,0.000
2044,moderat,daenemarknah,70.267,67,1.176,1.000,1.176,0.200,0.200,11.572
2044,moderat,daenemarknah,70.267,68,1.176,1.000,1.176,0.140,0.140,8.100
2044,moderat,daenemarknah,70.267,69,1.176,1.000,1.176,0.100,0.100,5.786
2044,moderat,daenemarknah,70.267,70,1.176,0.267,0.314,0.070,0.019,1.080
2044,moderat,daenemarknah,70.267,71,1.176,0.000,0.000,0.050,0.000,0.000
2044,moderat,daenemarknah,70.267,72,1.176,0.000,0.000,0.040,0.000,0.000
2045,moderat,status_quo_67,67.000,67,1.176,0.000,0.000,0.200,0.000,0.000
2045,moderat,status_quo_67,67.000,68,1.176,0.000,0.000,0.140,0.000,0.000
2045,moderat,status_quo_67,67.000,69,1.176,0.000,0.000,0.100,0.000,0.000
2045,moderat,status_quo_67,67.000,70,1.176,0.000,0.000,0.070,0.000,0.000
2045,moderat,status_quo_67,67.000,71,1.176,0.000,0.000,0.050,0.000,0.000
2045,moderat,status_quo_67,67.000,72,1.176,0.000,0.000,0.040,0.000,0.000
2045,moderat,lebenserwartung_gekoppelt_2zu1,69.000,67,1.176,1.000,1.176,0.200,0.200,11.874
2045,moderat,lebenserwartung_gekoppelt_2zu1,69.000,68,1.176,1.000,1.176,0.140,0.140,8.311
2045,moderat,lebenserwartung_gekoppelt_2zu1,69.000,69,1.176,0.000,0.000,0.100,0.000,0.000
2045,moderat,lebenserwartung_gekoppelt_2zu1,69.000,70,1.176,0.000,0.000,0.070,0.000,0.000
2045,moderat,lebenserwartung_gekoppelt_2zu1,69.000,71,1.176,0.000,0.000,0.050,0.000,0.000
2045,moderat,lebenserwartung_gekoppelt_2zu1,69.000,72,1.176,0.000,0.000,0.040,0.000,0.000
2045,moderat,daenemarknah,70.333,67,1.176,1.000,1.176,0.200,0.200,11.874
2045,moderat,daenemarknah,70.333,68,1.176,1.000,1.176,0.140,0.140,8.311
2045,moderat,daenemarknah,70.333,69,1.176,1.000,1.176,0.100,0.100,5.937
2045,moderat,daenemarknah,70.333,70,1.176,0.333,0.392,0.070,0.023,1.385
2045,moderat,daenemarknah,70.333,71,1.176,0.000,0.000,0.050,0.000,0.000
2045,moderat,daenemarknah,70.333,72,1.176,0.000,0.000,0.040,0.000,0.000
2046,moderat,status_quo_67,67.000,67,1.176,0.000,0.000,0.200,0.000,0.000
2046,moderat,status_quo_67,67.000,68,1.176,0.000,0.000,0.140,0.000,0.000
2046,moderat,status_quo_67,67.000,69,1.176,0.000,0.000,0.100,0.000,0.000
2046,moderat,status_quo_67,67.000,70,1.176,0.000,0.000,0.070,0.000,0.000
2046,moderat,status_quo_67,67.000,71,1.176,0.000,0.000,0.050,0.000,0.000
2046,moderat,status_quo_67,67.000,72,1.176,0.000,0.000,0.040,0.000,0.000
2046,moderat,lebenserwartung_gekoppelt_2zu1,69.100,67,1.176,1.000,1.176,0.200,0.200,12.182
2046,moderat,lebenserwartung_gekoppelt_2zu1,69.100,68,1.176,1.000,1.176,0.140,0.140,8.528
2046,moderat,lebenserwartung_gekoppelt_2zu1,69.100,69,1.176,0.100,0.118,0.100,0.010,0.609
2046,moderat,lebenserwartung_gekoppelt_2zu1,69.100,70,1.176,0.000,0.000,0.070,0.000,0.000
2046,moderat,lebenserwartung_gekoppelt_2zu1,69.100,71,1.176,0.000,0.000,0.050,0.000,0.000
2046,moderat,lebenserwartung_gekoppelt_2zu1,69.100,72,1.176,0.000,0.000,0.040,0.000,0.000
2046,moderat,daenemarknah,70.400,67,1.176,1.000,1.176,0.200,0.200,12.182
2046,moderat,daenemarknah,70.400,68,1.176,1.000,1.176,0.140,0.140,8.528
2046,moderat,daenemarknah,70.400,69,1.176,1.000,1.176,0.100,0.100,6.091
2046,moderat,daenemarknah,70.400,70,1.176,0.400,0.470,0.070,0.028,1.706
2046,moderat,daenemarknah,70.400,71,1.176,0.000,0.000,0.050,0.000,0.000
2046,moderat,daenemarknah,70.400,72,1.176,0.000,0.000,0.040,0.000,0.000
2047,moderat,status_quo_67,67.000,67,1.176,0.000,0.000,0.200,0.000,0.000
2047,moderat,status_quo_67,67.000,68,1.176,0.000,0.000,0.140,0.000,0.000
2047,moderat,status_quo_67,67.000,69,1.176,0.000,0.000,0.100,0.000,0.000
2047,moderat,status_quo_67,67.000,70,1.176,0.000,0.000,0.070,0.000,0.000
2047,moderat,status_quo_67,67.000,71,1.176,0.000,0.000,0.050,0.000,0.000
2047,moderat,status_quo_67,67.000,72,1.176,0.000,0.000,0.040,0.000,0.000
2047,moderat,lebenserwartung_gekoppelt_2zu1,69.200,67,1.176,1.000,1.176,0.200,0.200,12.499
2047,moderat,lebenserwartung_gekoppelt_2zu1,69.200,68,1.176,1.000,1.176,0.140,0.140,8.750
2047,moderat,lebenserwartung_gekoppelt_2zu1,69.200,69,1.176,0.200,0.235,0.100,0.020,1.250
2047,moderat,lebenserwartung_gekoppelt_2zu1,69.200,70,1.176,0.000,0.000,0.070,0.000,0.000
2047,moderat,lebenserwartung_gekoppelt_2zu1,69.200,71,1.176,0.000,0.000,0.050,0.000,0.000
2047,moderat,lebenserwartung_gekoppelt_2zu1,69.200,72,1.176,0.000,0.000,0.040,0.000,0.000
2047,moderat,daenemarknah,70.467,67,1.176,1.000,1.176,0.200,0.200,12.499
2047,moderat,daenemarknah,70.467,68,1.176,1.000,1.176,0.140,0.140,8.750
2047,moderat,daenemarknah,70.467,69,1.176,1.000,1.176,0.100,0.100,6.250
2047,moderat,daenemarknah,70.467,70,1.176,0.467,0.549,0.070,0.033,2.042
2047,moderat,daenemarknah,70.467,71,1.176,0.000,0.000,0.050,0.000,0.000
2047,moderat,daenemarknah,70.467,72,1.176,0.000,0.000,0.040,0.000,0.000
2048,moderat,status_quo_67,67.000,67,1.176,0.000,0.000,0.200,0.000,0.000
2048,moderat,status_quo_67,67.000,68,1.176,0.000,0.000,0.140,0.000,0.000
2048,moderat,status_quo_67,67.000,69,1.176,0.000,0.000,0.100,0.000,0.000
2048,moderat,status_quo_67,67.000,70,1.176,0.000,0.000,0.070,0.000,0.000
2048,moderat,status_quo_67,67.000,71,1.176,0.000,0.000,0.050,0.000,0.000
2048,moderat,status_quo_67,67.000,72,1.176,0.000,0.000,0.040,0.000,0.000
2048,moderat,lebenserwartung_gekoppelt_2zu1,69.300,67,1.176,1.000,1.176,0.200,0.200,12.825
2048,moderat,lebenserwartung_gekoppelt_2zu1,69.300,68,1.176,1.000,1.176,0.140,0.140,8.977
2048,moderat,lebenserwartung_gekoppelt_2zu1,69.300,69,1.176,0.300,0.353,0.100,0.030,1.924
2048,moderat,lebenserwartung_gekoppelt_2zu1,69.300,70,1.176,0.000,0.000,0.070,0.000,0.000
2048,moderat,lebenserwartung_gekoppelt_2zu1,69.300,71,1.176,0.000,0.000,0.050,0.000,0.000
2048,moderat,lebenserwartung_gekoppelt_2zu1,69.300,72,1.176,0.000,0.000,0.040,0.000,0.000
2048,moderat,daenemarknah,70.533,67,1.176,1.000,1.176,0.200,0.200,12.825
2048,moderat,daenemarknah,70.533,68,1.176,1.000,1.176,0.140,0.140,8.977
2048,moderat,daenemarknah,70.533,69,1.176,1.000,1.176,0.100,0.100,6.412
2048,moderat,daenemarknah,70.533,70,1.176,0.533,0.627,0.070,0.037,2.394
2048,moderat,daenemarknah,70.533,71,1.176,0.000,0.000,0.050,0.000,0.000
2048,moderat,daenemarknah,70.533,72,1.176,0.000,0.000,0.040,0.000,0.000
2049,moderat,status_quo_67,67.000,67,1.176,0.000,0.000,0.200,0.000,0.000
2049,moderat,status_quo_67,67.000,68,1.176,0.000,0.000,0.140,0.000,0.000
2049,moderat,status_quo_67,67.000,69,1.176,0.000,0.000,0.100,0.000,0.000
2049,moderat,status_quo_67,67.000,70,1.176,0.000,0.000,0.070,0.000,0.000
2049,moderat,status_quo_67,67.000,71,1.176,0.000,0.000,0.050,0.000,0.000
2049,moderat,status_quo_67,67.000,72,1.176,0.000,0.000,0.040,0.000,0.000
2049,moderat,lebenserwartung_gekoppelt_2zu1,69.400,67,1.176,1.000,1.176,0.200,0.200,13.158
2049,moderat,lebenserwartung_gekoppelt_2zu1,69.400,68,1.176,1.000,1.176,0.140,0.140,9.211
2049,moderat,lebenserwartung_gekoppelt_2zu1,69.400,69,1.176,0.400,0.470,0.100,0.040,2.632
2049,moderat,lebenserwartung_gekoppelt_2zu1,69.400,70,1.176,0.000,0.000,0.070,0.000,0.000
2049,moderat,lebenserwartung_gekoppelt_2zu1,69.400,71,1.176,0.000,0.000,0.050,0.000,0.000
2049,moderat,lebenserwartung_gekoppelt_2zu1,69.400,72,1.176,0.000,0.000,0.040,0.000,0.000
2049,moderat,daenemarknah,70.600,67,1.176,1.000,1.176,0.200,0.200,13.158
2049,moderat,daenemarknah,70.600,68,1.176,1.000,1.176,0.140,0.140,9.211
2049,moderat,daenemarknah,70.600,69,1.176,1.000,1.176,0.100,0.100,6.579
2049,moderat,daenemarknah,70.600,70,1.176,0.600,0.706,0.070,0.042,2.763
2049,moderat,daenemarknah,70.600,71,1.176,0.000,0.000,0.050,0.000,0.000
2049,moderat,daenemarknah,70.600,72,1.176,0.000,0.000,0.040,0.000,0.000
2050,moderat,status_quo_67,67.000,67,1.176,0.000,0.000,0.200,0.000,0.000
2050,moderat,status_quo_67,67.000,68,1.176,0.000,0.000,0.140,0.000,0.000
2050,moderat,status_quo_67,67.000,69,1.176,0.000,0.000,0.100,0.000,0.000
2050,moderat,status_quo_67,67.000,70,1.176,0.000,0.000,0.070,0.000,0.000
2050,moderat,status_quo_67,67.000,71,1.176,0.000,0.000,0.050,0.000,0.000
2050,moderat,status_quo_67,67.000,72,1.176,0.000,0.000,0.040,0.000,0.000
2050,moderat,lebenserwartung_gekoppelt_2zu1,69.500,67,1.176,1.000,1.176,0.200,0.200,13.501
2050,moderat,lebenserwartung_gekoppelt_2zu1,69.500,68,1.176,1.000,1.176,0.140,0.140,9.450
2050,moderat,lebenserwartung_gekoppelt_2zu1,69.500,69,1.176,0.500,0.588,0.100,0.050,3.375
2050,moderat,lebenserwartung_gekoppelt_2zu1,69.500,70,1.176,0.000,0.000,0.070,0.000,0.000
2050,moderat,lebenserwartung_gekoppelt_2zu1,69.500,71,1.176,0.000,0.000,0.050,0.000,0.000
2050,moderat,lebenserwartung_gekoppelt_2zu1,69.500,72,1.176,0.000,0.000,0.040,0.000,0.000
2050,moderat,daenemarknah,70.667,67,1.176,1.000,1.176,0.200,0.200,13.501
2050,moderat,daenemarknah,70.667,68,1.176,1.000,1.176,0.140,0.140,9.450
2050,moderat,daenemarknah,70.667,69,1.176,1.000,1.176,0.100,0.100,6.750
2050,moderat,daenemarknah,70.667,70,1.176,0.667,0.784,0.070,0.047,3.150
2050,moderat,daenemarknah,70.667,71,1.176,0.000,0.000,0.050,0.000,0.000
2050,moderat,daenemarknah,70.667,72,1.176,0.000,0.000,0.040,0.000,0.000
2051,moderat,status_quo_67,67.000,67,1.176,0.000,0.000,0.200,0.000,0.000
2051,moderat,status_quo_67,67.000,68,1.176,0.000,0.000,0.140,0.000,0.000
2051,moderat,status_quo_67,67.000,69,1.176,0.000,0.000,0.100,0.000,0.000
2051,moderat,status_quo_67,67.000,70,1.176,0.000,0.000,0.070,0.000,0.000
2051,moderat,status_quo_67,67.000,71,1.176,0.000,0.000,0.050,0.000,0.000
2051,moderat,status_quo_67,67.000,72,1.176,0.000,0.000,0.040,0.000,0.000
2051,moderat,lebenserwartung_gekoppelt_2zu1,69.600,67,1.176,1.000,1.176,0.200,0.200,13.852
2051,moderat,lebenserwartung_gekoppelt_2zu1,69.600,68,1.176,1.000,1.176,0.140,0.140,9.696
2051,moderat,lebenserwartung_gekoppelt_2zu1,69.600,69,1.176,0.600,0.706,0.100,0.060,4.156
2051,moderat,lebenserwartung_gekoppelt_2zu1,69.600,70,1.176,0.000,0.000,0.070,0.000,0.000
2051,moderat,lebenserwartung_gekoppelt_2zu1,69.600,71,1.176,0.000,0.000,0.050,0.000,0.000
2051,moderat,lebenserwartung_gekoppelt_2zu1,69.600,72,1.176,0.000,0.000,0.040,0.000,0.000
2051,moderat,daenemarknah,70.733,67,1.176,1.000,1.176,0.200,0.200,13.852
2051,moderat,daenemarknah,70.733,68,1.176,1.000,1.176,0.140,0.140,9.696
2051,moderat,daenemarknah,70.733,69,1.176,1.000,1.176,0.100,0.100,6.926
2051,moderat,daenemarknah,70.733,70,1.176,0.733,0.863,0.070,0.051,3.555
2051,moderat,daenemarknah,70.733,71,1.176,0.000,0.000,0.050,0.000,0.000
2051,moderat,daenemarknah,70.733,72,1.176,0.000,0.000,0.040,0.000,0.000
2052,moderat,status_quo_67,67.000,67,1.176,0.000,0.000,0.200,0.000,0.000
2052,moderat,status_quo_67,67.000,68,1.176,0.000,0.000,0.140,0.000,0.000
2052,moderat,status_quo_67,67.000,69,1.176,0.000,0.000,0.100,0.000,0.000
2052,moderat,status_quo_67,67.000,70,1.176,0.000,0.000,0.070,0.000,0.000
2052,moderat,status_quo_67,67.000,71,1.176,0.000,0.000,0.050,0.000,0.000
2052,moderat,status_quo_67,67.000,72,1.176,0.000,0.000,0.040,0.000,0.000
2052,moderat,lebenserwartung_gekoppelt_2zu1,69.700,67,1.176,1.000,1.176,0.200,0.200,14.212
2052,moderat,lebenserwartung_gekoppelt_2zu1,69.700,68,1.176,1.000,1.176,0.140,0.140,9.948
2052,moderat,lebenserwartung_gekoppelt_2zu1,69.700,69,1.176,0.700,0.823,0.100,0.070,4.974
2052,moderat,lebenserwartung_gekoppelt_2zu1,69.700,70,1.176,0.000,0.000,0.070,0.000,0.000
2052,moderat,lebenserwartung_gekoppelt_2zu1,69.700,71,1.176,0.000,0.000,0.050,0.000,0.000
2052,moderat,lebenserwartung_gekoppelt_2zu1,69.700,72,1.176,0.000,0.000,0.040,0.000,0.000
2052,moderat,daenemarknah,70.800,67,1.176,1.000,1.176,0.200,0.200,14.212
2052,moderat,daenemarknah,70.800,68,1.176,1.000,1.176,0.140,0.140,9.948
2052,moderat,daenemarknah,70.800,69,1.176,1.000,1.176,0.100,0.100,7.106
2052,moderat,daenemarknah,70.800,70,1.176,0.800,0.941,0.070,0.056,3.979
2052,moderat,daenemarknah,70.800,71,1.176,0.000,0.000,0.050,0.000,0.000
2052,moderat,daenemarknah,70.800,72,1.176,0.000,0.000,0.040,0.000,0.000
2053,moderat,status_quo_67,67.000,67,1.176,0.000,0.000,0.200,0.000,0.000
2053,moderat,status_quo_67,67.000,68,1.176,0.000,0.000,0.140,0.000,0.000
2053,moderat,status_quo_67,67.000,69,1.176,0.000,0.000,0.100,0.000,0.000
2053,moderat,status_quo_67,67.000,70,1.176,0.000,0.000,0.070,0.000,0.000
2053,moderat,status_quo_67,67.000,71,1.176,0.000,0.000,0.050,0.000,0.000
2053,moderat,status_quo_67,67.000,72,1.176,0.000,0.000,0.040,0.000,0.000
2053,moderat,lebenserwartung_gekoppelt_2zu1,69.800,67,1.176,1.000,1.176,0.200,0.200,14.582
2053,moderat,lebenserwartung_gekoppelt_2zu1,69.800,68,1.176,1.000,1.176,0.140,0.140,10.207
2053,moderat,lebenserwartung_gekoppelt_2zu1,69.800,69,1.176,0.800,0.941,0.100,0.080,5.833
2053,moderat,lebenserwartung_gekoppelt_2zu1,69.800,70,1.176,0.000,0.000,0.070,0.000,0.000
2053,moderat,lebenserwartung_gekoppelt_2zu1,69.800,71,1.176,0.000,0.000,0.050,0.000,0.000
2053,moderat,lebenserwartung_gekoppelt_2zu1,69.800,72,1.176,0.000,0.000,0.040,0.000,0.000
2053,moderat,daenemarknah,70.867,67,1.176,1.000,1.176,0.200,0.200,14.582
2053,moderat,daenemarknah,70.867,68,1.176,1.000,1.176,0.140,0.140,10.207
2053,moderat,daenemarknah,70.867,69,1.176,1.000,1.176,0.100,0.100,7.291
2053,moderat,daenemarknah,70.867,70,1.176,0.867,1.020,0.070,0.061,4.423
2053,moderat,daenemarknah,70.867,71,1.176,0.000,0.000,0.050,0.000,0.000
2053,moderat,daenemarknah,70.867,72,1.176,0.000,0.000,0.040,0.000,0.000
2054,moderat,status_quo_67,67.000,67,1.177,0.000,0.000,0.200,0.000,0.000
2054,moderat,status_quo_67,67.000,68,1.177,0.000,0.000,0.140,0.000,0.000
2054,moderat,status_quo_67,67.000,69,1.177,0.000,0.000,0.100,0.000,0.000
2054,moderat,status_quo_67,67.000,70,1.177,0.000,0.000,0.070,0.000,0.000
2054,moderat,status_quo_67,67.000,71,1.177,0.000,0.000,0.050,0.000,0.000
2054,moderat,status_quo_67,67.000,72,1.177,0.000,0.000,0.040,0.000,0.000
2054,moderat,lebenserwartung_gekoppelt_2zu1,69.900,67,1.177,1.000,1.177,0.200,0.200,14.961
2054,moderat,lebenserwartung_gekoppelt_2zu1,69.900,68,1.177,1.000,1.177,0.140,0.140,10.473
2054,moderat,lebenserwartung_gekoppelt_2zu1,69.900,69,1.177,0.900,1.059,0.100,0.090,6.732
2054,moderat,lebenserwartung_gekoppelt_2zu1,69.900,70,1.177,0.000,0.000,0.070,0.000,0.000
2054,moderat,lebenserwartung_gekoppelt_2zu1,69.900,71,1.177,0.000,0.000,0.050,0.000,0.000
2054,moderat,lebenserwartung_gekoppelt_2zu1,69.900,72,1.177,0.000,0.000,0.040,0.000,0.000
2054,moderat,daenemarknah,70.933,67,1.177,1.000,1.177,0.200,0.200,14.961
2054,moderat,daenemarknah,70.933,68,1.177,1.000,1.177,0.140,0.140,10.473
2054,moderat,daenemarknah,70.933,69,1.177,1.000,1.177,0.100,0.100,7.481
2054,moderat,daenemarknah,70.933,70,1.177,0.933,1.098,0.070,0.065,4.887
2054,moderat,daenemarknah,70.933,71,1.177,0.000,0.000,0.050,0.000,0.000
2054,moderat,daenemarknah,70.933,72,1.177,0.000,0.000,0.040,0.000,0.000
2055,moderat,status_quo_67,67.000,67,1.177,0.000,0.000,0.200,0.000,0.000
2055,moderat,status_quo_67,67.000,68,1.177,0.000,0.000,0.140,0.000,0.000
2055,moderat,status_quo_67,67.000,69,1.177,0.000,0.000,0.100,0.000,0.000
2055,moderat,status_quo_67,67.000,70,1.177,0.000,0.000,0.070,0.000,0.000
2055,moderat,status_quo_67,67.000,71,1.177,0.000,0.000,0.050,0.000,0.000
2055,moderat,status_quo_67,67.000,72,1.177,0.000,0.000,0.040,0.000,0.000
2055,moderat,lebenserwartung_gekoppelt_2zu1,70.000,67,1.177,1.000,1.177,0.200,0.200,15.350
2055,moderat,lebenserwartung_gekoppelt_2zu1,70.000,68,1.177,1.000,1.177,0.140,0.140,10.745
2055,moderat,lebenserwartung_gekoppelt_2zu1,70.000,69,1.177,1.000,1.177,0.100,0.100,7.675
2055,moderat,lebenserwartung_gekoppelt_2zu1,70.000,70,1.177,0.000,0.000,0.070,0.000,0.000
2055,moderat,lebenserwartung_gekoppelt_2zu1,70.000,71,1.177,0.000,0.000,0.050,0.000,0.000
2055,moderat,lebenserwartung_gekoppelt_2zu1,70.000,72,1.177,0.000,0.000,0.040,0.000,0.000
2055,moderat,daenemarknah,71.000,67,1.177,1.000,1.177,0.200,0.200,15.350
2055,moderat,daenemarknah,71.000,68,1.177,1.000,1.177,0.140,0.140,10.745
2055,moderat,daenemarknah,71.000,69,1.177,1.000,1.177,0.100,0.100,7.675
2055,moderat,daenemarknah,71.000,70,1.177,1.000,1.177,0.070,0.070,5.373
2055,moderat,daenemarknah,71.000,71,1.177,0.000,0.000,0.050,0.000,0.000
2055,moderat,daenemarknah,71.000,72,1.177,0.000,0.000,0.040,0.000,0.000
2056,moderat,status_quo_67,67.000,67,1.177,0.000,0.000,0.200,0.000,0.000
2056,moderat,status_quo_67,67.000,68,1.177,0.000,0.000,0.140,0.000,0.000
2056,moderat,status_quo_67,67.000,69,1.177,0.000,0.000,0.100,0.000,0.000
2056,moderat,status_quo_67,67.000,70,1.177,0.000,0.000,0.070,0.000,0.000
2056,moderat,status_quo_67,67.000,71,1.177,0.000,0.000,0.050,0.000,0.000
2056,moderat,status_quo_67,67.000,72,1.177,0.000,0.000,0.040,0.000,0.000
2056,moderat,lebenserwartung_gekoppelt_2zu1,70.100,67,1.177,1.000,1.177,0.200,0.200,15.749
2056,moderat,lebenserwartung_gekoppelt_2zu1,70.100,68,1.177,1.000,1.177,0.140,0.140,11.025
2056,moderat,lebenserwartung_gekoppelt_2zu1,70.100,69,1.177,1.000,1.177,0.100,0.100,7.875
2056,moderat,lebenserwartung_gekoppelt_2zu1,70.100,70,1.177,0.100,0.118,0.070,0.007,0.551
2056,moderat,lebenserwartung_gekoppelt_2zu1,70.100,71,1.177,0.000,0.000,0.050,0.000,0.000
2056,moderat,lebenserwartung_gekoppelt_2zu1,70.100,72,1.177,0.000,0.000,0.040,0.000,0.000
2056,moderat,daenemarknah,71.067,67,1.177,1.000,1.177,0.200,0.200,15.749
2056,moderat,daenemarknah,71.067,68,1.177,1.000,1.177,0.140,0.140,11.025
2056,moderat,daenemarknah,71.067,69,1.177,1.000,1.177,0.100,0.100,7.875
2056,moderat,daenemarknah,71.067,70,1.177,1.000,1.177,0.070,0.070,5.512
2056,moderat,daenemarknah,71.067,71,1.177,0.067,0.078,0.050,0.003,0.262
2056,moderat,daenemarknah,71.067,72,1.177,0.000,0.000,0.040,0.000,0.000
2057,moderat,status_quo_67,67.000,67,1.177,0.000,0.000,0.200,0.000,0.000
2057,moderat,status_quo_67,67.000,68,1.177,0.000,0.000,0.140,0.000,0.000
2057,moderat,status_quo_67,67.000,69,1.177,0.000,0.000,0.100,0.000,0.000
2057,moderat,status_quo_67,67.000,70,1.177,0.000,0.000,0.070,0.000,0.000
2057,moderat,status_quo_67,67.000,71,1.177,0.000,0.000,0.050,0.000,0.000
2057,moderat,status_quo_67,67.000,72,1.177,0.000,0.000,0.040,0.000,0.000
2057,moderat,lebenserwartung_gekoppelt_2zu1,70.200,67,1.177,1.000,1.177,0.200,0.200,16.159
2057,moderat,lebenserwartung_gekoppelt_2zu1,70.200,68,1.177,1.000,1.177,0.140,0.140,11.311
2057,moderat,lebenserwartung_gekoppelt_2zu1,70.200,69,1.177,1.000,1.177,0.100,0.100,8.080
2057,moderat,lebenserwartung_gekoppelt_2zu1,70.200,70,1.177,0.200,0.235,0.070,0.014,1.131
2057,moderat,lebenserwartung_gekoppelt_2zu1,70.200,71,1.177,0.000,0.000,0.050,0.000,0.000
2057,moderat,lebenserwartung_gekoppelt_2zu1,70.200,72,1.177,0.000,0.000,0.040,0.000,0.000
2057,moderat,daenemarknah,71.133,67,1.177,1.000,1.177,0.200,0.200,16.159
2057,moderat,daenemarknah,71.133,68,1.177,1.000,1.177,0.140,0.140,11.311
2057,moderat,daenemarknah,71.133,69,1.177,1.000,1.177,0.100,0.100,8.080
2057,moderat,daenemarknah,71.133,70,1.177,1.000,1.177,0.070,0.070,5.656
2057,moderat,daenemarknah,71.133,71,1.177,0.133,0.157,0.050,0.007,0.539
2057,moderat,daenemarknah,71.133,72,1.177,0.000,0.000,0.040,0.000,0.000
2058,moderat,status_quo_67,67.000,67,1.177,0.000,0.000,0.200,0.000,0.000
2058,moderat,status_quo_67,67.000,68,1.177,0.000,0.000,0.140,0.000,0.000
2058,moderat,status_quo_67,67.000,69,1.177,0.000,0.000,0.100,0.000,0.000
2058,moderat,status_quo_67,67.000,70,1.177,0.000,0.000,0.070,0.000,0.000
2058,moderat,status_quo_67,67.000,71,1.177,0.000,0.000,0.050,0.000,0.000
2058,moderat,status_quo_67,67.000,72,1.177,0.000,0.000,0.040,0.000,0.000
2058,moderat,lebenserwartung_gekoppelt_2zu1,70.300,67,1.177,1.000,1.177,0.200,0.200,16.579
2058,moderat,lebenserwartung_gekoppelt_2zu1,70.300,68,1.177,1.000,1.177,0.140,0.140,11.606
2058,moderat,lebenserwartung_gekoppelt_2zu1,70.300,69,1.177,1.000,1.177,0.100,0.100,8.290
2058,moderat,lebenserwartung_gekoppelt_2zu1,70.300,70,1.177,0.300,0.353,0.070,0.021,1.741
2058,moderat,lebenserwartung_gekoppelt_2zu1,70.300,71,1.177,0.000,0.000,0.050,0.000,0.000
2058,moderat,lebenserwartung_gekoppelt_2zu1,70.300,72,1.177,0.000,0.000,0.040,0.000,0.000
2058,moderat,daenemarknah,71.200,67,1.177,1.000,1.177,0.200,0.200,16.579
2058,moderat,daenemarknah,71.200,68,1.177,1.000,1.177,0.140,0.140,11.606
2058,moderat,daenemarknah,71.200,69,1.177,1.000,1.177,0.100,0.100,8.290
2058,moderat,daenemarknah,71.200,70,1.177,1.000,1.177,0.070,0.070,5.803
2058,moderat,daenemarknah,71.200,71,1.177,0.200,0.235,0.050,0.010,0.829
2058,moderat,daenemarknah,71.200,72,1.177,0.000,0.000,0.040,0.000,0.000
2059,moderat,status_quo_67,67.000,67,1.177,0.000,0.000,0.200,0.000,0.000
2059,moderat,status_quo_67,67.000,68,1.177,0.000,0.000,0.140,0.000,0.000
2059,moderat,status_quo_67,67.000,69,1.177,0.000,0.000,0.100,0.000,0.000
2059,moderat,status_quo_67,67.000,70,1.177,0.000,0.000,0.070,0.000,0.000
2059,moderat,status_quo_67,67.000,71,1.177,0.000,0.000,0.050,0.000,0.000
2059,moderat,status_quo_67,67.000,72,1.177,0.000,0.000,0.040,0.000,0.000
2059,moderat,lebenserwartung_gekoppelt_2zu1,70.400,67,1.177,1.000,1.177,0.200,0.200,17.011
2059,moderat,lebenserwartung_gekoppelt_2zu1,70.400,68,1.177,1.000,1.177,0.140,0.140,11.907
2059,moderat,lebenserwartung_gekoppelt_2zu1,70.400,69,1.177,1.000,1.177,0.100,0.100,8.505
2059,moderat,lebenserwartung_gekoppelt_2zu1,70.400,70,1.177,0.400,0.471,0.070,0.028,2.381
2059,moderat,lebenserwartung_gekoppelt_2zu1,70.400,71,1.177,0.000,0.000,0.050,0.000,0.000
2059,moderat,lebenserwartung_gekoppelt_2zu1,70.400,72,1.177,0.000,0.000,0.040,0.000,0.000
2059,moderat,daenemarknah,71.267,67,1.177,1.000,1.177,0.200,0.200,17.011
2059,moderat,daenemarknah,71.267,68,1.177,1.000,1.177,0.140,0.140,11.907
2059,moderat,daenemarknah,71.267,69,1.177,1.000,1.177,0.100,0.100,8.505
2059,moderat,daenemarknah,71.267,70,1.177,1.000,1.177,0.070,0.070,5.954
2059,moderat,daenemarknah,71.267,71,1.177,0.267,0.314,0.050,0.013,1.134
2059,moderat,daenemarknah,71.267,72,1.177,0.000,0.000,0.040,0.000,0.000
2060,moderat,status_quo_67,67.000,67,1.177,0.000,0.000,0.200,0.000,0.000
2060,moderat,status_quo_67,67.000,68,1.177,0.000,0.000,0.140,0.000,0.000
2060,moderat,status_quo_67,67.000,69,1.177,0.000,0.000,0.100,0.000,0.000
2060,moderat,status_quo_67,67.000,70,1.177,0.000,0.000,0.070,0.000,0.000
2060,moderat,status_quo_67,67.000,71,1.177,0.000,0.000,0.050,0.000,0.000
2060,moderat,status_quo_67,67.000,72,1.177,0.000,0.000,0.040,0.000,0.000
2060,moderat,lebenserwartung_gekoppelt_2zu1,70.500,67,1.177,1.000,1.177,0.200,0.200,17.453
2060,moderat,lebenserwartung_gekoppelt_2zu1,70.500,68,1.177,1.000,1.177,0.140,0.140,12.217
2060,moderat,lebenserwartung_gekoppelt_2zu1,70.500,69,1.177,1.000,1.177,0.100,0.100,8.726
2060,moderat,lebenserwartung_gekoppelt_2zu1,70.500,70,1.177,0.500,0.589,0.070,0.035,3.054
2060,moderat,lebenserwartung_gekoppelt_2zu1,70.500,71,1.177,0.000,0.000,0.050,0.000,0.000
2060,moderat,lebenserwartung_gekoppelt_2zu1,70.500,72,1.177,0.000,0.000,0.040,0.000,0.000
2060,moderat,daenemarknah,71.333,67,1.177,1.000,1.177,0.200,0.200,17.453
2060,moderat,daenemarknah,71.333,68,1.177,1.000,1.177,0.140,0.140,12.217
2060,moderat,daenemarknah,71.333,69,1.177,1.000,1.177,0.100,0.100,8.726
2060,moderat,daenemarknah,71.333,70,1.177,1.000,1.177,0.070,0.070,6.109
2060,moderat,daenemarknah,71.333,71,1.177,0.333,0.392,0.050,0.017,1.454
2060,moderat,daenemarknah,71.333,72,1.177,0.000,0.000,0.040,0.000,0.000
2061,moderat,status_quo_67,67.000,67,1.177,0.000,0.000,0.200,0.000,0.000
2061,moderat,status_quo_67,67.000,68,1.177,0.000,0.000,0.140,0.000,0.000
2061,moderat,status_quo_67,67.000,69,1.177,0.000,0.000,0.100,0.000,0.000
2061,moderat,status_quo_67,67.000,70,1.177,0.000,0.000,0.070,0.000,0.000
2061,moderat,status_quo_67,67.000,71,1.177,0.000,0.000,0.050,0.000,0.000
2061,moderat,status_quo_67,67.000,72,1.177,0.000,0.000,0.040,0.000,0.000
2061,moderat,lebenserwartung_gekoppelt_2zu1,70.600,67,1.177,1.000,1.177,0.200,0.200,17.907
2061,moderat,lebenserwartung_gekoppelt_2zu1,70.600,68,1.177,1.000,1.177,0.140,0.140,12.535
2061,moderat,lebenserwartung_gekoppelt_2zu1,70.600,69,1.177,1.000,1.177,0.100,0.100,8.953
2061,moderat,lebenserwartung_gekoppelt_2zu1,70.600,70,1.177,0.600,0.706,0.070,0.042,3.760
2061,moderat,lebenserwartung_gekoppelt_2zu1,70.600,71,1.177,0.000,0.000,0.050,0.000,0.000
2061,moderat,lebenserwartung_gekoppelt_2zu1,70.600,72,1.177,0.000,0.000,0.040,0.000,0.000
2061,moderat,daenemarknah,71.400,67,1.177,1.000,1.177,0.200,0.200,17.907
2061,moderat,daenemarknah,71.400,68,1.177,1.000,1.177,0.140,0.140,12.535
2061,moderat,daenemarknah,71.400,69,1.177,1.000,1.177,0.100,0.100,8.953
2061,moderat,daenemarknah,71.400,70,1.177,1.000,1.177,0.070,0.070,6.267
2061,moderat,daenemarknah,71.400,71,1.177,0.400,0.471,0.050,0.020,1.791
2061,moderat,daenemarknah,71.400,72,1.177,0.000,0.000,0.040,0.000,0.000
2062,moderat,status_quo_67,67.000,67,1.177,0.000,0.000,0.200,0.000,0.000
2062,moderat,status_quo_67,67.000,68,1.177,0.000,0.000,0.140,0.000,0.000
2062,moderat,status_quo_67,67.000,69,1.177,0.000,0.000,0.100,0.000,0.000
2062,moderat,status_quo_67,67.000,70,1.177,0.000,0.000,0.070,0.000,0.000
2062,moderat,status_quo_67,67.000,71,1.177,0.000,0.000,0.050,0.000,0.000
2062,moderat,status_quo_67,67.000,72,1.177,0.000,0.000,0.040,0.000,0.000
2062,moderat,lebenserwartung_gekoppelt_2zu1,70.700,67,1.177,1.000,1.177,0.200,0.200,18.373
2062,moderat,lebenserwartung_gekoppelt_2zu1,70.700,68,1.177,1.000,1.177,0.140,0.140,12.861
2062,moderat,lebenserwartung_gekoppelt_2zu1,70.700,69,1.177,1.000,1.177,0.100,0.100,9.186
2062,moderat,lebenserwartung_gekoppelt_2zu1,70.700,70,1.177,0.700,0.824,0.070,0.049,4.501
2062,moderat,lebenserwartung_gekoppelt_2zu1,70.700,71,1.177,0.000,0.000,0.050,0.000,0.000
2062,moderat,lebenserwartung_gekoppelt_2zu1,70.700,72,1.177,0.000,0.000,0.040,0.000,0.000
2062,moderat,daenemarknah,71.467,67,1.177,1.000,1.177,0.200,0.200,18.373
2062,moderat,daenemarknah,71.467,68,1.177,1.000,1.177,0.140,0.140,12.861
2062,moderat,daenemarknah,71.467,69,1.177,1.000,1.177,0.100,0.100,9.186
2062,moderat,daenemarknah,71.467,70,1.177,1.000,1.177,0.070,0.070,6.430
2062,moderat,daenemarknah,71.467,71,1.177,0.467,0.549,0.050,0.023,2.143
2062,moderat,daenemarknah,71.467,72,1.177,0.000,0.000,0.040,0.000,0.000
2063,moderat,status_quo_67,67.000,67,1.177,0.000,0.000,0.200,0.000,0.000
2063,moderat,status_quo_67,67.000,68,1.177,0.000,0.000,0.140,0.000,0.000
2063,moderat,status_quo_67,67.000,69,1.177,0.000,0.000,0.100,0.000,0.000
2063,moderat,status_quo_67,67.000,70,1.177,0.000,0.000,0.070,0.000,0.000
2063,moderat,status_quo_67,67.000,71,1.177,0.000,0.000,0.050,0.000,0.000
2063,moderat,status_quo_67,67.000,72,1.177,0.000,0.000,0.040,0.000,0.000
2063,moderat,lebenserwartung_gekoppelt_2zu1,70.800,67,1.177,1.000,1.177,0.200,0.200,18.850
2063,moderat,lebenserwartung_gekoppelt_2zu1,70.800,68,1.177,1.000,1.177,0.140,0.140,13.195
2063,moderat,lebenserwartung_gekoppelt_2zu1,70.800,69,1.177,1.000,1.177,0.100,0.100,9.425
2063,moderat,lebenserwartung_gekoppelt_2zu1,70.800,70,1.177,0.800,0.942,0.070,0.056,5.278
2063,moderat,lebenserwartung_gekoppelt_2zu1,70.800,71,1.177,0.000,0.000,0.050,0.000,0.000
2063,moderat,lebenserwartung_gekoppelt_2zu1,70.800,72,1.177,0.000,0.000,0.040,0.000,0.000
2063,moderat,daenemarknah,71.533,67,1.177,1.000,1.177,0.200,0.200,18.850
2063,moderat,daenemarknah,71.533,68,1.177,1.000,1.177,0.140,0.140,13.195
2063,moderat,daenemarknah,71.533,69,1.177,1.000,1.177,0.100,0.100,9.425
2063,moderat,daenemarknah,71.533,70,1.177,1.000,1.177,0.070,0.070,6.598
2063,moderat,daenemarknah,71.533,71,1.177,0.533,0.628,0.050,0.027,2.513
2063,moderat,daenemarknah,71.533,72,1.177,0.000,0.000,0.040,0.000,0.000
2064,moderat,status_quo_67,67.000,67,1.177,0.000,0.000,0.200,0.000,0.000
2064,moderat,status_quo_67,67.000,68,1.177,0.000,0.000,0.140,0.000,0.000
2064,moderat,status_quo_67,67.000,69,1.177,0.000,0.000,0.100,0.000,0.000
2064,moderat,status_quo_67,67.000,70,1.177,0.000,0.000,0.070,0.000,0.000
2064,moderat,status_quo_67,67.000,71,1.177,0.000,0.000,0.050,0.000,0.000
2064,moderat,status_quo_67,67.000,72,1.177,0.000,0.000,0.040,0.000,0.000
2064,moderat,lebenserwartung_gekoppelt_2zu1,70.900,67,1.177,1.000,1.177,0.200,0.200,19.340
2064,moderat,lebenserwartung_gekoppelt_2zu1,70.900,68,1.177,1.000,1.177,0.140,0.140,13.538
2064,moderat,lebenserwartung_gekoppelt_2zu1,70.900,69,1.177,1.000,1.177,0.100,0.100,9.670
2064,moderat,lebenserwartung_gekoppelt_2zu1,70.900,70,1.177,0.900,1.060,0.070,0.063,6.092
2064,moderat,lebenserwartung_gekoppelt_2zu1,70.900,71,1.177,0.000,0.000,0.050,0.000,0.000
2064,moderat,lebenserwartung_gekoppelt_2zu1,70.900,72,1.177,0.000,0.000,0.040,0.000,0.000
2064,moderat,daenemarknah,71.600,67,1.177,1.000,1.177,0.200,0.200,19.340
2064,moderat,daenemarknah,71.600,68,1.177,1.000,1.177,0.140,0.140,13.538
2064,moderat,daenemarknah,71.600,69,1.177,1.000,1.177,0.100,0.100,9.670
2064,moderat,daenemarknah,71.600,70,1.177,1.000,1.177,0.070,0.070,6.769
2064,moderat,daenemarknah,71.600,71,1.177,0.600,0.706,0.050,0.030,2.901
2064,moderat,daenemarknah,71.600,72,1.177,0.000,0.000,0.040,0.000,0.000
2065,moderat,status_quo_67,67.000,67,1.178,0.000,0.000,0.200,0.000,0.000
2065,moderat,status_quo_67,67.000,68,1.178,0.000,0.000,0.140,0.000,0.000
2065,moderat,status_quo_67,67.000,69,1.178,0.000,0.000,0.100,0.000,0.000
2065,moderat,status_quo_67,67.000,70,1.178,0.000,0.000,0.070,0.000,0.000
2065,moderat,status_quo_67,67.000,71,1.178,0.000,0.000,0.050,0.000,0.000
2065,moderat,status_quo_67,67.000,72,1.178,0.000,0.000,0.040,0.000,0.000
2065,moderat,lebenserwartung_gekoppelt_2zu1,71.000,67,1.178,1.000,1.178,0.200,0.200,19.843
2065,moderat,lebenserwartung_gekoppelt_2zu1,71.000,68,1.178,1.000,1.178,0.140,0.140,13.890
2065,moderat,lebenserwartung_gekoppelt_2zu1,71.000,69,1.178,1.000,1.178,0.100,0.100,9.922
2065,moderat,lebenserwartung_gekoppelt_2zu1,71.000,70,1.178,1.000,1.178,0.070,0.070,6.945
2065,moderat,lebenserwartung_gekoppelt_2zu1,71.000,71,1.178,0.000,0.000,0.050,0.000,0.000
2065,moderat,lebenserwartung_gekoppelt_2zu1,71.000,72,1.178,0.000,0.000,0.040,0.000,0.000
2065,moderat,daenemarknah,71.667,67,1.178,1.000,1.178,0.200,0.200,19.843
2065,moderat,daenemarknah,71.667,68,1.178,1.000,1.178,0.140,0.140,13.890
2065,moderat,daenemarknah,71.667,69,1.178,1.000,1.178,0.100,0.100,9.922
2065,moderat,daenemarknah,71.667,70,1.178,1.000,1.178,0.070,0.070,6.945
2065,moderat,daenemarknah,71.667,71,1.178,0.667,0.785,0.050,0.033,3.307
2065,moderat,daenemarknah,71.667,72,1.178,0.000,0.000,0.040,0.000,0.000
2066,moderat,status_quo_67,67.000,67,1.178,0.000,0.000,0.200,0.000,0.000
2066,moderat,status_quo_67,67.000,68,1.178,0.000,0.000,0.140,0.000,0.000
2066,moderat,status_quo_67,67.000,69,1.178,0.000,0.000,0.100,0.000,0.000
2066,moderat,status_quo_67,67.000,70,1.178,0.000,0.000,0.070,0.000,0.000
2066,moderat,status_quo_67,67.000,71,1.178,0.000,0.000,0.050,0.000,0.000
2066,moderat,status_quo_67,67.000,72,1.178,0.000,0.000,0.040,0.000,0.000
2066,moderat,lebenserwartung_gekoppelt_2zu1,71.100,67,1.178,1.000,1.178,0.200,0.200,20.359
2066,moderat,lebenserwartung_gekoppelt_2zu1,71.100,68,1.178,1.000,1.178,0.140,0.140,14.252
2066,moderat,lebenserwartung_gekoppelt_2zu1,71.100,69,1.178,1.000,1.178,0.100,0.100,10.180
2066,moderat,lebenserwartung_gekoppelt_2zu1,71.100,70,1.178,1.000,1.178,0.070,0.070,7.126
2066,moderat,lebenserwartung_gekoppelt_2zu1,71.100,71,1.178,0.100,0.118,0.050,0.005,0.509
2066,moderat,lebenserwartung_gekoppelt_2zu1,71.100,72,1.178,0.000,0.000,0.040,0.000,0.000
2066,moderat,daenemarknah,71.733,67,1.178,1.000,1.178,0.200,0.200,20.359
2066,moderat,daenemarknah,71.733,68,1.178,1.000,1.178,0.140,0.140,14.252
2066,moderat,daenemarknah,71.733,69,1.178,1.000,1.178,0.100,0.100,10.180
2066,moderat,daenemarknah,71.733,70,1.178,1.000,1.178,0.070,0.070,7.126
2066,moderat,daenemarknah,71.733,71,1.178,0.733,0.864,0.050,0.037,3.733
2066,moderat,daenemarknah,71.733,72,1.178,0.000,0.000,0.040,0.000,0.000
2067,moderat,status_quo_67,67.000,67,1.178,0.000,0.000,0.200,0.000,0.000
2067,moderat,status_quo_67,67.000,68,1.178,0.000,0.000,0.140,0.000,0.000
2067,moderat,status_quo_67,67.000,69,1.178,0.000,0.000,0.100,0.000,0.000
2067,moderat,status_quo_67,67.000,70,1.178,0.000,0.000,0.070,0.000,0.000
2067,moderat,status_quo_67,67.000,71,1.178,0.000,0.000,0.050,0.000,0.000
2067,moderat,status_quo_67,67.000,72,1.178,0.000,0.000,0.040,0.000,0.000
2067,moderat,lebenserwartung_gekoppelt_2zu1,71.200,67,1.178,1.000,1.178,0.200,0.200,20.889
2067,moderat,lebenserwartung_gekoppelt_2zu1,71.200,68,1.178,1.000,1.178,0.140,0.140,14.622
2067,moderat,lebenserwartung_gekoppelt_2zu1,71.200,69,1.178,1.000,1.178,0.100,0.100,10.444
2067,moderat,lebenserwartung_gekoppelt_2zu1,71.200,70,1.178,1.000,1.178,0.070,0.070,7.311
2067,moderat,lebenserwartung_gekoppelt_2zu1,71.200,71,1.178,0.200,0.236,0.050,0.010,1.044
2067,moderat,lebenserwartung_gekoppelt_2zu1,71.200,72,1.178,0.000,0.000,0.040,0.000,0.000
2067,moderat,daenemarknah,71.800,67,1.178,1.000,1.178,0.200,0.200,20.889
2067,moderat,daenemarknah,71.800,68,1.178,1.000,1.178,0.140,0.140,14.622
2067,moderat,daenemarknah,71.800,69,1.178,1.000,1.178,0.100,0.100,10.444
2067,moderat,daenemarknah,71.800,70,1.178,1.000,1.178,0.070,0.070,7.311
2067,moderat,daenemarknah,71.800,71,1.178,0.800,0.942,0.050,0.040,4.178
2067,moderat,daenemarknah,71.800,72,1.178,0.000,0.000,0.040,0.000,0.000
2068,moderat,status_quo_67,67.000,67,1.178,0.000,0.000,0.200,0.000,0.000
2068,moderat,status_quo_67,67.000,68,1.178,0.000,0.000,0.140,0.000,0.000
2068,moderat,status_quo_67,67.000,69,1.178,0.000,0.000,0.100,0.000,0.000
2068,moderat,status_quo_67,67.000,70,1.178,0.000,0.000,0.070,0.000,0.000
2068,moderat,status_quo_67,67.000,71,1.178,0.000,0.000,0.050,0.000,0.000
2068,moderat,status_quo_67,67.000,72,1.178,0.000,0.000,0.040,0.000,0.000
2068,moderat,lebenserwartung_gekoppelt_2zu1,71.300,67,1.178,1.000,1.178,0.200,0.200,21.432
2068,moderat,lebenserwartung_gekoppelt_2zu1,71.300,68,1.178,1.000,1.178,0.140,0.140,15.002
2068,moderat,lebenserwartung_gekoppelt_2zu1,71.300,69,1.178,1.000,1.178,0.100,0.100,10.716
2068,moderat,lebenserwartung_gekoppelt_2zu1,71.300,70,1.178,1.000,1.178,0.070,0.070,7.501
2068,moderat,lebenserwartung_gekoppelt_2zu1,71.300,71,1.178,0.300,0.353,0.050,0.015,1.607
2068,moderat,lebenserwartung_gekoppelt_2zu1,71.300,72,1.178,0.000,0.000,0.040,0.000,0.000
2068,moderat,daenemarknah,71.867,67,1.178,1.000,1.178,0.200,0.200,21.432
2068,moderat,daenemarknah,71.867,68,1.178,1.000,1.178,0.140,0.140,15.002
2068,moderat,daenemarknah,71.867,69,1.178,1.000,1.178,0.100,0.100,10.716
2068,moderat,daenemarknah,71.867,70,1.178,1.000,1.178,0.070,0.070,7.501
2068,moderat,daenemarknah,71.867,71,1.178,0.867,1.021,0.050,0.043,4.644
2068,moderat,daenemarknah,71.867,72,1.178,0.000,0.000,0.040,0.000,0.000
2069,moderat,status_quo_67,67.000,67,1.178,0.000,0.000,0.200,0.000,0.000
2069,moderat,status_quo_67,67.000,68,1.178,0.000,0.000,0.140,0.000,0.000
2069,moderat,status_quo_67,67.000,69,1.178,0.000,0.000,0.100,0.000,0.000
2069,moderat,status_quo_67,67.000,70,1.178,0.000,0.000,0.070,0.000,0.000
2069,moderat,status_quo_67,67.000,71,1.178,0.000,0.000,0.050,0.000,0.000
2069,moderat,status_quo_67,67.000,72,1.178,0.000,0.000,0.040,0.000,0.000
2069,moderat,lebenserwartung_gekoppelt_2zu1,71.400,67,1.178,1.000,1.178,0.200,0.200,21.989
2069,moderat,lebenserwartung_gekoppelt_2zu1,71.400,68,1.178,1.000,1.178,0.140,0.140,15.392
2069,moderat,lebenserwartung_gekoppelt_2zu1,71.400,69,1.178,1.000,1.178,0.100,0.100,10.994
2069,moderat,lebenserwartung_gekoppelt_2zu1,71.400,70,1.178,1.000,1.178,0.070,0.070,7.696
2069,moderat,lebenserwartung_gekoppelt_2zu1,71.400,71,1.178,0.400,0.471,0.050,0.020,2.199
2069,moderat,lebenserwartung_gekoppelt_2zu1,71.400,72,1.178,0.000,0.000,0.040,0.000,0.000
2069,moderat,daenemarknah,71.933,67,1.178,1.000,1.178,0.200,0.200,21.989
2069,moderat,daenemarknah,71.933,68,1.178,1.000,1.178,0.140,0.140,15.392
2069,moderat,daenemarknah,71.933,69,1.178,1.000,1.178,0.100,0.100,10.994
2069,moderat,daenemarknah,71.933,70,1.178,1.000,1.178,0.070,0.070,7.696
2069,moderat,daenemarknah,71.933,71,1.178,0.933,1.099,0.050,0.047,5.131
2069,moderat,daenemarknah,71.933,72,1.178,0.000,0.000,0.040,0.000,0.000
2070,moderat,status_quo_67,67.000,67,1.178,0.000,0.000,0.200,0.000,0.000
2070,moderat,status_quo_67,67.000,68,1.178,0.000,0.000,0.140,0.000,0.000
2070,moderat,status_quo_67,67.000,69,1.178,0.000,0.000,0.100,0.000,0.000
2070,moderat,status_quo_67,67.000,70,1.178,0.000,0.000,0.070,0.000,0.000
2070,moderat,status_quo_67,67.000,71,1.178,0.000,0.000,0.050,0.000,0.000
2070,moderat,status_quo_67,67.000,72,1.178,0.000,0.000,0.040,0.000,0.000
2070,moderat,lebenserwartung_gekoppelt_2zu1,71.500,67,1.178,1.000,1.178,0.200,0.200,22.561
2070,moderat,lebenserwartung_gekoppelt_2zu1,71.500,68,1.178,1.000,1.178,0.140,0.140,15.792
2070,moderat,lebenserwartung_gekoppelt_2zu1,71.500,69,1.178,1.000,1.178,0.100,0.100,11.280
2070,moderat,lebenserwartung_gekoppelt_2zu1,71.500,70,1.178,1.000,1.178,0.070,0.070,7.896
2070,moderat,lebenserwartung_gekoppelt_2zu1,71.500,71,1.178,0.500,0.589,0.050,0.025,2.820
2070,moderat,lebenserwartung_gekoppelt_2zu1,71.500,72,1.178,0.000,0.000,0.040,0.000,0.000
2070,moderat,daenemarknah,72.000,67,1.178,1.000,1.178,0.200,0.200,22.561
2070,moderat,daenemarknah,72.000,68,1.178,1.000,1.178,0.140,0.140,15.792
2070,moderat,daenemarknah,72.000,69,1.178,1.000,1.178,0.100,0.100,11.280
2070,moderat,daenemarknah,72.000,70,1.178,1.000,1.178,0.070,0.070,7.896
2070,moderat,daenemarknah,72.000,71,1.178,1.000,1.178,0.050,0.050,5.640
2070,moderat,daenemarknah,72.000,72,1.178,0.000,0.000,0.040,0.000,0.000
2027,alt,status_quo_67,67.000,67,1.003,0.000,0.000,0.200,0.000,0.000
2027,alt,status_quo_67,67.000,68,1.003,0.000,0.000,0.140,0.000,0.000
2027,alt,status_quo_67,67.000,69,1.003,0.000,0.000,0.100,0.000,0.000
2027,alt,status_quo_67,67.000,70,1.003,0.000,0.000,0.070,0.000,0.000
2027,alt,status_quo_67,67.000,71,1.003,0.000,0.000,0.050,0.000,0.000
2027,alt,status_quo_67,67.000,72,1.003,0.000,0.000,0.040,0.000,0.000
2027,alt,lebenserwartung_gekoppelt_2zu1,67.000,67,1.003,0.000,0.000,0.200,0.000,0.000
2027,alt,lebenserwartung_gekoppelt_2zu1,67.000,68,1.003,0.000,0.000,0.140,0.000,0.000
2027,alt,lebenserwartung_gekoppelt_2zu1,67.000,69,1.003,0.000,0.000,0.100,0.000,0.000
2027,alt,lebenserwartung_gekoppelt_2zu1,67.000,70,1.003,0.000,0.000,0.070,0.000,0.000
2027,alt,lebenserwartung_gekoppelt_2zu1,67.000,71,1.003,0.000,0.000,0.050,0.000,0.000
2027,alt,lebenserwartung_gekoppelt_2zu1,67.000,72,1.003,0.000,0.000,0.040,0.000,0.000
2027,alt,daenemarknah,67.000,67,1.003,0.000,0.000,0.200,0.000,0.000
2027,alt,daenemarknah,67.000,68,1.003,0.000,0.000,0.140,0.000,0.000
2027,alt,daenemarknah,67.000,69,1.003,0.000,0.000,0.100,0.000,0.000
2027,alt,daenemarknah,67.000,70,1.003,0.000,0.000,0.070,0.000,0.000
2027,alt,daenemarknah,67.000,71,1.003,0.000,0.000,0.050,0.000,0.000
2027,alt,daenemarknah,67.000,72,1.003,0.000,0.000,0.040,0.000,0.000
2028,alt,status_quo_67,67.000,67,1.021,0.000,0.000,0.200,0.000,0.000
2028,alt,status_quo_67,67.000,68,1.021,0.000,0.000,0.140,0.000,0.000
2028,alt,status_quo_67,67.000,69,1.021,0.000,0.000,0.100,0.000,0.000
2028,alt,status_quo_67,67.000,70,1.021,0.000,0.000,0.070,0.000,0.000
2028,alt,status_quo_67,67.000,71,1.021,0.000,0.000,0.050,0.000,0.000
2028,alt,status_quo_67,67.000,72,1.021,0.000,0.000,0.040,0.000,0.000
2028,alt,lebenserwartung_gekoppelt_2zu1,67.125,67,1.021,0.125,0.128,0.200,0.022,0.795
2028,alt,lebenserwartung_gekoppelt_2zu1,67.125,68,1.021,0.000,0.000,0.140,0.000,0.000
2028,alt,lebenserwartung_gekoppelt_2zu1,67.125,69,1.021,0.000,0.000,0.100,0.000,0.000
2028,alt,lebenserwartung_gekoppelt_2zu1,67.125,70,1.021,0.000,0.000,0.070,0.000,0.000
2028,alt,lebenserwartung_gekoppelt_2zu1,67.125,71,1.021,0.000,0.000,0.050,0.000,0.000
2028,alt,lebenserwartung_gekoppelt_2zu1,67.125,72,1.021,0.000,0.000,0.040,0.000,0.000
2028,alt,daenemarknah,67.333,67,1.021,0.333,0.340,0.200,0.058,2.120
2028,alt,daenemarknah,67.333,68,1.021,0.000,0.000,0.140,0.000,0.000
2028,alt,daenemarknah,67.333,69,1.021,0.000,0.000,0.100,0.000,0.000
2028,alt,daenemarknah,67.333,70,1.021,0.000,0.000,0.070,0.000,0.000
2028,alt,daenemarknah,67.333,71,1.021,0.000,0.000,0.050,0.000,0.000
2028,alt,daenemarknah,67.333,72,1.021,0.000,0.000,0.040,0.000,0.000
2029,alt,status_quo_67,67.000,67,1.038,0.000,0.000,0.200,0.000,0.000
2029,alt,status_quo_67,67.000,68,1.038,0.000,0.000,0.140,0.000,0.000
2029,alt,status_quo_67,67.000,69,1.038,0.000,0.000,0.100,0.000,0.000
2029,alt,status_quo_67,67.000,70,1.038,0.000,0.000,0.070,0.000,0.000
2029,alt,status_quo_67,67.000,71,1.038,0.000,0.000,0.050,0.000,0.000
2029,alt,status_quo_67,67.000,72,1.038,0.000,0.000,0.040,0.000,0.000
2029,alt,lebenserwartung_gekoppelt_2zu1,67.250,67,1.038,0.250,0.260,0.200,0.044,1.671
2029,alt,lebenserwartung_gekoppelt_2zu1,67.250,68,1.038,0.000,0.000,0.140,0.000,0.000
2029,alt,lebenserwartung_gekoppelt_2zu1,67.250,69,1.038,0.000,0.000,0.100,0.000,0.000
2029,alt,lebenserwartung_gekoppelt_2zu1,67.250,70,1.038,0.000,0.000,0.070,0.000,0.000
2029,alt,lebenserwartung_gekoppelt_2zu1,67.250,71,1.038,0.000,0.000,0.050,0.000,0.000
2029,alt,lebenserwartung_gekoppelt_2zu1,67.250,72,1.038,0.000,0.000,0.040,0.000,0.000
2029,alt,daenemarknah,67.667,67,1.038,0.667,0.692,0.200,0.118,4.456
2029,alt,daenemarknah,67.667,68,1.038,0.000,0.000,0.140,0.000,0.000
2029,alt,daenemarknah,67.667,69,1.038,0.000,0.000,0.100,0.000,0.000
2029,alt,daenemarknah,67.667,70,1.038,0.000,0.000,0.070,0.000,0.000
2029,alt,daenemarknah,67.667,71,1.038,0.000,0.000,0.050,0.000,0.000
2029,alt,daenemarknah,67.667,72,1.038,0.000,0.000,0.040,0.000,0.000
2030,alt,status_quo_67,67.000,67,1.056,0.000,0.000,0.200,0.000,0.000
2030,alt,status_quo_67,67.000,68,1.056,0.000,0.000,0.140,0.000,0.000
2030,alt,status_quo_67,67.000,69,1.056,0.000,0.000,0.100,0.000,0.000
2030,alt,status_quo_67,67.000,70,1.056,0.000,0.000,0.070,0.000,0.000
2030,alt,status_quo_67,67.000,71,1.056,0.000,0.000,0.050,0.000,0.000
2030,alt,status_quo_67,67.000,72,1.056,0.000,0.000,0.040,0.000,0.000
2030,alt,lebenserwartung_gekoppelt_2zu1,67.375,67,1.056,0.375,0.396,0.200,0.067,2.633
2030,alt,lebenserwartung_gekoppelt_2zu1,67.375,68,1.056,0.000,0.000,0.140,0.000,0.000
2030,alt,lebenserwartung_gekoppelt_2zu1,67.375,69,1.056,0.000,0.000,0.100,0.000,0.000
2030,alt,lebenserwartung_gekoppelt_2zu1,67.375,70,1.056,0.000,0.000,0.070,0.000,0.000
2030,alt,lebenserwartung_gekoppelt_2zu1,67.375,71,1.056,0.000,0.000,0.050,0.000,0.000
2030,alt,lebenserwartung_gekoppelt_2zu1,67.375,72,1.056,0.000,0.000,0.040,0.000,0.000
2030,alt,daenemarknah,68.000,67,1.056,1.000,1.056,0.200,0.180,7.022
2030,alt,daenemarknah,68.000,68,1.056,0.000,0.000,0.140,0.000,0.000
2030,alt,daenemarknah,68.000,69,1.056,0.000,0.000,0.100,0.000,0.000
2030,alt,daenemarknah,68.000,70,1.056,0.000,0.000,0.070,0.000,0.000
2030,alt,daenemarknah,68.000,71,1.056,0.000,0.000,0.050,0.000,0.000
2030,alt,daenemarknah,68.000,72,1.056,0.000,0.000,0.040,0.000,0.000
2031,alt,status_quo_67,67.000,67,1.074,0.000,0.000,0.200,0.000,0.000
2031,alt,status_quo_67,67.000,68,1.074,0.000,0.000,0.140,0.000,0.000
2031,alt,status_quo_67,67.000,69,1.074,0.000,0.000,0.100,0.000,0.000
2031,alt,status_quo_67,67.000,70,1.074,0.000,0.000,0.070,0.000,0.000
2031,alt,status_quo_67,67.000,71,1.074,0.000,0.000,0.050,0.000,0.000
2031,alt,status_quo_67,67.000,72,1.074,0.000,0.000,0.040,0.000,0.000
2031,alt,lebenserwartung_gekoppelt_2zu1,67.500,67,1.074,0.500,0.537,0.200,0.091,3.687
2031,alt,lebenserwartung_gekoppelt_2zu1,67.500,68,1.074,0.000,0.000,0.140,0.000,0.000
2031,alt,lebenserwartung_gekoppelt_2zu1,67.500,69,1.074,0.000,0.000,0.100,0.000,0.000
2031,alt,lebenserwartung_gekoppelt_2zu1,67.500,70,1.074,0.000,0.000,0.070,0.000,0.000
2031,alt,lebenserwartung_gekoppelt_2zu1,67.500,71,1.074,0.000,0.000,0.050,0.000,0.000
2031,alt,lebenserwartung_gekoppelt_2zu1,67.500,72,1.074,0.000,0.000,0.040,0.000,0.000
2031,alt,daenemarknah,68.200,67,1.074,1.000,1.074,0.200,0.183,7.375
2031,alt,daenemarknah,68.200,68,1.074,0.200,0.215,0.140,0.026,1.032
2031,alt,daenemarknah,68.200,69,1.074,0.000,0.000,0.100,0.000,0.000
2031,alt,daenemarknah,68.200,70,1.074,0.000,0.000,0.070,0.000,0.000
2031,alt,daenemarknah,68.200,71,1.074,0.000,0.000,0.050,0.000,0.000
2031,alt,daenemarknah,68.200,72,1.074,0.000,0.000,0.040,0.000,0.000
2032,alt,status_quo_67,67.000,67,1.091,0.000,0.000,0.200,0.000,0.000
2032,alt,status_quo_67,67.000,68,1.091,0.000,0.000,0.140,0.000,0.000
2032,alt,status_quo_67,67.000,69,1.091,0.000,0.000,0.100,0.000,0.000
2032,alt,status_quo_67,67.000,70,1.091,0.000,0.000,0.070,0.000,0.000
2032,alt,status_quo_67,67.000,71,1.091,0.000,0.000,0.050,0.000,0.000
2032,alt,status_quo_67,67.000,72,1.091,0.000,0.000,0.040,0.000,0.000
2032,alt,lebenserwartung_gekoppelt_2zu1,67.625,67,1.091,0.625,0.682,0.200,0.116,4.839
2032,alt,lebenserwartung_gekoppelt_2zu1,67.625,68,1.091,0.000,0.000,0.140,0.000,0.000
2032,alt,lebenserwartung_gekoppelt_2zu1,67.625,69,1.091,0.000,0.000,0.100,0.000,0.000
2032,alt,lebenserwartung_gekoppelt_2zu1,67.625,70,1.091,0.000,0.000,0.070,0.000,0.000
2032,alt,lebenserwartung_gekoppelt_2zu1,67.625,71,1.091,0.000,0.000,0.050,0.000,0.000
2032,alt,lebenserwartung_gekoppelt_2zu1,67.625,72,1.091,0.000,0.000,0.040,0.000,0.000
2032,alt,daenemarknah,68.400,67,1.091,1.000,1.091,0.200,0.186,7.743
2032,alt,daenemarknah,68.400,68,1.091,0.400,0.437,0.140,0.052,2.168
2032,alt,daenemarknah,68.400,69,1.091,0.000,0.000,0.100,0.000,0.000
2032,alt,daenemarknah,68.400,70,1.091,0.000,0.000,0.070,0.000,0.000
2032,alt,daenemarknah,68.400,71,1.091,0.000,0.000,0.050,0.000,0.000
2032,alt,daenemarknah,68.400,72,1.091,0.000,0.000,0.040,0.000,0.000
2033,alt,status_quo_67,67.000,67,1.109,0.000,0.000,0.200,0.000,0.000
2033,alt,status_quo_67,67.000,68,1.109,0.000,0.000,0.140,0.000,0.000
2033,alt,status_quo_67,67.000,69,1.109,0.000,0.000,0.100,0.000,0.000
2033,alt,status_quo_67,67.000,70,1.109,0.000,0.000,0.070,0.000,0.000
2033,alt,status_quo_67,67.000,71,1.109,0.000,0.000,0.050,0.000,0.000
2033,alt,status_quo_67,67.000,72,1.109,0.000,0.000,0.040,0.000,0.000
2033,alt,lebenserwartung_gekoppelt_2zu1,67.750,67,1.109,0.750,0.832,0.200,0.141,6.095
2033,alt,lebenserwartung_gekoppelt_2zu1,67.750,68,1.109,0.000,0.000,0.140,0.000,0.000
2033,alt,lebenserwartung_gekoppelt_2zu1,67.750,69,1.109,0.000,0.000,0.100,0.000,0.000
2033,alt,lebenserwartung_gekoppelt_2zu1,67.750,70,1.109,0.000,0.000,0.070,0.000,0.000
2033,alt,lebenserwartung_gekoppelt_2zu1,67.750,71,1.109,0.000,0.000,0.050,0.000,0.000
2033,alt,lebenserwartung_gekoppelt_2zu1,67.750,72,1.109,0.000,0.000,0.040,0.000,0.000
2033,alt,daenemarknah,68.600,67,1.109,1.000,1.109,0.200,0.189,8.126
2033,alt,daenemarknah,68.600,68,1.109,0.600,0.666,0.140,0.079,3.413
2033,alt,daenemarknah,68.600,69,1.109,0.000,0.000,0.100,0.000,0.000
2033,alt,daenemarknah,68.600,70,1.109,0.000,0.000,0.070,0.000,0.000
2033,alt,daenemarknah,68.600,71,1.109,0.000,0.000,0.050,0.000,0.000
2033,alt,daenemarknah,68.600,72,1.109,0.000,0.000,0.040,0.000,0.000
2034,alt,status_quo_67,67.000,67,1.127,0.000,0.000,0.200,0.000,0.000
2034,alt,status_quo_67,67.000,68,1.127,0.000,0.000,0.140,0.000,0.000
2034,alt,status_quo_67,67.000,69,1.127,0.000,0.000,0.100,0.000,0.000
2034,alt,status_quo_67,67.000,70,1.127,0.000,0.000,0.070,0.000,0.000
2034,alt,status_quo_67,67.000,71,1.127,0.000,0.000,0.050,0.000,0.000
2034,alt,status_quo_67,67.000,72,1.127,0.000,0.000,0.040,0.000,0.000
2034,alt,lebenserwartung_gekoppelt_2zu1,67.875,67,1.127,0.875,0.986,0.200,0.168,7.460
2034,alt,lebenserwartung_gekoppelt_2zu1,67.875,68,1.127,0.000,0.000,0.140,0.000,0.000
2034,alt,lebenserwartung_gekoppelt_2zu1,67.875,69,1.127,0.000,0.000,0.100,0.000,0.000
2034,alt,lebenserwartung_gekoppelt_2zu1,67.875,70,1.127,0.000,0.000,0.070,0.000,0.000
2034,alt,lebenserwartung_gekoppelt_2zu1,67.875,71,1.127,0.000,0.000,0.050,0.000,0.000
2034,alt,lebenserwartung_gekoppelt_2zu1,67.875,72,1.127,0.000,0.000,0.040,0.000,0.000
2034,alt,daenemarknah,68.800,67,1.127,1.000,1.127,0.200,0.192,8.526
2034,alt,daenemarknah,68.800,68,1.127,0.800,0.901,0.140,0.107,4.775
2034,alt,daenemarknah,68.800,69,1.127,0.000,0.000,0.100,0.000,0.000
2034,alt,daenemarknah,68.800,70,1.127,0.000,0.000,0.070,0.000,0.000
2034,alt,daenemarknah,68.800,71,1.127,0.000,0.000,0.050,0.000,0.000
2034,alt,daenemarknah,68.800,72,1.127,0.000,0.000,0.040,0.000,0.000
2035,alt,status_quo_67,67.000,67,1.145,0.000,0.000,0.200,0.000,0.000
2035,alt,status_quo_67,67.000,68,1.145,0.000,0.000,0.140,0.000,0.000
2035,alt,status_quo_67,67.000,69,1.145,0.000,0.000,0.100,0.000,0.000
2035,alt,status_quo_67,67.000,70,1.145,0.000,0.000,0.070,0.000,0.000
2035,alt,status_quo_67,67.000,71,1.145,0.000,0.000,0.050,0.000,0.000
2035,alt,status_quo_67,67.000,72,1.145,0.000,0.000,0.040,0.000,0.000
2035,alt,lebenserwartung_gekoppelt_2zu1,68.000,67,1.145,1.000,1.145,0.200,0.195,8.943
2035,alt,lebenserwartung_gekoppelt_2zu1,68.000,68,1.145,0.000,0.000,0.140,0.000,0.000
2035,alt,lebenserwartung_gekoppelt_2zu1,68.000,69,1.145,0.000,0.000,0.100,0.000,0.000
2035,alt,lebenserwartung_gekoppelt_2zu1,68.000,70,1.145,0.000,0.000,0.070,0.000,0.000
2035,alt,lebenserwartung_gekoppelt_2zu1,68.000,71,1.145,0.000,0.000,0.050,0.000,0.000
2035,alt,lebenserwartung_gekoppelt_2zu1,68.000,72,1.145,0.000,0.000,0.040,0.000,0.000
2035,alt,daenemarknah,69.000,67,1.145,1.000,1.145,0.200,0.195,8.943
2035,alt,daenemarknah,69.000,68,1.145,1.000,1.145,0.140,0.136,6.260
2035,alt,daenemarknah,69.000,69,1.145,0.000,0.000,0.100,0.000,0.000
2035,alt,daenemarknah,69.000,70,1.145,0.000,0.000,0.070,0.000,0.000
2035,alt,daenemarknah,69.000,71,1.145,0.000,0.000,0.050,0.000,0.000
2035,alt,daenemarknah,69.000,72,1.145,0.000,0.000,0.040,0.000,0.000
2036,alt,status_quo_67,67.000,67,1.162,0.000,0.000,0.200,0.000,0.000
2036,alt,status_quo_67,67.000,68,1.162,0.000,0.000,0.140,0.000,0.000
2036,alt,status_quo_67,67.000,69,1.162,0.000,0.000,0.100,0.000,0.000
2036,alt,status_quo_67,67.000,70,1.162,0.000,0.000,0.070,0.000,0.000
2036,alt,status_quo_67,67.000,71,1.162,0.000,0.000,0.050,0.000,0.000
2036,alt,status_quo_67,67.000,72,1.162,0.000,0.000,0.040,0.000,0.000
2036,alt,lebenserwartung_gekoppelt_2zu1,68.100,67,1.162,1.000,1.162,0.200,0.198,9.317
2036,alt,lebenserwartung_gekoppelt_2zu1,68.100,68,1.162,0.100,0.116,0.140,0.014,0.652
2036,alt,lebenserwartung_gekoppelt_2zu1,68.100,69,1.162,0.000,0.000,0.100,0.000,0.000
2036,alt,lebenserwartung_gekoppelt_2zu1,68.100,70,1.162,0.000,0.000,0.070,0.000,0.000
2036,alt,lebenserwartung_gekoppelt_2zu1,68.100,71,1.162,0.000,0.000,0.050,0.000,0.000
2036,alt,lebenserwartung_gekoppelt_2zu1,68.100,72,1.162,0.000,0.000,0.040,0.000,0.000
2036,alt,daenemarknah,69.200,67,1.162,1.000,1.162,0.200,0.198,9.317
2036,alt,daenemarknah,69.200,68,1.162,1.000,1.162,0.140,0.138,6.522
2036,alt,daenemarknah,69.200,69,1.162,0.200,0.232,0.100,0.020,0.932
2036,alt,daenemarknah,69.200,70,1.162,0.000,0.000,0.070,0.000,0.000
2036,alt,daenemarknah,69.200,71,1.162,0.000,0.000,0.050,0.000,0.000
2036,alt,daenemarknah,69.200,72,1.162,0.000,0.000,0.040,0.000,0.000
2037,alt,status_quo_67,67.000,67,1.180,0.000,0.000,0.200,0.000,0.000
2037,alt,status_quo_67,67.000,68,1.180,0.000,0.000,0.140,0.000,0.000
2037,alt,status_quo_67,67.000,69,1.180,0.000,0.000,0.100,0.000,0.000
2037,alt,status_quo_67,67.000,70,1.180,0.000,0.000,0.070,0.000,0.000
2037,alt,status_quo_67,67.000,71,1.180,0.000,0.000,0.050,0.000,0.000
2037,alt,status_quo_67,67.000,72,1.180,0.000,0.000,0.040,0.000,0.000
2037,alt,lebenserwartung_gekoppelt_2zu1,68.200,67,1.180,1.000,1.180,0.200,0.201,9.705
2037,alt,lebenserwartung_gekoppelt_2zu1,68.200,68,1.180,0.200,0.236,0.140,0.028,1.359
2037,alt,lebenserwartung_gekoppelt_2zu1,68.200,69,1.180,0.000,0.000,0.100,0.000,0.000
2037,alt,lebenserwartung_gekoppelt_2zu1,68.200,70,1.180,0.000,0.000,0.070,0.000,0.000
2037,alt,lebenserwartung_gekoppelt_2zu1,68.200,71,1.180,0.000,0.000,0.050,0.000,0.000
2037,alt,lebenserwartung_gekoppelt_2zu1,68.200,72,1.180,0.000,0.000,0.040,0.000,0.000
2037,alt,daenemarknah,69.400,67,1.180,1.000,1.180,0.200,0.201,9.705
2037,alt,daenemarknah,69.400,68,1.180,1.000,1.180,0.140,0.140,6.793
2037,alt,daenemarknah,69.400,69,1.180,0.400,0.472,0.100,0.040,1.941
2037,alt,daenemarknah,69.400,70,1.180,0.000,0.000,0.070,0.000,0.000
2037,alt,daenemarknah,69.400,71,1.180,0.000,0.000,0.050,0.000,0.000
2037,alt,daenemarknah,69.400,72,1.180,0.000,0.000,0.040,0.000,0.000
2038,alt,status_quo_67,67.000,67,1.198,0.000,0.000,0.200,0.000,0.000
2038,alt,status_quo_67,67.000,68,1.198,0.000,0.000,0.140,0.000,0.000
2038,alt,status_quo_67,67.000,69,1.198,0.000,0.000,0.100,0.000,0.000
2038,alt,status_quo_67,67.000,70,1.198,0.000,0.000,0.070,0.000,0.000
2038,alt,status_quo_67,67.000,71,1.198,0.000,0.000,0.050,0.000,0.000
2038,alt,status_quo_67,67.000,72,1.198,0.000,0.000,0.040,0.000,0.000
2038,alt,lebenserwartung_gekoppelt_2zu1,68.300,67,1.198,1.000,1.198,0.200,0.204,10.106
2038,alt,lebenserwartung_gekoppelt_2zu1,68.300,68,1.198,0.300,0.359,0.140,0.043,2.122
2038,alt,lebenserwartung_gekoppelt_2zu1,68.300,69,1.198,0.000,0.000,0.100,0.000,0.000
2038,alt,lebenserwartung_gekoppelt_2zu1,68.300,70,1.198,0.000,0.000,0.070,0.000,0.000
2038,alt,lebenserwartung_gekoppelt_2zu1,68.300,71,1.198,0.000,0.000,0.050,0.000,0.000
2038,alt,lebenserwartung_gekoppelt_2zu1,68.300,72,1.198,0.000,0.000,0.040,0.000,0.000
2038,alt,daenemarknah,69.600,67,1.198,1.000,1.198,0.200,0.204,10.106
2038,alt,daenemarknah,69.600,68,1.198,1.000,1.198,0.140,0.143,7.075
2038,alt,daenemarknah,69.600,69,1.198,0.600,0.719,0.100,0.061,3.032
2038,alt,daenemarknah,69.600,70,1.198,0.000,0.000,0.070,0.000,0.000
2038,alt,daenemarknah,69.600,71,1.198,0.000,0.000,0.050,0.000,0.000
2038,alt,daenemarknah,69.600,72,1.198,0.000,0.000,0.040,0.000,0.000
2039,alt,status_quo_67,67.000,67,1.198,0.000,0.000,0.200,0.000,0.000
2039,alt,status_quo_67,67.000,68,1.198,0.000,0.000,0.140,0.000,0.000
2039,alt,status_quo_67,67.000,69,1.198,0.000,0.000,0.100,0.000,0.000
2039,alt,status_quo_67,67.000,70,1.198,0.000,0.000,0.070,0.000,0.000
2039,alt,status_quo_67,67.000,71,1.198,0.000,0.000,0.050,0.000,0.000
2039,alt,status_quo_67,67.000,72,1.198,0.000,0.000,0.040,0.000,0.000
2039,alt,lebenserwartung_gekoppelt_2zu1,68.400,67,1.198,1.000,1.198,0.200,0.204,10.377
2039,alt,lebenserwartung_gekoppelt_2zu1,68.400,68,1.198,0.400,0.479,0.140,0.057,2.905
2039,alt,lebenserwartung_gekoppelt_2zu1,68.400,69,1.198,0.000,0.000,0.100,0.000,0.000
2039,alt,lebenserwartung_gekoppelt_2zu1,68.400,70,1.198,0.000,0.000,0.070,0.000,0.000
2039,alt,lebenserwartung_gekoppelt_2zu1,68.400,71,1.198,0.000,0.000,0.050,0.000,0.000
2039,alt,lebenserwartung_gekoppelt_2zu1,68.400,72,1.198,0.000,0.000,0.040,0.000,0.000
2039,alt,daenemarknah,69.800,67,1.198,1.000,1.198,0.200,0.204,10.377
2039,alt,daenemarknah,69.800,68,1.198,1.000,1.198,0.140,0.143,7.264
2039,alt,daenemarknah,69.800,69,1.198,0.800,0.959,0.100,0.081,4.151
2039,alt,daenemarknah,69.800,70,1.198,0.000,0.000,0.070,0.000,0.000
2039,alt,daenemarknah,69.800,71,1.198,0.000,0.000,0.050,0.000,0.000
2039,alt,daenemarknah,69.800,72,1.198,0.000,0.000,0.040,0.000,0.000
2040,alt,status_quo_67,67.000,67,1.199,0.000,0.000,0.200,0.000,0.000
2040,alt,status_quo_67,67.000,68,1.199,0.000,0.000,0.140,0.000,0.000
2040,alt,status_quo_67,67.000,69,1.199,0.000,0.000,0.100,0.000,0.000
2040,alt,status_quo_67,67.000,70,1.199,0.000,0.000,0.070,0.000,0.000
2040,alt,status_quo_67,67.000,71,1.199,0.000,0.000,0.050,0.000,0.000
2040,alt,status_quo_67,67.000,72,1.199,0.000,0.000,0.040,0.000,0.000
2040,alt,lebenserwartung_gekoppelt_2zu1,68.500,67,1.199,1.000,1.199,0.200,0.204,10.654
2040,alt,lebenserwartung_gekoppelt_2zu1,68.500,68,1.199,0.500,0.600,0.140,0.071,3.729
2040,alt,lebenserwartung_gekoppelt_2zu1,68.500,69,1.199,0.000,0.000,0.100,0.000,0.000
2040,alt,lebenserwartung_gekoppelt_2zu1,68.500,70,1.199,0.000,0.000,0.070,0.000,0.000
2040,alt,lebenserwartung_gekoppelt_2zu1,68.500,71,1.199,0.000,0.000,0.050,0.000,0.000
2040,alt,lebenserwartung_gekoppelt_2zu1,68.500,72,1.199,0.000,0.000,0.040,0.000,0.000
2040,alt,daenemarknah,70.000,67,1.199,1.000,1.199,0.200,0.204,10.654
2040,alt,daenemarknah,70.000,68,1.199,1.000,1.199,0.140,0.143,7.458
2040,alt,daenemarknah,70.000,69,1.199,1.000,1.199,0.100,0.102,5.327
2040,alt,daenemarknah,70.000,70,1.199,0.000,0.000,0.070,0.000,0.000
2040,alt,daenemarknah,70.000,71,1.199,0.000,0.000,0.050,0.000,0.000
2040,alt,daenemarknah,70.000,72,1.199,0.000,0.000,0.040,0.000,0.000
2041,alt,status_quo_67,67.000,67,1.200,0.000,0.000,0.200,0.000,0.000
2041,alt,status_quo_67,67.000,68,1.200,0.000,0.000,0.140,0.000,0.000
2041,alt,status_quo_67,67.000,69,1.200,0.000,0.000,0.100,0.000,0.000
2041,alt,status_quo_67,67.000,70,1.200,0.000,0.000,0.070,0.000,0.000
2041,alt,status_quo_67,67.000,71,1.200,0.000,0.000,0.050,0.000,0.000
2041,alt,status_quo_67,67.000,72,1.200,0.000,0.000,0.040,0.000,0.000
2041,alt,lebenserwartung_gekoppelt_2zu1,68.600,67,1.200,1.000,1.200,0.200,0.204,10.939
2041,alt,lebenserwartung_gekoppelt_2zu1,68.600,68,1.200,0.600,0.720,0.140,0.086,4.594
2041,alt,lebenserwartung_gekoppelt_2zu1,68.600,69,1.200,0.000,0.000,0.100,0.000,0.000
2041,alt,lebenserwartung_gekoppelt_2zu1,68.600,70,1.200,0.000,0.000,0.070,0.000,0.000
2041,alt,lebenserwartung_gekoppelt_2zu1,68.600,71,1.200,0.000,0.000,0.050,0.000,0.000
2041,alt,lebenserwartung_gekoppelt_2zu1,68.600,72,1.200,0.000,0.000,0.040,0.000,0.000
2041,alt,daenemarknah,70.067,67,1.200,1.000,1.200,0.200,0.204,10.939
2041,alt,daenemarknah,70.067,68,1.200,1.000,1.200,0.140,0.143,7.657
2041,alt,daenemarknah,70.067,69,1.200,1.000,1.200,0.100,0.102,5.470
2041,alt,daenemarknah,70.067,70,1.200,0.067,0.080,0.070,0.005,0.255
2041,alt,daenemarknah,70.067,71,1.200,0.000,0.000,0.050,0.000,0.000
2041,alt,daenemarknah,70.067,72,1.200,0.000,0.000,0.040,0.000,0.000
2042,alt,status_quo_67,67.000,67,1.201,0.000,0.000,0.200,0.000,0.000
2042,alt,status_quo_67,67.000,68,1.201,0.000,0.000,0.140,0.000,0.000
2042,alt,status_quo_67,67.000,69,1.201,0.000,0.000,0.100,0.000,0.000
2042,alt,status_quo_67,67.000,70,1.201,0.000,0.000,0.070,0.000,0.000
2042,alt,status_quo_67,67.000,71,1.201,0.000,0.000,0.050,0.000,0.000
2042,alt,status_quo_67,67.000,72,1.201,0.000,0.000,0.040,0.000,0.000
2042,alt,lebenserwartung_gekoppelt_2zu1,68.700,67,1.201,1.000,1.201,0.200,0.204,11.231
2042,alt,lebenserwartung_gekoppelt_2zu1,68.700,68,1.201,0.700,0.841,0.140,0.100,5.503
2042,alt,lebenserwartung_gekoppelt_2zu1,68.700,69,1.201,0.000,0.000,0.100,0.000,0.000
2042,alt,lebenserwartung_gekoppelt_2zu1,68.700,70,1.201,0.000,0.000,0.070,0.000,0.000
2042,alt,lebenserwartung_gekoppelt_2zu1,68.700,71,1.201,0.000,0.000,0.050,0.000,0.000
2042,alt,lebenserwartung_gekoppelt_2zu1,68.700,72,1.201,0.000,0.000,0.040,0.000,0.000
2042,alt,daenemarknah,70.133,67,1.201,1.000,1.201,0.200,0.204,11.231
2042,alt,daenemarknah,70.133,68,1.201,1.000,1.201,0.140,0.143,7.862
2042,alt,daenemarknah,70.133,69,1.201,1.000,1.201,0.100,0.102,5.616
2042,alt,daenemarknah,70.133,70,1.201,0.133,0.160,0.070,0.010,0.524
2042,alt,daenemarknah,70.133,71,1.201,0.000,0.000,0.050,0.000,0.000
2042,alt,daenemarknah,70.133,72,1.201,0.000,0.000,0.040,0.000,0.000
2043,alt,status_quo_67,67.000,67,1.202,0.000,0.000,0.200,0.000,0.000
2043,alt,status_quo_67,67.000,68,1.202,0.000,0.000,0.140,0.000,0.000
2043,alt,status_quo_67,67.000,69,1.202,0.000,0.000,0.100,0.000,0.000
2043,alt,status_quo_67,67.000,70,1.202,0.000,0.000,0.070,0.000,0.000
2043,alt,status_quo_67,67.000,71,1.202,0.000,0.000,0.050,0.000,0.000
2043,alt,status_quo_67,67.000,72,1.202,0.000,0.000,0.040,0.000,0.000
2043,alt,lebenserwartung_gekoppelt_2zu1,68.800,67,1.202,1.000,1.202,0.200,0.204,11.532
2043,alt,lebenserwartung_gekoppelt_2zu1,68.800,68,1.202,0.800,0.962,0.140,0.114,6.458
2043,alt,lebenserwartung_gekoppelt_2zu1,68.800,69,1.202,0.000,0.000,0.100,0.000,0.000
2043,alt,lebenserwartung_gekoppelt_2zu1,68.800,70,1.202,0.000,0.000,0.070,0.000,0.000
2043,alt,lebenserwartung_gekoppelt_2zu1,68.800,71,1.202,0.000,0.000,0.050,0.000,0.000
2043,alt,lebenserwartung_gekoppelt_2zu1,68.800,72,1.202,0.000,0.000,0.040,0.000,0.000
2043,alt,daenemarknah,70.200,67,1.202,1.000,1.202,0.200,0.204,11.532
2043,alt,daenemarknah,70.200,68,1.202,1.000,1.202,0.140,0.143,8.072
2043,alt,daenemarknah,70.200,69,1.202,1.000,1.202,0.100,0.102,5.766
2043,alt,daenemarknah,70.200,70,1.202,0.200,0.240,0.070,0.014,0.807
2043,alt,daenemarknah,70.200,71,1.202,0.000,0.000,0.050,0.000,0.000
2043,alt,daenemarknah,70.200,72,1.202,0.000,0.000,0.040,0.000,0.000
2044,alt,status_quo_67,67.000,67,1.203,0.000,0.000,0.200,0.000,0.000
2044,alt,status_quo_67,67.000,68,1.203,0.000,0.000,0.140,0.000,0.000
2044,alt,status_quo_67,67.000,69,1.203,0.000,0.000,0.100,0.000,0.000
2044,alt,status_quo_67,67.000,70,1.203,0.000,0.000,0.070,0.000,0.000
2044,alt,status_quo_67,67.000,71,1.203,0.000,0.000,0.050,0.000,0.000
2044,alt,status_quo_67,67.000,72,1.203,0.000,0.000,0.040,0.000,0.000
2044,alt,lebenserwartung_gekoppelt_2zu1,68.900,67,1.203,1.000,1.203,0.200,0.204,11.840
2044,alt,lebenserwartung_gekoppelt_2zu1,68.900,68,1.203,0.900,1.083,0.140,0.129,7.459
2044,alt,lebenserwartung_gekoppelt_2zu1,68.900,69,1.203,0.000,0.000,0.100,0.000,0.000
2044,alt,lebenserwartung_gekoppelt_2zu1,68.900,70,1.203,0.000,0.000,0.070,0.000,0.000
2044,alt,lebenserwartung_gekoppelt_2zu1,68.900,71,1.203,0.000,0.000,0.050,0.000,0.000
2044,alt,lebenserwartung_gekoppelt_2zu1,68.900,72,1.203,0.000,0.000,0.040,0.000,0.000
2044,alt,daenemarknah,70.267,67,1.203,1.000,1.203,0.200,0.204,11.840
2044,alt,daenemarknah,70.267,68,1.203,1.000,1.203,0.140,0.143,8.288
2044,alt,daenemarknah,70.267,69,1.203,1.000,1.203,0.100,0.102,5.920
2044,alt,daenemarknah,70.267,70,1.203,0.267,0.321,0.070,0.019,1.105
2044,alt,daenemarknah,70.267,71,1.203,0.000,0.000,0.050,0.000,0.000
2044,alt,daenemarknah,70.267,72,1.203,0.000,0.000,0.040,0.000,0.000
2045,alt,status_quo_67,67.000,67,1.204,0.000,0.000,0.200,0.000,0.000
2045,alt,status_quo_67,67.000,68,1.204,0.000,0.000,0.140,0.000,0.000
2045,alt,status_quo_67,67.000,69,1.204,0.000,0.000,0.100,0.000,0.000
2045,alt,status_quo_67,67.000,70,1.204,0.000,0.000,0.070,0.000,0.000
2045,alt,status_quo_67,67.000,71,1.204,0.000,0.000,0.050,0.000,0.000
2045,alt,status_quo_67,67.000,72,1.204,0.000,0.000,0.040,0.000,0.000
2045,alt,lebenserwartung_gekoppelt_2zu1,69.000,67,1.204,1.000,1.204,0.200,0.205,12.157
2045,alt,lebenserwartung_gekoppelt_2zu1,69.000,68,1.204,1.000,1.204,0.140,0.143,8.510
2045,alt,lebenserwartung_gekoppelt_2zu1,69.000,69,1.204,0.000,0.000,0.100,0.000,0.000
2045,alt,lebenserwartung_gekoppelt_2zu1,69.000,70,1.204,0.000,0.000,0.070,0.000,0.000
2045,alt,lebenserwartung_gekoppelt_2zu1,69.000,71,1.204,0.000,0.000,0.050,0.000,0.000
2045,alt,lebenserwartung_gekoppelt_2zu1,69.000,72,1.204,0.000,0.000,0.040,0.000,0.000
2045,alt,daenemarknah,70.333,67,1.204,1.000,1.204,0.200,0.205,12.157
2045,alt,daenemarknah,70.333,68,1.204,1.000,1.204,0.140,0.143,8.510
2045,alt,daenemarknah,70.333,69,1.204,1.000,1.204,0.100,0.102,6.078
2045,alt,daenemarknah,70.333,70,1.204,0.333,0.401,0.070,0.024,1.418
2045,alt,daenemarknah,70.333,71,1.204,0.000,0.000,0.050,0.000,0.000
2045,alt,daenemarknah,70.333,72,1.204,0.000,0.000,0.040,0.000,0.000
2046,alt,status_quo_67,67.000,67,1.205,0.000,0.000,0.200,0.000,0.000
2046,alt,status_quo_67,67.000,68,1.205,0.000,0.000,0.140,0.000,0.000
2046,alt,status_quo_67,67.000,69,1.205,0.000,0.000,0.100,0.000,0.000
2046,alt,status_quo_67,67.000,70,1.205,0.000,0.000,0.070,0.000,0.000
2046,alt,status_quo_67,67.000,71,1.205,0.000,0.000,0.050,0.000,0.000
2046,alt,status_quo_67,67.000,72,1.205,0.000,0.000,0.040,0.000,0.000
2046,alt,lebenserwartung_gekoppelt_2zu1,69.100,67,1.205,1.000,1.205,0.200,0.205,12.481
2046,alt,lebenserwartung_gekoppelt_2zu1,69.100,68,1.205,1.000,1.205,0.140,0.143,8.737
2046,alt,lebenserwartung_gekoppelt_2zu1,69.100,69,1.205,0.100,0.120,0.100,0.010,0.624
2046,alt,lebenserwartung_gekoppelt_2zu1,69.100,70,1.205,0.000,0.000,0.070,0.000,0.000
2046,alt,lebenserwartung_gekoppelt_2zu1,69.100,71,1.205,0.000,0.000,0.050,0.000,0.000
2046,alt,lebenserwartung_gekoppelt_2zu1,69.100,72,1.205,0.000,0.000,0.040,0.000,0.000
2046,alt,daenemarknah,70.400,67,1.205,1.000,1.205,0.200,0.205,12.481
2046,alt,daenemarknah,70.400,68,1.205,1.000,1.205,0.140,0.143,8.737
2046,alt,daenemarknah,70.400,69,1.205,1.000,1.205,0.100,0.102,6.240
2046,alt,daenemarknah,70.400,70,1.205,0.400,0.482,0.070,0.029,1.747
2046,alt,daenemarknah,70.400,71,1.205,0.000,0.000,0.050,0.000,0.000
2046,alt,daenemarknah,70.400,72,1.205,0.000,0.000,0.040,0.000,0.000
2047,alt,status_quo_67,67.000,67,1.206,0.000,0.000,0.200,0.000,0.000
2047,alt,status_quo_67,67.000,68,1.206,0.000,0.000,0.140,0.000,0.000
2047,alt,status_quo_67,67.000,69,1.206,0.000,0.000,0.100,0.000,0.000
2047,alt,status_quo_67,67.000,70,1.206,0.000,0.000,0.070,0.000,0.000
2047,alt,status_quo_67,67.000,71,1.206,0.000,0.000,0.050,0.000,0.000
2047,alt,status_quo_67,67.000,72,1.206,0.000,0.000,0.040,0.000,0.000
2047,alt,lebenserwartung_gekoppelt_2zu1,69.200,67,1.206,1.000,1.206,0.200,0.205,12.814
2047,alt,lebenserwartung_gekoppelt_2zu1,69.200,68,1.206,1.000,1.206,0.140,0.143,8.970
2047,alt,lebenserwartung_gekoppelt_2zu1,69.200,69,1.206,0.200,0.241,0.100,0.020,1.281
2047,alt,lebenserwartung_gekoppelt_2zu1,69.200,70,1.206,0.000,0.000,0.070,0.000,0.000
2047,alt,lebenserwartung_gekoppelt_2zu1,69.200,71,1.206,0.000,0.000,0.050,0.000,0.000
2047,alt,lebenserwartung_gekoppelt_2zu1,69.200,72,1.206,0.000,0.000,0.040,0.000,0.000
2047,alt,daenemarknah,70.467,67,1.206,1.000,1.206,0.200,0.205,12.814
2047,alt,daenemarknah,70.467,68,1.206,1.000,1.206,0.140,0.143,8.970
2047,alt,daenemarknah,70.467,69,1.206,1.000,1.206,0.100,0.102,6.407
2047,alt,daenemarknah,70.467,70,1.206,0.467,0.563,0.070,0.033,2.093
2047,alt,daenemarknah,70.467,71,1.206,0.000,0.000,0.050,0.000,0.000
2047,alt,daenemarknah,70.467,72,1.206,0.000,0.000,0.040,0.000,0.000
2048,alt,status_quo_67,67.000,67,1.206,0.000,0.000,0.200,0.000,0.000
2048,alt,status_quo_67,67.000,68,1.206,0.000,0.000,0.140,0.000,0.000
2048,alt,status_quo_67,67.000,69,1.206,0.000,0.000,0.100,0.000,0.000
2048,alt,status_quo_67,67.000,70,1.206,0.000,0.000,0.070,0.000,0.000
2048,alt,status_quo_67,67.000,71,1.206,0.000,0.000,0.050,0.000,0.000
2048,alt,status_quo_67,67.000,72,1.206,0.000,0.000,0.040,0.000,0.000
2048,alt,lebenserwartung_gekoppelt_2zu1,69.300,67,1.206,1.000,1.206,0.200,0.205,13.156
2048,alt,lebenserwartung_gekoppelt_2zu1,69.300,68,1.206,1.000,1.206,0.140,0.144,9.209
2048,alt,lebenserwartung_gekoppelt_2zu1,69.300,69,1.206,0.300,0.362,0.100,0.031,1.973
2048,alt,lebenserwartung_gekoppelt_2zu1,69.300,70,1.206,0.000,0.000,0.070,0.000,0.000
2048,alt,lebenserwartung_gekoppelt_2zu1,69.300,71,1.206,0.000,0.000,0.050,0.000,0.000
2048,alt,lebenserwartung_gekoppelt_2zu1,69.300,72,1.206,0.000,0.000,0.040,0.000,0.000
2048,alt,daenemarknah,70.533,67,1.206,1.000,1.206,0.200,0.205,13.156
2048,alt,daenemarknah,70.533,68,1.206,1.000,1.206,0.140,0.144,9.209
2048,alt,daenemarknah,70.533,69,1.206,1.000,1.206,0.100,0.103,6.578
2048,alt,daenemarknah,70.533,70,1.206,0.533,0.643,0.070,0.038,2.456
2048,alt,daenemarknah,70.533,71,1.206,0.000,0.000,0.050,0.000,0.000
2048,alt,daenemarknah,70.533,72,1.206,0.000,0.000,0.040,0.000,0.000
2049,alt,status_quo_67,67.000,67,1.207,0.000,0.000,0.200,0.000,0.000
2049,alt,status_quo_67,67.000,68,1.207,0.000,0.000,0.140,0.000,0.000
2049,alt,status_quo_67,67.000,69,1.207,0.000,0.000,0.100,0.000,0.000
2049,alt,status_quo_67,67.000,70,1.207,0.000,0.000,0.070,0.000,0.000
2049,alt,status_quo_67,67.000,71,1.207,0.000,0.000,0.050,0.000,0.000
2049,alt,status_quo_67,67.000,72,1.207,0.000,0.000,0.040,0.000,0.000
2049,alt,lebenserwartung_gekoppelt_2zu1,69.400,67,1.207,1.000,1.207,0.200,0.205,13.507
2049,alt,lebenserwartung_gekoppelt_2zu1,69.400,68,1.207,1.000,1.207,0.140,0.144,9.455
2049,alt,lebenserwartung_gekoppelt_2zu1,69.400,69,1.207,0.400,0.483,0.100,0.041,2.701
2049,alt,lebenserwartung_gekoppelt_2zu1,69.400,70,1.207,0.000,0.000,0.070,0.000,0.000
2049,alt,lebenserwartung_gekoppelt_2zu1,69.400,71,1.207,0.000,0.000,0.050,0.000,0.000
2049,alt,lebenserwartung_gekoppelt_2zu1,69.400,72,1.207,0.000,0.000,0.040,0.000,0.000
2049,alt,daenemarknah,70.600,67,1.207,1.000,1.207,0.200,0.205,13.507
2049,alt,daenemarknah,70.600,68,1.207,1.000,1.207,0.140,0.144,9.455
2049,alt,daenemarknah,70.600,69,1.207,1.000,1.207,0.100,0.103,6.754
2049,alt,daenemarknah,70.600,70,1.207,0.600,0.724,0.070,0.043,2.837
2049,alt,daenemarknah,70.600,71,1.207,0.000,0.000,0.050,0.000,0.000
2049,alt,daenemarknah,70.600,72,1.207,0.000,0.000,0.040,0.000,0.000
2050,alt,status_quo_67,67.000,67,1.208,0.000,0.000,0.200,0.000,0.000
2050,alt,status_quo_67,67.000,68,1.208,0.000,0.000,0.140,0.000,0.000
2050,alt,status_quo_67,67.000,69,1.208,0.000,0.000,0.100,0.000,0.000
2050,alt,status_quo_67,67.000,70,1.208,0.000,0.000,0.070,0.000,0.000
2050,alt,status_quo_67,67.000,71,1.208,0.000,0.000,0.050,0.000,0.000
2050,alt,status_quo_67,67.000,72,1.208,0.000,0.000,0.040,0.000,0.000
2050,alt,lebenserwartung_gekoppelt_2zu1,69.500,67,1.208,1.000,1.208,0.200,0.205,13.868
2050,alt,lebenserwartung_gekoppelt_2zu1,69.500,68,1.208,1.000,1.208,0.140,0.144,9.707
2050,alt,lebenserwartung_gekoppelt_2zu1,69.500,69,1.208,0.500,0.604,0.100,0.051,3.467
2050,alt,lebenserwartung_gekoppelt_2zu1,69.500,70,1.208,0.000,0.000,0.070,0.000,0.000
2050,alt,lebenserwartung_gekoppelt_2zu1,69.500,71,1.208,0.000,0.000,0.050,0.000,0.000
2050,alt,lebenserwartung_gekoppelt_2zu1,69.500,72,1.208,0.000,0.000,0.040,0.000,0.000
2050,alt,daenemarknah,70.667,67,1.208,1.000,1.208,0.200,0.205,13.868
2050,alt,daenemarknah,70.667,68,1.208,1.000,1.208,0.140,0.144,9.707
2050,alt,daenemarknah,70.667,69,1.208,1.000,1.208,0.100,0.103,6.934
2050,alt,daenemarknah,70.667,70,1.208,0.667,0.805,0.070,0.048,3.236
2050,alt,daenemarknah,70.667,71,1.208,0.000,0.000,0.050,0.000,0.000
2050,alt,daenemarknah,70.667,72,1.208,0.000,0.000,0.040,0.000,0.000
2051,alt,status_quo_67,67.000,67,1.209,0.000,0.000,0.200,0.000,0.000
2051,alt,status_quo_67,67.000,68,1.209,0.000,0.000,0.140,0.000,0.000
2051,alt,status_quo_67,67.000,69,1.209,0.000,0.000,0.100,0.000,0.000
2051,alt,status_quo_67,67.000,70,1.209,0.000,0.000,0.070,0.000,0.000
2051,alt,status_quo_67,67.000,71,1.209,0.000,0.000,0.050,0.000,0.000
2051,alt,status_quo_67,67.000,72,1.209,0.000,0.000,0.040,0.000,0.000
2051,alt,lebenserwartung_gekoppelt_2zu1,69.600,67,1.209,1.000,1.209,0.200,0.206,14.238
2051,alt,lebenserwartung_gekoppelt_2zu1,69.600,68,1.209,1.000,1.209,0.140,0.144,9.966
2051,alt,lebenserwartung_gekoppelt_2zu1,69.600,69,1.209,0.600,0.725,0.100,0.062,4.271
2051,alt,lebenserwartung_gekoppelt_2zu1,69.600,70,1.209,0.000,0.000,0.070,0.000,0.000
2051,alt,lebenserwartung_gekoppelt_2zu1,69.600,71,1.209,0.000,0.000,0.050,0.000,0.000
2051,alt,lebenserwartung_gekoppelt_2zu1,69.600,72,1.209,0.000,0.000,0.040,0.000,0.000
2051,alt,daenemarknah,70.733,67,1.209,1.000,1.209,0.200,0.206,14.238
2051,alt,daenemarknah,70.733,68,1.209,1.000,1.209,0.140,0.144,9.966
2051,alt,daenemarknah,70.733,69,1.209,1.000,1.209,0.100,0.103,7.119
2051,alt,daenemarknah,70.733,70,1.209,0.733,0.887,0.070,0.053,3.654
2051,alt,daenemarknah,70.733,71,1.209,0.000,0.000,0.050,0.000,0.000
2051,alt,daenemarknah,70.733,72,1.209,0.000,0.000,0.040,0.000,0.000
2052,alt,status_quo_67,67.000,67,1.210,0.000,0.000,0.200,0.000,0.000
2052,alt,status_quo_67,67.000,68,1.210,0.000,0.000,0.140,0.000,0.000
2052,alt,status_quo_67,67.000,69,1.210,0.000,0.000,0.100,0.000,0.000
2052,alt,status_quo_67,67.000,70,1.210,0.000,0.000,0.070,0.000,0.000
2052,alt,status_quo_67,67.000,71,1.210,0.000,0.000,0.050,0.000,0.000
2052,alt,status_quo_67,67.000,72,1.210,0.000,0.000,0.040,0.000,0.000
2052,alt,lebenserwartung_gekoppelt_2zu1,69.700,67,1.210,1.000,1.210,0.200,0.206,14.618
2052,alt,lebenserwartung_gekoppelt_2zu1,69.700,68,1.210,1.000,1.210,0.140,0.144,10.232
2052,alt,lebenserwartung_gekoppelt_2zu1,69.700,69,1.210,0.700,0.847,0.100,0.072,5.116
2052,alt,lebenserwartung_gekoppelt_2zu1,69.700,70,1.210,0.000,0.000,0.070,0.000,0.000
2052,alt,lebenserwartung_gekoppelt_2zu1,69.700,71,1.210,0.000,0.000,0.050,0.000,0.000
2052,alt,lebenserwartung_gekoppelt_2zu1,69.700,72,1.210,0.000,0.000,0.040,0.000,0.000
2052,alt,daenemarknah,70.800,67,1.210,1.000,1.210,0.200,0.206,14.618
2052,alt,daenemarknah,70.800,68,1.210,1.000,1.210,0.140,0.144,10.232
2052,alt,daenemarknah,70.800,69,1.210,1.000,1.210,0.100,0.103,7.309
2052,alt,daenemarknah,70.800,70,1.210,0.800,0.968,0.070,0.058,4.093
2052,alt,daenemarknah,70.800,71,1.210,0.000,0.000,0.050,0.000,0.000
2052,alt,daenemarknah,70.800,72,1.210,0.000,0.000,0.040,0.000,0.000
2053,alt,status_quo_67,67.000,67,1.211,0.000,0.000,0.200,0.000,0.000
2053,alt,status_quo_67,67.000,68,1.211,0.000,0.000,0.140,0.000,0.000
2053,alt,status_quo_67,67.000,69,1.211,0.000,0.000,0.100,0.000,0.000
2053,alt,status_quo_67,67.000,70,1.211,0.000,0.000,0.070,0.000,0.000
2053,alt,status_quo_67,67.000,71,1.211,0.000,0.000,0.050,0.000,0.000
2053,alt,status_quo_67,67.000,72,1.211,0.000,0.000,0.040,0.000,0.000
2053,alt,lebenserwartung_gekoppelt_2zu1,69.800,67,1.211,1.000,1.211,0.200,0.206,15.008
2053,alt,lebenserwartung_gekoppelt_2zu1,69.800,68,1.211,1.000,1.211,0.140,0.144,10.505
2053,alt,lebenserwartung_gekoppelt_2zu1,69.800,69,1.211,0.800,0.969,0.100,0.082,6.003
2053,alt,lebenserwartung_gekoppelt_2zu1,69.800,70,1.211,0.000,0.000,0.070,0.000,0.000
2053,alt,lebenserwartung_gekoppelt_2zu1,69.800,71,1.211,0.000,0.000,0.050,0.000,0.000
2053,alt,lebenserwartung_gekoppelt_2zu1,69.800,72,1.211,0.000,0.000,0.040,0.000,0.000
2053,alt,daenemarknah,70.867,67,1.211,1.000,1.211,0.200,0.206,15.008
2053,alt,daenemarknah,70.867,68,1.211,1.000,1.211,0.140,0.144,10.505
2053,alt,daenemarknah,70.867,69,1.211,1.000,1.211,0.100,0.103,7.504
2053,alt,daenemarknah,70.867,70,1.211,0.867,1.049,0.070,0.062,4.552
2053,alt,daenemarknah,70.867,71,1.211,0.000,0.000,0.050,0.000,0.000
2053,alt,daenemarknah,70.867,72,1.211,0.000,0.000,0.040,0.000,0.000
2054,alt,status_quo_67,67.000,67,1.212,0.000,0.000,0.200,0.000,0.000
2054,alt,status_quo_67,67.000,68,1.212,0.000,0.000,0.140,0.000,0.000
2054,alt,status_quo_67,67.000,69,1.212,0.000,0.000,0.100,0.000,0.000
2054,alt,status_quo_67,67.000,70,1.212,0.000,0.000,0.070,0.000,0.000
2054,alt,status_quo_67,67.000,71,1.212,0.000,0.000,0.050,0.000,0.000
2054,alt,status_quo_67,67.000,72,1.212,0.000,0.000,0.040,0.000,0.000
2054,alt,lebenserwartung_gekoppelt_2zu1,69.900,67,1.212,1.000,1.212,0.200,0.206,15.408
2054,alt,lebenserwartung_gekoppelt_2zu1,69.900,68,1.212,1.000,1.212,0.140,0.144,10.786
2054,alt,lebenserwartung_gekoppelt_2zu1,69.900,69,1.212,0.900,1.091,0.100,0.093,6.934
2054,alt,lebenserwartung_gekoppelt_2zu1,69.900,70,1.212,0.000,0.000,0.070,0.000,0.000
2054,alt,lebenserwartung_gekoppelt_2zu1,69.900,71,1.212,0.000,0.000,0.050,0.000,0.000
2054,alt,lebenserwartung_gekoppelt_2zu1,69.900,72,1.212,0.000,0.000,0.040,0.000,0.000
2054,alt,daenemarknah,70.933,67,1.212,1.000,1.212,0.200,0.206,15.408
2054,alt,daenemarknah,70.933,68,1.212,1.000,1.212,0.140,0.144,10.786
2054,alt,daenemarknah,70.933,69,1.212,1.000,1.212,0.100,0.103,7.704
2054,alt,daenemarknah,70.933,70,1.212,0.933,1.131,0.070,0.067,5.033
2054,alt,daenemarknah,70.933,71,1.212,0.000,0.000,0.050,0.000,0.000
2054,alt,daenemarknah,70.933,72,1.212,0.000,0.000,0.040,0.000,0.000
2055,alt,status_quo_67,67.000,67,1.213,0.000,0.000,0.200,0.000,0.000
2055,alt,status_quo_67,67.000,68,1.213,0.000,0.000,0.140,0.000,0.000
2055,alt,status_quo_67,67.000,69,1.213,0.000,0.000,0.100,0.000,0.000
2055,alt,status_quo_67,67.000,70,1.213,0.000,0.000,0.070,0.000,0.000
2055,alt,status_quo_67,67.000,71,1.213,0.000,0.000,0.050,0.000,0.000
2055,alt,status_quo_67,67.000,72,1.213,0.000,0.000,0.040,0.000,0.000
2055,alt,lebenserwartung_gekoppelt_2zu1,70.000,67,1.213,1.000,1.213,0.200,0.206,15.819
2055,alt,lebenserwartung_gekoppelt_2zu1,70.000,68,1.213,1.000,1.213,0.140,0.144,11.073
2055,alt,lebenserwartung_gekoppelt_2zu1,70.000,69,1.213,1.000,1.213,0.100,0.103,7.910
2055,alt,lebenserwartung_gekoppelt_2zu1,70.000,70,1.213,0.000,0.000,0.070,0.000,0.000
2055,alt,lebenserwartung_gekoppelt_2zu1,70.000,71,1.213,0.000,0.000,0.050,0.000,0.000
2055,alt,lebenserwartung_gekoppelt_2zu1,70.000,72,1.213,0.000,0.000,0.040,0.000,0.000
2055,alt,daenemarknah,71.000,67,1.213,1.000,1.213,0.200,0.206,15.819
2055,alt,daenemarknah,71.000,68,1.213,1.000,1.213,0.140,0.144,11.073
2055,alt,daenemarknah,71.000,69,1.213,1.000,1.213,0.100,0.103,7.910
2055,alt,daenemarknah,71.000,70,1.213,1.000,1.213,0.070,0.072,5.537
2055,alt,daenemarknah,71.000,71,1.213,0.000,0.000,0.050,0.000,0.000
2055,alt,daenemarknah,71.000,72,1.213,0.000,0.000,0.040,0.000,0.000
2056,alt,status_quo_67,67.000,67,1.213,0.000,0.000,0.200,0.000,0.000
2056,alt,status_quo_67,67.000,68,1.213,0.000,0.000,0.140,0.000,0.000
2056,alt,status_quo_67,67.000,69,1.213,0.000,0.000,0.100,0.000,0.000
2056,alt,status_quo_67,67.000,70,1.213,0.000,0.000,0.070,0.000,0.000
2056,alt,status_quo_67,67.000,71,1.213,0.000,0.000,0.050,0.000,0.000
2056,alt,status_quo_67,67.000,72,1.213,0.000,0.000,0.040,0.000,0.000
2056,alt,lebenserwartung_gekoppelt_2zu1,70.100,67,1.213,1.000,1.213,0.200,0.206,16.241
2056,alt,lebenserwartung_gekoppelt_2zu1,70.100,68,1.213,1.000,1.213,0.140,0.144,11.369
2056,alt,lebenserwartung_gekoppelt_2zu1,70.100,69,1.213,1.000,1.213,0.100,0.103,8.121
2056,alt,lebenserwartung_gekoppelt_2zu1,70.100,70,1.213,0.100,0.121,0.070,0.007,0.568
2056,alt,lebenserwartung_gekoppelt_2zu1,70.100,71,1.213,0.000,0.000,0.050,0.000,0.000
2056,alt,lebenserwartung_gekoppelt_2zu1,70.100,72,1.213,0.000,0.000,0.040,0.000,0.000
2056,alt,daenemarknah,71.067,67,1.213,1.000,1.213,0.200,0.206,16.241
2056,alt,daenemarknah,71.067,68,1.213,1.000,1.213,0.140,0.144,11.369
2056,alt,daenemarknah,71.067,69,1.213,1.000,1.213,0.100,0.103,8.121
2056,alt,daenemarknah,71.067,70,1.213,1.000,1.213,0.070,0.072,5.684
2056,alt,daenemarknah,71.067,71,1.213,0.067,0.081,0.050,0.003,0.271
2056,alt,daenemarknah,71.067,72,1.213,0.000,0.000,0.040,0.000,0.000
2057,alt,status_quo_67,67.000,67,1.214,0.000,0.000,0.200,0.000,0.000
2057,alt,status_quo_67,67.000,68,1.214,0.000,0.000,0.140,0.000,0.000
2057,alt,status_quo_67,67.000,69,1.214,0.000,0.000,0.100,0.000,0.000
2057,alt,status_quo_67,67.000,70,1.214,0.000,0.000,0.070,0.000,0.000
2057,alt,status_quo_67,67.000,71,1.214,0.000,0.000,0.050,0.000,0.000
2057,alt,status_quo_67,67.000,72,1.214,0.000,0.000,0.040,0.000,0.000
2057,alt,lebenserwartung_gekoppelt_2zu1,70.200,67,1.214,1.000,1.214,0.200,0.206,16.674
2057,alt,lebenserwartung_gekoppelt_2zu1,70.200,68,1.214,1.000,1.214,0.140,0.145,11.672
2057,alt,lebenserwartung_gekoppelt_2zu1,70.200,69,1.214,1.000,1.214,0.100,0.103,8.337
2057,alt,lebenserwartung_gekoppelt_2zu1,70.200,70,1.214,0.200,0.243,0.070,0.014,1.167
2057,alt,lebenserwartung_gekoppelt_2zu1,70.200,71,1.214,0.000,0.000,0.050,0.000,0.000
2057,alt,lebenserwartung_gekoppelt_2zu1,70.200,72,1.214,0.000,0.000,0.040,0.000,0.000
2057,alt,daenemarknah,71.133,67,1.214,1.000,1.214,0.200,0.206,16.674
2057,alt,daenemarknah,71.133,68,1.214,1.000,1.214,0.140,0.145,11.672
2057,alt,daenemarknah,71.133,69,1.214,1.000,1.214,0.100,0.103,8.337
2057,alt,daenemarknah,71.133,70,1.214,1.000,1.214,0.070,0.072,5.836
2057,alt,daenemarknah,71.133,71,1.214,0.133,0.162,0.050,0.007,0.556
2057,alt,daenemarknah,71.133,72,1.214,0.000,0.000,0.040,0.000,0.000
2058,alt,status_quo_67,67.000,67,1.215,0.000,0.000,0.200,0.000,0.000
2058,alt,status_quo_67,67.000,68,1.215,0.000,0.000,0.140,0.000,0.000
2058,alt,status_quo_67,67.000,69,1.215,0.000,0.000,0.100,0.000,0.000
2058,alt,status_quo_67,67.000,70,1.215,0.000,0.000,0.070,0.000,0.000
2058,alt,status_quo_67,67.000,71,1.215,0.000,0.000,0.050,0.000,0.000
2058,alt,status_quo_67,67.000,72,1.215,0.000,0.000,0.040,0.000,0.000
2058,alt,lebenserwartung_gekoppelt_2zu1,70.300,67,1.215,1.000,1.215,0.200,0.207,17.119
2058,alt,lebenserwartung_gekoppelt_2zu1,70.300,68,1.215,1.000,1.215,0.140,0.145,11.983
2058,alt,lebenserwartung_gekoppelt_2zu1,70.300,69,1.215,1.000,1.215,0.100,0.103,8.560
2058,alt,lebenserwartung_gekoppelt_2zu1,70.300,70,1.215,0.300,0.365,0.070,0.022,1.797
2058,alt,lebenserwartung_gekoppelt_2zu1,70.300,71,1.215,0.000,0.000,0.050,0.000,0.000
2058,alt,lebenserwartung_gekoppelt_2zu1,70.300,72,1.215,0.000,0.000,0.040,0.000,0.000
2058,alt,daenemarknah,71.200,67,1.215,1.000,1.215,0.200,0.207,17.119
2058,alt,daenemarknah,71.200,68,1.215,1.000,1.215,0.140,0.145,11.983
2058,alt,daenemarknah,71.200,69,1.215,1.000,1.215,0.100,0.103,8.560
2058,alt,daenemarknah,71.200,70,1.215,1.000,1.215,0.070,0.072,5.992
2058,alt,daenemarknah,71.200,71,1.215,0.200,0.243,0.050,0.010,0.856
2058,alt,daenemarknah,71.200,72,1.215,0.000,0.000,0.040,0.000,0.000
2059,alt,status_quo_67,67.000,67,1.216,0.000,0.000,0.200,0.000,0.000
2059,alt,status_quo_67,67.000,68,1.216,0.000,0.000,0.140,0.000,0.000
2059,alt,status_quo_67,67.000,69,1.216,0.000,0.000,0.100,0.000,0.000
2059,alt,status_quo_67,67.000,70,1.216,0.000,0.000,0.070,0.000,0.000
2059,alt,status_quo_67,67.000,71,1.216,0.000,0.000,0.050,0.000,0.000
2059,alt,status_quo_67,67.000,72,1.216,0.000,0.000,0.040,0.000,0.000
2059,alt,lebenserwartung_gekoppelt_2zu1,70.400,67,1.216,1.000,1.216,0.200,0.207,17.576
2059,alt,lebenserwartung_gekoppelt_2zu1,70.400,68,1.216,1.000,1.216,0.140,0.145,12.303
2059,alt,lebenserwartung_gekoppelt_2zu1,70.400,69,1.216,1.000,1.216,0.100,0.103,8.788
2059,alt,lebenserwartung_gekoppelt_2zu1,70.400,70,1.216,0.400,0.486,0.070,0.029,2.461
2059,alt,lebenserwartung_gekoppelt_2zu1,70.400,71,1.216,0.000,0.000,0.050,0.000,0.000
2059,alt,lebenserwartung_gekoppelt_2zu1,70.400,72,1.216,0.000,0.000,0.040,0.000,0.000
2059,alt,daenemarknah,71.267,67,1.216,1.000,1.216,0.200,0.207,17.576
2059,alt,daenemarknah,71.267,68,1.216,1.000,1.216,0.140,0.145,12.303
2059,alt,daenemarknah,71.267,69,1.216,1.000,1.216,0.100,0.103,8.788
2059,alt,daenemarknah,71.267,70,1.216,1.000,1.216,0.070,0.072,6.151
2059,alt,daenemarknah,71.267,71,1.216,0.267,0.324,0.050,0.014,1.172
2059,alt,daenemarknah,71.267,72,1.216,0.000,0.000,0.040,0.000,0.000
2060,alt,status_quo_67,67.000,67,1.217,0.000,0.000,0.200,0.000,0.000
2060,alt,status_quo_67,67.000,68,1.217,0.000,0.000,0.140,0.000,0.000
2060,alt,status_quo_67,67.000,69,1.217,0.000,0.000,0.100,0.000,0.000
2060,alt,status_quo_67,67.000,70,1.217,0.000,0.000,0.070,0.000,0.000
2060,alt,status_quo_67,67.000,71,1.217,0.000,0.000,0.050,0.000,0.000
2060,alt,status_quo_67,67.000,72,1.217,0.000,0.000,0.040,0.000,0.000
2060,alt,lebenserwartung_gekoppelt_2zu1,70.500,67,1.217,1.000,1.217,0.200,0.207,18.044
2060,alt,lebenserwartung_gekoppelt_2zu1,70.500,68,1.217,1.000,1.217,0.140,0.145,12.631
2060,alt,lebenserwartung_gekoppelt_2zu1,70.500,69,1.217,1.000,1.217,0.100,0.103,9.022
2060,alt,lebenserwartung_gekoppelt_2zu1,70.500,70,1.217,0.500,0.608,0.070,0.036,3.158
2060,alt,lebenserwartung_gekoppelt_2zu1,70.500,71,1.217,0.000,0.000,0.050,0.000,0.000
2060,alt,lebenserwartung_gekoppelt_2zu1,70.500,72,1.217,0.000,0.000,0.040,0.000,0.000
2060,alt,daenemarknah,71.333,67,1.217,1.000,1.217,0.200,0.207,18.044
2060,alt,daenemarknah,71.333,68,1.217,1.000,1.217,0.140,0.145,12.631
2060,alt,daenemarknah,71.333,69,1.217,1.000,1.217,0.100,0.103,9.022
2060,alt,daenemarknah,71.333,70,1.217,1.000,1.217,0.070,0.072,6.316
2060,alt,daenemarknah,71.333,71,1.217,0.333,0.406,0.050,0.017,1.504
2060,alt,daenemarknah,71.333,72,1.217,0.000,0.000,0.040,0.000,0.000
2061,alt,status_quo_67,67.000,67,1.218,0.000,0.000,0.200,0.000,0.000
2061,alt,status_quo_67,67.000,68,1.218,0.000,0.000,0.140,0.000,0.000
2061,alt,status_quo_67,67.000,69,1.218,0.000,0.000,0.100,0.000,0.000
2061,alt,status_quo_67,67.000,70,1.218,0.000,0.000,0.070,0.000,0.000
2061,alt,status_quo_67,67.000,71,1.218,0.000,0.000,0.050,0.000,0.000
2061,alt,status_quo_67,67.000,72,1.218,0.000,0.000,0.040,0.000,0.000
2061,alt,lebenserwartung_gekoppelt_2zu1,70.600,67,1.218,1.000,1.218,0.200,0.207,18.526
2061,alt,lebenserwartung_gekoppelt_2zu1,70.600,68,1.218,1.000,1.218,0.140,0.145,12.968
2061,alt,lebenserwartung_gekoppelt_2zu1,70.600,69,1.218,1.000,1.218,0.100,0.104,9.263
2061,alt,lebenserwartung_gekoppelt_2zu1,70.600,70,1.218,0.600,0.731,0.070,0.043,3.890
2061,alt,lebenserwartung_gekoppelt_2zu1,70.600,71,1.218,0.000,0.000,0.050,0.000,0.000
2061,alt,lebenserwartung_gekoppelt_2zu1,70.600,72,1.218,0.000,0.000,0.040,0.000,0.000
2061,alt,daenemarknah,71.400,67,1.218,1.000,1.218,0.200,0.207,18.526
2061,alt,daenemarknah,71.400,68,1.218,1.000,1.218,0.140,0.145,12.968
2061,alt,daenemarknah,71.400,69,1.218,1.000,1.218,0.100,0.104,9.263
2061,alt,daenemarknah,71.400,70,1.218,1.000,1.218,0.070,0.072,6.484
2061,alt,daenemarknah,71.400,71,1.218,0.400,0.487,0.050,0.021,1.853
2061,alt,daenemarknah,71.400,72,1.218,0.000,0.000,0.040,0.000,0.000
2062,alt,status_quo_67,67.000,67,1.219,0.000,0.000,0.200,0.000,0.000
2062,alt,status_quo_67,67.000,68,1.219,0.000,0.000,0.140,0.000,0.000
2062,alt,status_quo_67,67.000,69,1.219,0.000,0.000,0.100,0.000,0.000
2062,alt,status_quo_67,67.000,70,1.219,0.000,0.000,0.070,0.000,0.000
2062,alt,status_quo_67,67.000,71,1.219,0.000,0.000,0.050,0.000,0.000
2062,alt,status_quo_67,67.000,72,1.219,0.000,0.000,0.040,0.000,0.000
2062,alt,lebenserwartung_gekoppelt_2zu1,70.700,67,1.219,1.000,1.219,0.200,0.207,19.020
2062,alt,lebenserwartung_gekoppelt_2zu1,70.700,68,1.219,1.000,1.219,0.140,0.145,13.314
2062,alt,lebenserwartung_gekoppelt_2zu1,70.700,69,1.219,1.000,1.219,0.100,0.104,9.510
2062,alt,lebenserwartung_gekoppelt_2zu1,70.700,70,1.219,0.700,0.853,0.070,0.051,4.660
2062,alt,lebenserwartung_gekoppelt_2zu1,70.700,71,1.219,0.000,0.000,0.050,0.000,0.000
2062,alt,lebenserwartung_gekoppelt_2zu1,70.700,72,1.219,0.000,0.000,0.040,0.000,0.000
2062,alt,daenemarknah,71.467,67,1.219,1.000,1.219,0.200,0.207,19.020
2062,alt,daenemarknah,71.467,68,1.219,1.000,1.219,0.140,0.145,13.314
2062,alt,daenemarknah,71.467,69,1.219,1.000,1.219,0.100,0.104,9.510
2062,alt,daenemarknah,71.467,70,1.219,1.000,1.219,0.070,0.073,6.657
2062,alt,daenemarknah,71.467,71,1.219,0.467,0.569,0.050,0.024,2.219
2062,alt,daenemarknah,71.467,72,1.219,0.000,0.000,0.040,0.000,0.000
2063,alt,status_quo_67,67.000,67,1.220,0.000,0.000,0.200,0.000,0.000
2063,alt,status_quo_67,67.000,68,1.220,0.000,0.000,0.140,0.000,0.000
2063,alt,status_quo_67,67.000,69,1.220,0.000,0.000,0.100,0.000,0.000
2063,alt,status_quo_67,67.000,70,1.220,0.000,0.000,0.070,0.000,0.000
2063,alt,status_quo_67,67.000,71,1.220,0.000,0.000,0.050,0.000,0.000
2063,alt,status_quo_67,67.000,72,1.220,0.000,0.000,0.040,0.000,0.000
2063,alt,lebenserwartung_gekoppelt_2zu1,70.800,67,1.220,1.000,1.220,0.200,0.207,19.527
2063,alt,lebenserwartung_gekoppelt_2zu1,70.800,68,1.220,1.000,1.220,0.140,0.145,13.669
2063,alt,lebenserwartung_gekoppelt_2zu1,70.800,69,1.220,1.000,1.220,0.100,0.104,9.763
2063,alt,lebenserwartung_gekoppelt_2zu1,70.800,70,1.220,0.800,0.976,0.070,0.058,5.468
2063,alt,lebenserwartung_gekoppelt_2zu1,70.800,71,1.220,0.000,0.000,0.050,0.000,0.000
2063,alt,lebenserwartung_gekoppelt_2zu1,70.800,72,1.220,0.000,0.000,0.040,0.000,0.000
2063,alt,daenemarknah,71.533,67,1.220,1.000,1.220,0.200,0.207,19.527
2063,alt,daenemarknah,71.533,68,1.220,1.000,1.220,0.140,0.145,13.669
2063,alt,daenemarknah,71.533,69,1.220,1.000,1.220,0.100,0.104,9.763
2063,alt,daenemarknah,71.533,70,1.220,1.000,1.220,0.070,0.073,6.834
2063,alt,daenemarknah,71.533,71,1.220,0.533,0.650,0.050,0.028,2.604
2063,alt,daenemarknah,71.533,72,1.220,0.000,0.000,0.040,0.000,0.000
2064,alt,status_quo_67,67.000,67,1.220,0.000,0.000,0.200,0.000,0.000
2064,alt,status_quo_67,67.000,68,1.220,0.000,0.000,0.140,0.000,0.000
2064,alt,status_quo_67,67.000,69,1.220,0.000,0.000,0.100,0.000,0.000
2064,alt,status_quo_67,67.000,70,1.220,0.000,0.000,0.070,0.000,0.000
2064,alt,status_quo_67,67.000,71,1.220,0.000,0.000,0.050,0.000,0.000
2064,alt,status_quo_67,67.000,72,1.220,0.000,0.000,0.040,0.000,0.000
2064,alt,lebenserwartung_gekoppelt_2zu1,70.900,67,1.220,1.000,1.220,0.200,0.207,20.048
2064,alt,lebenserwartung_gekoppelt_2zu1,70.900,68,1.220,1.000,1.220,0.140,0.145,14.033
2064,alt,lebenserwartung_gekoppelt_2zu1,70.900,69,1.220,1.000,1.220,0.100,0.104,10.024
2064,alt,lebenserwartung_gekoppelt_2zu1,70.900,70,1.220,0.900,1.098,0.070,0.065,6.315
2064,alt,lebenserwartung_gekoppelt_2zu1,70.900,71,1.220,0.000,0.000,0.050,0.000,0.000
2064,alt,lebenserwartung_gekoppelt_2zu1,70.900,72,1.220,0.000,0.000,0.040,0.000,0.000
2064,alt,daenemarknah,71.600,67,1.220,1.000,1.220,0.200,0.207,20.048
2064,alt,daenemarknah,71.600,68,1.220,1.000,1.220,0.140,0.145,14.033
2064,alt,daenemarknah,71.600,69,1.220,1.000,1.220,0.100,0.104,10.024
2064,alt,daenemarknah,71.600,70,1.220,1.000,1.220,0.070,0.073,7.017
2064,alt,daenemarknah,71.600,71,1.220,0.600,0.732,0.050,0.031,3.007
2064,alt,daenemarknah,71.600,72,1.220,0.000,0.000,0.040,0.000,0.000
2065,alt,status_quo_67,67.000,67,1.221,0.000,0.000,0.200,0.000,0.000
2065,alt,status_quo_67,67.000,68,1.221,0.000,0.000,0.140,0.000,0.000
2065,alt,status_quo_67,67.000,69,1.221,0.000,0.000,0.100,0.000,0.000
2065,alt,status_quo_67,67.000,70,1.221,0.000,0.000,0.070,0.000,0.000
2065,alt,status_quo_67,67.000,71,1.221,0.000,0.000,0.050,0.000,0.000
2065,alt,status_quo_67,67.000,72,1.221,0.000,0.000,0.040,0.000,0.000
2065,alt,lebenserwartung_gekoppelt_2zu1,71.000,67,1.221,1.000,1.221,0.200,0.208,20.582
2065,alt,lebenserwartung_gekoppelt_2zu1,71.000,68,1.221,1.000,1.221,0.140,0.145,14.407
2065,alt,lebenserwartung_gekoppelt_2zu1,71.000,69,1.221,1.000,1.221,0.100,0.104,10.291
2065,alt,lebenserwartung_gekoppelt_2zu1,71.000,70,1.221,1.000,1.221,0.070,0.073,7.204
2065,alt,lebenserwartung_gekoppelt_2zu1,71.000,71,1.221,0.000,0.000,0.050,0.000,0.000
2065,alt,lebenserwartung_gekoppelt_2zu1,71.000,72,1.221,0.000,0.000,0.040,0.000,0.000
2065,alt,daenemarknah,71.667,67,1.221,1.000,1.221,0.200,0.208,20.582
2065,alt,daenemarknah,71.667,68,1.221,1.000,1.221,0.140,0.145,14.407
2065,alt,daenemarknah,71.667,69,1.221,1.000,1.221,0.100,0.104,10.291
2065,alt,daenemarknah,71.667,70,1.221,1.000,1.221,0.070,0.073,7.204
2065,alt,daenemarknah,71.667,71,1.221,0.667,0.814,0.050,0.035,3.430
2065,alt,daenemarknah,71.667,72,1.221,0.000,0.000,0.040,0.000,0.000
2066,alt,status_quo_67,67.000,67,1.222,0.000,0.000,0.200,0.000,0.000
2066,alt,status_quo_67,67.000,68,1.222,0.000,0.000,0.140,0.000,0.000
2066,alt,status_quo_67,67.000,69,1.222,0.000,0.000,0.100,0.000,0.000
2066,alt,status_quo_67,67.000,70,1.222,0.000,0.000,0.070,0.000,0.000
2066,alt,status_quo_67,67.000,71,1.222,0.000,0.000,0.050,0.000,0.000
2066,alt,status_quo_67,67.000,72,1.222,0.000,0.000,0.040,0.000,0.000
2066,alt,lebenserwartung_gekoppelt_2zu1,71.100,67,1.222,1.000,1.222,0.200,0.208,21.131
2066,alt,lebenserwartung_gekoppelt_2zu1,71.100,68,1.222,1.000,1.222,0.140,0.145,14.792
2066,alt,lebenserwartung_gekoppelt_2zu1,71.100,69,1.222,1.000,1.222,0.100,0.104,10.565
2066,alt,lebenserwartung_gekoppelt_2zu1,71.100,70,1.222,1.000,1.222,0.070,0.073,7.396
2066,alt,lebenserwartung_gekoppelt_2zu1,71.100,71,1.222,0.100,0.122,0.050,0.005,0.528
2066,alt,lebenserwartung_gekoppelt_2zu1,71.100,72,1.222,0.000,0.000,0.040,0.000,0.000
2066,alt,daenemarknah,71.733,67,1.222,1.000,1.222,0.200,0.208,21.131
2066,alt,daenemarknah,71.733,68,1.222,1.000,1.222,0.140,0.145,14.792
2066,alt,daenemarknah,71.733,69,1.222,1.000,1.222,0.100,0.104,10.565
2066,alt,daenemarknah,71.733,70,1.222,1.000,1.222,0.070,0.073,7.396
2066,alt,daenemarknah,71.733,71,1.222,0.733,0.896,0.050,0.038,3.874
2066,alt,daenemarknah,71.733,72,1.222,0.000,0.000,0.040,0.000,0.000
2067,alt,status_quo_67,67.000,67,1.223,0.000,0.000,0.200,0.000,0.000
2067,alt,status_quo_67,67.000,68,1.223,0.000,0.000,0.140,0.000,0.000
2067,alt,status_quo_67,67.000,69,1.223,0.000,0.000,0.100,0.000,0.000
2067,alt,status_quo_67,67.000,70,1.223,0.000,0.000,0.070,0.000,0.000
2067,alt,status_quo_67,67.000,71,1.223,0.000,0.000,0.050,0.000,0.000
2067,alt,status_quo_67,67.000,72,1.223,0.000,0.000,0.040,0.000,0.000
2067,alt,lebenserwartung_gekoppelt_2zu1,71.200,67,1.223,1.000,1.223,0.200,0.208,21.694
2067,alt,lebenserwartung_gekoppelt_2zu1,71.200,68,1.223,1.000,1.223,0.140,0.146,15.186
2067,alt,lebenserwartung_gekoppelt_2zu1,71.200,69,1.223,1.000,1.223,0.100,0.104,10.847
2067,alt,lebenserwartung_gekoppelt_2zu1,71.200,70,1.223,1.000,1.223,0.070,0.073,7.593
2067,alt,lebenserwartung_gekoppelt_2zu1,71.200,71,1.223,0.200,0.245,0.050,0.010,1.085
2067,alt,lebenserwartung_gekoppelt_2zu1,71.200,72,1.223,0.000,0.000,0.040,0.000,0.000
2067,alt,daenemarknah,71.800,67,1.223,1.000,1.223,0.200,0.208,21.694
2067,alt,daenemarknah,71.800,68,1.223,1.000,1.223,0.140,0.146,15.186
2067,alt,daenemarknah,71.800,69,1.223,1.000,1.223,0.100,0.104,10.847
2067,alt,daenemarknah,71.800,70,1.223,1.000,1.223,0.070,0.073,7.593
2067,alt,daenemarknah,71.800,71,1.223,0.800,0.978,0.050,0.042,4.339
2067,alt,daenemarknah,71.800,72,1.223,0.000,0.000,0.040,0.000,0.000
2068,alt,status_quo_67,67.000,67,1.224,0.000,0.000,0.200,0.000,0.000
2068,alt,status_quo_67,67.000,68,1.224,0.000,0.000,0.140,0.000,0.000
2068,alt,status_quo_67,67.000,69,1.224,0.000,0.000,0.100,0.000,0.000
2068,alt,status_quo_67,67.000,70,1.224,0.000,0.000,0.070,0.000,0.000
2068,alt,status_quo_67,67.000,71,1.224,0.000,0.000,0.050,0.000,0.000
2068,alt,status_quo_67,67.000,72,1.224,0.000,0.000,0.040,0.000,0.000
2068,alt,lebenserwartung_gekoppelt_2zu1,71.300,67,1.224,1.000,1.224,0.200,0.208,22.273
2068,alt,lebenserwartung_gekoppelt_2zu1,71.300,68,1.224,1.000,1.224,0.140,0.146,15.591
2068,alt,lebenserwartung_gekoppelt_2zu1,71.300,69,1.224,1.000,1.224,0.100,0.104,11.136
2068,alt,lebenserwartung_gekoppelt_2zu1,71.300,70,1.224,1.000,1.224,0.070,0.073,7.795
2068,alt,lebenserwartung_gekoppelt_2zu1,71.300,71,1.224,0.300,0.367,0.050,0.016,1.670
2068,alt,lebenserwartung_gekoppelt_2zu1,71.300,72,1.224,0.000,0.000,0.040,0.000,0.000
2068,alt,daenemarknah,71.867,67,1.224,1.000,1.224,0.200,0.208,22.273
2068,alt,daenemarknah,71.867,68,1.224,1.000,1.224,0.140,0.146,15.591
2068,alt,daenemarknah,71.867,69,1.224,1.000,1.224,0.100,0.104,11.136
2068,alt,daenemarknah,71.867,70,1.224,1.000,1.224,0.070,0.073,7.795
2068,alt,daenemarknah,71.867,71,1.224,0.867,1.061,0.050,0.045,4.826
2068,alt,daenemarknah,71.867,72,1.224,0.000,0.000,0.040,0.000,0.000
2069,alt,status_quo_67,67.000,67,1.225,0.000,0.000,0.200,0.000,0.000
2069,alt,status_quo_67,67.000,68,1.225,0.000,0.000,0.140,0.000,0.000
2069,alt,status_quo_67,67.000,69,1.225,0.000,0.000,0.100,0.000,0.000
2069,alt,status_quo_67,67.000,70,1.225,0.000,0.000,0.070,0.000,0.000
2069,alt,status_quo_67,67.000,71,1.225,0.000,0.000,0.050,0.000,0.000
2069,alt,status_quo_67,67.000,72,1.225,0.000,0.000,0.040,0.000,0.000
2069,alt,lebenserwartung_gekoppelt_2zu1,71.400,67,1.225,1.000,1.225,0.200,0.208,22.866
2069,alt,lebenserwartung_gekoppelt_2zu1,71.400,68,1.225,1.000,1.225,0.140,0.146,16.006
2069,alt,lebenserwartung_gekoppelt_2zu1,71.400,69,1.225,1.000,1.225,0.100,0.104,11.433
2069,alt,lebenserwartung_gekoppelt_2zu1,71.400,70,1.225,1.000,1.225,0.070,0.073,8.003
2069,alt,lebenserwartung_gekoppelt_2zu1,71.400,71,1.225,0.400,0.490,0.050,0.021,2.287
2069,alt,lebenserwartung_gekoppelt_2zu1,71.400,72,1.225,0.000,0.000,0.040,0.000,0.000
2069,alt,daenemarknah,71.933,67,1.225,1.000,1.225,0.200,0.208,22.866
2069,alt,daenemarknah,71.933,68,1.225,1.000,1.225,0.140,0.146,16.006
2069,alt,daenemarknah,71.933,69,1.225,1.000,1.225,0.100,0.104,11.433
2069,alt,daenemarknah,71.933,70,1.225,1.000,1.225,0.070,0.073,8.003
2069,alt,daenemarknah,71.933,71,1.225,0.933,1.143,0.050,0.049,5.335
2069,alt,daenemarknah,71.933,72,1.225,0.000,0.000,0.040,0.000,0.000
2070,alt,status_quo_67,67.000,67,1.226,0.000,0.000,0.200,0.000,0.000
2070,alt,status_quo_67,67.000,68,1.226,0.000,0.000,0.140,0.000,0.000
2070,alt,status_quo_67,67.000,69,1.226,0.000,0.000,0.100,0.000,0.000
2070,alt,status_quo_67,67.000,70,1.226,0.000,0.000,0.070,0.000,0.000
2070,alt,status_quo_67,67.000,71,1.226,0.000,0.000,0.050,0.000,0.000
2070,alt,status_quo_67,67.000,72,1.226,0.000,0.000,0.040,0.000,0.000
2070,alt,lebenserwartung_gekoppelt_2zu1,71.500,67,1.226,1.000,1.226,0.200,0.208,23.476
2070,alt,lebenserwartung_gekoppelt_2zu1,71.500,68,1.226,1.000,1.226,0.140,0.146,16.433
2070,alt,lebenserwartung_gekoppelt_2zu1,71.500,69,1.226,1.000,1.226,0.100,0.104,11.738
2070,alt,lebenserwartung_gekoppelt_2zu1,71.500,70,1.226,1.000,1.226,0.070,0.073,8.217
2070,alt,lebenserwartung_gekoppelt_2zu1,71.500,71,1.226,0.500,0.613,0.050,0.026,2.934
2070,alt,lebenserwartung_gekoppelt_2zu1,71.500,72,1.226,0.000,0.000,0.040,0.000,0.000
2070,alt,daenemarknah,72.000,67,1.226,1.000,1.226,0.200,0.208,23.476
2070,alt,daenemarknah,72.000,68,1.226,1.000,1.226,0.140,0.146,16.433
2070,alt,daenemarknah,72.000,69,1.226,1.000,1.226,0.100,0.104,11.738
2070,alt,daenemarknah,72.000,70,1.226,1.000,1.226,0.070,0.073,8.217
2070,alt,daenemarknah,72.000,71,1.226,1.000,1.226,0.050,0.052,5.869
2070,alt,daenemarknah,72.000,72,1.226,0.000,0.000,0.040,0.000,0.000
